Generate Value table for a takum_log<6,3> in TXT format
   #         Binary  sign   dir  regime    char       l                         value
   0:   0b0.0.000.0.     0     0       0       0       0                             0
   1:   0b0.0.000.1.     0     0       0    -191    -191                   3.34871e-42
   2:   0b0.0.001.0.     0     0       1    -127    -127                   2.64424e-28
   3:   0b0.0.001.1.     0     0       1     -95     -95                    2.3497e-21
   4:   0b0.0.010.0.     0     0       2     -63     -63                   2.08797e-14
   5:   0b0.0.010.1.     0     0       2     -47     -47                   6.22414e-11
   6:   0b0.0.011.0.     0     0       3     -31     -31                   1.85539e-07
   7:   0b0.0.011.1.     0     0       3     -23     -23                   1.01301e-05
   8:   0b0.0.100.0.     0     0       4     -15     -15                   0.000553084
   9:   0b0.0.100.1.     0     0       4     -11     -11                    0.00408677
  10:   0b0.0.101.0.     0     0       5      -7      -7                     0.0301974
  11:   0b0.0.101.1.     0     0       5      -5      -5                      0.082085
  12:   0b0.0.110.0.     0     0       6      -3      -3                       0.22313
  13:   0b0.0.110.1.     0     0       6      -2      -2                      0.367879
  14:   0b0.0.111..0     0     0       7      -1      -1                      0.606531
  15:   0b0.0.111..1     0     0       7      -1    -0.5                      0.778801
  16:   0b0.1.000..0     0     1       0       0       0                             1
  17:   0b0.1.000..1     0     1       0       0     0.5                       1.28403
  18:   0b0.1.001.0.     0     1       1       1       1                       1.64872
  19:   0b0.1.001.1.     0     1       1       2       2                       2.71828
  20:   0b0.1.010.0.     0     1       2       3       3                       4.48169
  21:   0b0.1.010.1.     0     1       2       5       5                       12.1825
  22:   0b0.1.011.0.     0     1       3       7       7                       33.1155
  23:   0b0.1.011.1.     0     1       3      11      11                       244.692
  24:   0b0.1.100.0.     0     1       4      15      15                       1808.04
  25:   0b0.1.100.1.     0     1       4      23      23                       98715.8
  26:   0b0.1.101.0.     0     1       5      31      31                    5.3897e+06
  27:   0b0.1.101.1.     0     1       5      47      47                   1.60665e+10
  28:   0b0.1.110.0.     0     1       6      63      63                   4.78935e+13
  29:   0b0.1.110.1.     0     1       6      95      95                   4.25587e+20
  30:   0b0.1.111.0.     0     1       7     127     127                   3.78181e+27
  31:   0b0.1.111.1.     0     1       7     191     191                   2.98623e+41
  32:   0b1.0.000.0.     1                                                         NaR
  33:   0b1.1.111.1.     1     1       7     191     191                  -2.98623e+41
  34:   0b1.1.111.0.     1     1       7     127     127                  -3.78181e+27
  35:   0b1.1.110.1.     1     1       6      95      95                  -4.25587e+20
  36:   0b1.1.110.0.     1     1       6      63      63                  -4.78935e+13
  37:   0b1.1.101.1.     1     1       5      47      47                  -1.60665e+10
  38:   0b1.1.101.0.     1     1       5      31      31                   -5.3897e+06
  39:   0b1.1.100.1.     1     1       4      23      23                      -98715.8
  40:   0b1.1.100.0.     1     1       4      15      15                      -1808.04
  41:   0b1.1.011.1.     1     1       3      11      11                      -244.692
  42:   0b1.1.011.0.     1     1       3       7       7                      -33.1155
  43:   0b1.1.010.1.     1     1       2       5       5                      -12.1825
  44:   0b1.1.010.0.     1     1       2       3       3                      -4.48169
  45:   0b1.1.001.1.     1     1       1       2       2                      -2.71828
  46:   0b1.1.001.0.     1     1       1       1       1                      -1.64872
  47:   0b1.1.000..1     1     1       0       0     0.5                      -1.28403
  48:   0b1.1.000..0     1     1       0       0       0                            -1
  49:   0b1.0.111..1     1     0       7      -1    -0.5                     -0.778801
  50:   0b1.0.111..0     1     0       7      -1      -1                     -0.606531
  51:   0b1.0.110.1.     1     0       6      -2      -2                     -0.367879
  52:   0b1.0.110.0.     1     0       6      -3      -3                      -0.22313
  53:   0b1.0.101.1.     1     0       5      -5      -5                     -0.082085
  54:   0b1.0.101.0.     1     0       5      -7      -7                    -0.0301974
  55:   0b1.0.100.1.     1     0       4     -11     -11                   -0.00408677
  56:   0b1.0.100.0.     1     0       4     -15     -15                  -0.000553084
  57:   0b1.0.011.1.     1     0       3     -23     -23                  -1.01301e-05
  58:   0b1.0.011.0.     1     0       3     -31     -31                  -1.85539e-07
  59:   0b1.0.010.1.     1     0       2     -47     -47                  -6.22414e-11
  60:   0b1.0.010.0.     1     0       2     -63     -63                  -2.08797e-14
  61:   0b1.0.001.1.     1     0       1     -95     -95                   -2.3497e-21
  62:   0b1.0.001.0.     1     0       1    -127    -127                  -2.64424e-28
  63:   0b1.0.000.1.     1     0       0    -191    -191                  -3.34871e-42
Generate Value table for a takum_log<7,3> in TXT format
   #          Binary  sign   dir  regime    char       l                         value
   0:   0b0.0.000.00.     0     0       0       0       0                             0
   1:   0b0.0.000.01.     0     0       0    -223    -223                   3.76847e-49
   2:   0b0.0.000.10.     0     0       0    -191    -191                   3.34871e-42
   3:   0b0.0.000.11.     0     0       0    -159    -159                    2.9757e-35
   4:   0b0.0.001.00.     0     0       1    -127    -127                   2.64424e-28
   5:   0b0.0.001.01.     0     0       1    -111    -111                   7.88236e-25
   6:   0b0.0.001.10.     0     0       1     -95     -95                    2.3497e-21
   7:   0b0.0.001.11.     0     0       1     -79     -79                   7.00435e-18
   8:   0b0.0.010.00.     0     0       2     -63     -63                   2.08797e-14
   9:   0b0.0.010.01.     0     0       2     -55     -55                   1.13999e-12
  10:   0b0.0.010.10.     0     0       2     -47     -47                   6.22414e-11
  11:   0b0.0.010.11.     0     0       2     -39     -39                   3.39827e-09
  12:   0b0.0.011.00.     0     0       3     -31     -31                   1.85539e-07
  13:   0b0.0.011.01.     0     0       3     -27     -27                   1.37096e-06
  14:   0b0.0.011.10.     0     0       3     -23     -23                   1.01301e-05
  15:   0b0.0.011.11.     0     0       3     -19     -19                   7.48518e-05
  16:   0b0.0.100.00.     0     0       4     -15     -15                   0.000553084
  17:   0b0.0.100.01.     0     0       4     -13     -13                    0.00150344
  18:   0b0.0.100.10.     0     0       4     -11     -11                    0.00408677
  19:   0b0.0.100.11.     0     0       4      -9      -9                      0.011109
  20:   0b0.0.101.00.     0     0       5      -7      -7                     0.0301974
  21:   0b0.0.101.01.     0     0       5      -6      -6                     0.0497871
  22:   0b0.0.101.10.     0     0       5      -5      -5                      0.082085
  23:   0b0.0.101.11.     0     0       5      -4      -4                      0.135335
  24:   0b0.0.110.0.0     0     0       6      -3      -3                       0.22313
  25:   0b0.0.110.0.1     0     0       6      -3    -2.5                      0.286505
  26:   0b0.0.110.1.0     0     0       6      -2      -2                      0.367879
  27:   0b0.0.110.1.1     0     0       6      -2    -1.5                      0.472367
  28:   0b0.0.111..00     0     0       7      -1      -1                      0.606531
  29:   0b0.0.111..01     0     0       7      -1   -0.75                      0.687289
  30:   0b0.0.111..10     0     0       7      -1    -0.5                      0.778801
  31:   0b0.0.111..11     0     0       7      -1   -0.25                      0.882497
  32:   0b0.1.000..00     0     1       0       0       0                             1
  33:   0b0.1.000..01     0     1       0       0    0.25                       1.13315
  34:   0b0.1.000..10     0     1       0       0     0.5                       1.28403
  35:   0b0.1.000..11     0     1       0       0    0.75                       1.45499
  36:   0b0.1.001.0.0     0     1       1       1       1                       1.64872
  37:   0b0.1.001.0.1     0     1       1       1     1.5                         2.117
  38:   0b0.1.001.1.0     0     1       1       2       2                       2.71828
  39:   0b0.1.001.1.1     0     1       1       2     2.5                       3.49034
  40:   0b0.1.010.00.     0     1       2       3       3                       4.48169
  41:   0b0.1.010.01.     0     1       2       4       4                       7.38906
  42:   0b0.1.010.10.     0     1       2       5       5                       12.1825
  43:   0b0.1.010.11.     0     1       2       6       6                       20.0855
  44:   0b0.1.011.00.     0     1       3       7       7                       33.1155
  45:   0b0.1.011.01.     0     1       3       9       9                       90.0171
  46:   0b0.1.011.10.     0     1       3      11      11                       244.692
  47:   0b0.1.011.11.     0     1       3      13      13                       665.142
  48:   0b0.1.100.00.     0     1       4      15      15                       1808.04
  49:   0b0.1.100.01.     0     1       4      19      19                       13359.7
  50:   0b0.1.100.10.     0     1       4      23      23                       98715.8
  51:   0b0.1.100.11.     0     1       4      27      27                        729416
  52:   0b0.1.101.00.     0     1       5      31      31                    5.3897e+06
  53:   0b0.1.101.01.     0     1       5      39      39                   2.94268e+08
  54:   0b0.1.101.10.     0     1       5      47      47                   1.60665e+10
  55:   0b0.1.101.11.     0     1       5      55      55                   8.77199e+11
  56:   0b0.1.110.00.     0     1       6      63      63                   4.78935e+13
  57:   0b0.1.110.01.     0     1       6      79      79                   1.42768e+17
  58:   0b0.1.110.10.     0     1       6      95      95                   4.25587e+20
  59:   0b0.1.110.11.     0     1       6     111     111                   1.26866e+24
  60:   0b0.1.111.00.     0     1       7     127     127                   3.78181e+27
  61:   0b0.1.111.01.     0     1       7     159     159                   3.36056e+34
  62:   0b0.1.111.10.     0     1       7     191     191                   2.98623e+41
  63:   0b0.1.111.11.     0     1       7     223     223                    2.6536e+48
  64:   0b1.0.000.00.     1                                                         NaR
  65:   0b1.1.111.11.     1     1       7     223     223                   -2.6536e+48
  66:   0b1.1.111.10.     1     1       7     191     191                  -2.98623e+41
  67:   0b1.1.111.01.     1     1       7     159     159                  -3.36056e+34
  68:   0b1.1.111.00.     1     1       7     127     127                  -3.78181e+27
  69:   0b1.1.110.11.     1     1       6     111     111                  -1.26866e+24
  70:   0b1.1.110.10.     1     1       6      95      95                  -4.25587e+20
  71:   0b1.1.110.01.     1     1       6      79      79                  -1.42768e+17
  72:   0b1.1.110.00.     1     1       6      63      63                  -4.78935e+13
  73:   0b1.1.101.11.     1     1       5      55      55                  -8.77199e+11
  74:   0b1.1.101.10.     1     1       5      47      47                  -1.60665e+10
  75:   0b1.1.101.01.     1     1       5      39      39                  -2.94268e+08
  76:   0b1.1.101.00.     1     1       5      31      31                   -5.3897e+06
  77:   0b1.1.100.11.     1     1       4      27      27                       -729416
  78:   0b1.1.100.10.     1     1       4      23      23                      -98715.8
  79:   0b1.1.100.01.     1     1       4      19      19                      -13359.7
  80:   0b1.1.100.00.     1     1       4      15      15                      -1808.04
  81:   0b1.1.011.11.     1     1       3      13      13                      -665.142
  82:   0b1.1.011.10.     1     1       3      11      11                      -244.692
  83:   0b1.1.011.01.     1     1       3       9       9                      -90.0171
  84:   0b1.1.011.00.     1     1       3       7       7                      -33.1155
  85:   0b1.1.010.11.     1     1       2       6       6                      -20.0855
  86:   0b1.1.010.10.     1     1       2       5       5                      -12.1825
  87:   0b1.1.010.01.     1     1       2       4       4                      -7.38906
  88:   0b1.1.010.00.     1     1       2       3       3                      -4.48169
  89:   0b1.1.001.1.1     1     1       1       2     2.5                      -3.49034
  90:   0b1.1.001.1.0     1     1       1       2       2                      -2.71828
  91:   0b1.1.001.0.1     1     1       1       1     1.5                        -2.117
  92:   0b1.1.001.0.0     1     1       1       1       1                      -1.64872
  93:   0b1.1.000..11     1     1       0       0    0.75                      -1.45499
  94:   0b1.1.000..10     1     1       0       0     0.5                      -1.28403
  95:   0b1.1.000..01     1     1       0       0    0.25                      -1.13315
  96:   0b1.1.000..00     1     1       0       0       0                            -1
  97:   0b1.0.111..11     1     0       7      -1   -0.25                     -0.882497
  98:   0b1.0.111..10     1     0       7      -1    -0.5                     -0.778801
  99:   0b1.0.111..01     1     0       7      -1   -0.75                     -0.687289
 100:   0b1.0.111..00     1     0       7      -1      -1                     -0.606531
 101:   0b1.0.110.1.1     1     0       6      -2    -1.5                     -0.472367
 102:   0b1.0.110.1.0     1     0       6      -2      -2                     -0.367879
 103:   0b1.0.110.0.1     1     0       6      -3    -2.5                     -0.286505
 104:   0b1.0.110.0.0     1     0       6      -3      -3                      -0.22313
 105:   0b1.0.101.11.     1     0       5      -4      -4                     -0.135335
 106:   0b1.0.101.10.     1     0       5      -5      -5                     -0.082085
 107:   0b1.0.101.01.     1     0       5      -6      -6                    -0.0497871
 108:   0b1.0.101.00.     1     0       5      -7      -7                    -0.0301974
 109:   0b1.0.100.11.     1     0       4      -9      -9                     -0.011109
 110:   0b1.0.100.10.     1     0       4     -11     -11                   -0.00408677
 111:   0b1.0.100.01.     1     0       4     -13     -13                   -0.00150344
 112:   0b1.0.100.00.     1     0       4     -15     -15                  -0.000553084
 113:   0b1.0.011.11.     1     0       3     -19     -19                  -7.48518e-05
 114:   0b1.0.011.10.     1     0       3     -23     -23                  -1.01301e-05
 115:   0b1.0.011.01.     1     0       3     -27     -27                  -1.37096e-06
 116:   0b1.0.011.00.     1     0       3     -31     -31                  -1.85539e-07
 117:   0b1.0.010.11.     1     0       2     -39     -39                  -3.39827e-09
 118:   0b1.0.010.10.     1     0       2     -47     -47                  -6.22414e-11
 119:   0b1.0.010.01.     1     0       2     -55     -55                  -1.13999e-12
 120:   0b1.0.010.00.     1     0       2     -63     -63                  -2.08797e-14
 121:   0b1.0.001.11.     1     0       1     -79     -79                  -7.00435e-18
 122:   0b1.0.001.10.     1     0       1     -95     -95                   -2.3497e-21
 123:   0b1.0.001.01.     1     0       1    -111    -111                  -7.88236e-25
 124:   0b1.0.001.00.     1     0       1    -127    -127                  -2.64424e-28
 125:   0b1.0.000.11.     1     0       0    -159    -159                   -2.9757e-35
 126:   0b1.0.000.10.     1     0       0    -191    -191                  -3.34871e-42
 127:   0b1.0.000.01.     1     0       0    -223    -223                  -3.76847e-49
Generate Value table for a takum_log<8,3> in TXT format
   #           Binary  sign   dir  regime    char       l                         value
   0:   0b0.0.000.000.     0     0       0       0       0                             0
   1:   0b0.0.000.001.     0     0       0    -239    -239                   1.26418e-52
   2:   0b0.0.000.010.     0     0       0    -223    -223                   3.76847e-49
   3:   0b0.0.000.011.     0     0       0    -207    -207                   1.12337e-45
   4:   0b0.0.000.100.     0     0       0    -191    -191                   3.34871e-42
   5:   0b0.0.000.101.     0     0       0    -175    -175                   9.98235e-39
   6:   0b0.0.000.110.     0     0       0    -159    -159                    2.9757e-35
   7:   0b0.0.000.111.     0     0       0    -143    -143                   8.87043e-32
   8:   0b0.0.001.000.     0     0       1    -127    -127                   2.64424e-28
   9:   0b0.0.001.001.     0     0       1    -119    -119                    1.4437e-26
  10:   0b0.0.001.010.     0     0       1    -111    -111                   7.88236e-25
  11:   0b0.0.001.011.     0     0       1    -103    -103                   4.30362e-23
  12:   0b0.0.001.100.     0     0       1     -95     -95                    2.3497e-21
  13:   0b0.0.001.101.     0     0       1     -87     -87                   1.28289e-19
  14:   0b0.0.001.110.     0     0       1     -79     -79                   7.00435e-18
  15:   0b0.0.001.111.     0     0       1     -71     -71                   3.82425e-16
  16:   0b0.0.010.000.     0     0       2     -63     -63                   2.08797e-14
  17:   0b0.0.010.001.     0     0       2     -59     -59                   1.54281e-13
  18:   0b0.0.010.010.     0     0       2     -55     -55                   1.13999e-12
  19:   0b0.0.010.011.     0     0       2     -51     -51                   8.42346e-12
  20:   0b0.0.010.100.     0     0       2     -47     -47                   6.22414e-11
  21:   0b0.0.010.101.     0     0       2     -43     -43                   4.59906e-10
  22:   0b0.0.010.110.     0     0       2     -39     -39                   3.39827e-09
  23:   0b0.0.010.111.     0     0       2     -35     -35                     2.511e-08
  24:   0b0.0.011.000.     0     0       3     -31     -31                   1.85539e-07
  25:   0b0.0.011.001.     0     0       3     -29     -29                   5.04348e-07
  26:   0b0.0.011.010.     0     0       3     -27     -27                   1.37096e-06
  27:   0b0.0.011.011.     0     0       3     -25     -25                   3.72665e-06
  28:   0b0.0.011.100.     0     0       3     -23     -23                   1.01301e-05
  29:   0b0.0.011.101.     0     0       3     -21     -21                   2.75364e-05
  30:   0b0.0.011.110.     0     0       3     -19     -19                   7.48518e-05
  31:   0b0.0.011.111.     0     0       3     -17     -17                   0.000203468
  32:   0b0.0.100.000.     0     0       4     -15     -15                   0.000553084
  33:   0b0.0.100.001.     0     0       4     -14     -14                   0.000911882
  34:   0b0.0.100.010.     0     0       4     -13     -13                    0.00150344
  35:   0b0.0.100.011.     0     0       4     -12     -12                    0.00247875
  36:   0b0.0.100.100.     0     0       4     -11     -11                    0.00408677
  37:   0b0.0.100.101.     0     0       4     -10     -10                    0.00673795
  38:   0b0.0.100.110.     0     0       4      -9      -9                      0.011109
  39:   0b0.0.100.111.     0     0       4      -8      -8                     0.0183156
  40:   0b0.0.101.00.0     0     0       5      -7      -7                     0.0301974
  41:   0b0.0.101.00.1     0     0       5      -7    -6.5                     0.0387742
  42:   0b0.0.101.01.0     0     0       5      -6      -6                     0.0497871
  43:   0b0.0.101.01.1     0     0       5      -6    -5.5                     0.0639279
  44:   0b0.0.101.10.0     0     0       5      -5      -5                      0.082085
  45:   0b0.0.101.10.1     0     0       5      -5    -4.5                      0.105399
  46:   0b0.0.101.11.0     0     0       5      -4      -4                      0.135335
  47:   0b0.0.101.11.1     0     0       5      -4    -3.5                      0.173774
  48:   0b0.0.110.0.00     0     0       6      -3      -3                       0.22313
  49:   0b0.0.110.0.01     0     0       6      -3   -2.75                       0.25284
  50:   0b0.0.110.0.10     0     0       6      -3    -2.5                      0.286505
  51:   0b0.0.110.0.11     0     0       6      -3   -2.25                      0.324652
  52:   0b0.0.110.1.00     0     0       6      -2      -2                      0.367879
  53:   0b0.0.110.1.01     0     0       6      -2   -1.75                      0.416862
  54:   0b0.0.110.1.10     0     0       6      -2    -1.5                      0.472367
  55:   0b0.0.110.1.11     0     0       6      -2   -1.25                      0.535261
  56:   0b0.0.111..000     0     0       7      -1      -1                      0.606531
  57:   0b0.0.111..001     0     0       7      -1  -0.875                      0.645649
  58:   0b0.0.111..010     0     0       7      -1   -0.75                      0.687289
  59:   0b0.0.111..011     0     0       7      -1  -0.625                      0.731616
  60:   0b0.0.111..100     0     0       7      -1    -0.5                      0.778801
  61:   0b0.0.111..101     0     0       7      -1  -0.375                      0.829029
  62:   0b0.0.111..110     0     0       7      -1   -0.25                      0.882497
  63:   0b0.0.111..111     0     0       7      -1  -0.125                      0.939413
  64:   0b0.1.000..000     0     1       0       0       0                             1
  65:   0b0.1.000..001     0     1       0       0   0.125                       1.06449
  66:   0b0.1.000..010     0     1       0       0    0.25                       1.13315
  67:   0b0.1.000..011     0     1       0       0   0.375                       1.20623
  68:   0b0.1.000..100     0     1       0       0     0.5                       1.28403
  69:   0b0.1.000..101     0     1       0       0   0.625                       1.36684
  70:   0b0.1.000..110     0     1       0       0    0.75                       1.45499
  71:   0b0.1.000..111     0     1       0       0   0.875                       1.54883
  72:   0b0.1.001.0.00     0     1       1       1       1                       1.64872
  73:   0b0.1.001.0.01     0     1       1       1    1.25                       1.86825
  74:   0b0.1.001.0.10     0     1       1       1     1.5                         2.117
  75:   0b0.1.001.0.11     0     1       1       1    1.75                       2.39888
  76:   0b0.1.001.1.00     0     1       1       2       2                       2.71828
  77:   0b0.1.001.1.01     0     1       1       2    2.25                       3.08022
  78:   0b0.1.001.1.10     0     1       1       2     2.5                       3.49034
  79:   0b0.1.001.1.11     0     1       1       2    2.75                       3.95508
  80:   0b0.1.010.00.0     0     1       2       3       3                       4.48169
  81:   0b0.1.010.00.1     0     1       2       3     3.5                        5.7546
  82:   0b0.1.010.01.0     0     1       2       4       4                       7.38906
  83:   0b0.1.010.01.1     0     1       2       4     4.5                       9.48774
  84:   0b0.1.010.10.0     0     1       2       5       5                       12.1825
  85:   0b0.1.010.10.1     0     1       2       5     5.5                       15.6426
  86:   0b0.1.010.11.0     0     1       2       6       6                       20.0855
  87:   0b0.1.010.11.1     0     1       2       6     6.5                       25.7903
  88:   0b0.1.011.000.     0     1       3       7       7                       33.1155
  89:   0b0.1.011.001.     0     1       3       8       8                       54.5982
  90:   0b0.1.011.010.     0     1       3       9       9                       90.0171
  91:   0b0.1.011.011.     0     1       3      10      10                       148.413
  92:   0b0.1.011.100.     0     1       3      11      11                       244.692
  93:   0b0.1.011.101.     0     1       3      12      12                       403.429
  94:   0b0.1.011.110.     0     1       3      13      13                       665.142
  95:   0b0.1.011.111.     0     1       3      14      14                       1096.63
  96:   0b0.1.100.000.     0     1       4      15      15                       1808.04
  97:   0b0.1.100.001.     0     1       4      17      17                       4914.77
  98:   0b0.1.100.010.     0     1       4      19      19                       13359.7
  99:   0b0.1.100.011.     0     1       4      21      21                       36315.5
 100:   0b0.1.100.100.     0     1       4      23      23                       98715.8
 101:   0b0.1.100.101.     0     1       4      25      25                        268337
 102:   0b0.1.100.110.     0     1       4      27      27                        729416
 103:   0b0.1.100.111.     0     1       4      29      29                   1.98276e+06
 104:   0b0.1.101.000.     0     1       5      31      31                    5.3897e+06
 105:   0b0.1.101.001.     0     1       5      35      35                   3.98248e+07
 106:   0b0.1.101.010.     0     1       5      39      39                   2.94268e+08
 107:   0b0.1.101.011.     0     1       5      43      43                   2.17436e+09
 108:   0b0.1.101.100.     0     1       5      47      47                   1.60665e+10
 109:   0b0.1.101.101.     0     1       5      51      51                   1.18716e+11
 110:   0b0.1.101.110.     0     1       5      55      55                   8.77199e+11
 111:   0b0.1.101.111.     0     1       5      59      59                   6.48167e+12
 112:   0b0.1.110.000.     0     1       6      63      63                   4.78935e+13
 113:   0b0.1.110.001.     0     1       6      71      71                   2.61489e+15
 114:   0b0.1.110.010.     0     1       6      79      79                   1.42768e+17
 115:   0b0.1.110.011.     0     1       6      87      87                   7.79489e+18
 116:   0b0.1.110.100.     0     1       6      95      95                   4.25587e+20
 117:   0b0.1.110.101.     0     1       6     103     103                   2.32362e+22
 118:   0b0.1.110.110.     0     1       6     111     111                   1.26866e+24
 119:   0b0.1.110.111.     0     1       6     119     119                   6.92662e+25
 120:   0b0.1.111.000.     0     1       7     127     127                   3.78181e+27
 121:   0b0.1.111.001.     0     1       7     143     143                   1.12734e+31
 122:   0b0.1.111.010.     0     1       7     159     159                   3.36056e+34
 123:   0b0.1.111.011.     0     1       7     175     175                   1.00177e+38
 124:   0b0.1.111.100.     0     1       7     191     191                   2.98623e+41
 125:   0b0.1.111.101.     0     1       7     207     207                   8.90182e+44
 126:   0b0.1.111.110.     0     1       7     223     223                    2.6536e+48
 127:   0b0.1.111.111.     0     1       7     239     239                   7.91026e+51
 128:   0b1.0.000.000.     1                                                         NaR
 129:   0b1.1.111.111.     1     1       7     239     239                  -7.91026e+51
 130:   0b1.1.111.110.     1     1       7     223     223                   -2.6536e+48
 131:   0b1.1.111.101.     1     1       7     207     207                  -8.90182e+44
 132:   0b1.1.111.100.     1     1       7     191     191                  -2.98623e+41
 133:   0b1.1.111.011.     1     1       7     175     175                  -1.00177e+38
 134:   0b1.1.111.010.     1     1       7     159     159                  -3.36056e+34
 135:   0b1.1.111.001.     1     1       7     143     143                  -1.12734e+31
 136:   0b1.1.111.000.     1     1       7     127     127                  -3.78181e+27
 137:   0b1.1.110.111.     1     1       6     119     119                  -6.92662e+25
 138:   0b1.1.110.110.     1     1       6     111     111                  -1.26866e+24
 139:   0b1.1.110.101.     1     1       6     103     103                  -2.32362e+22
 140:   0b1.1.110.100.     1     1       6      95      95                  -4.25587e+20
 141:   0b1.1.110.011.     1     1       6      87      87                  -7.79489e+18
 142:   0b1.1.110.010.     1     1       6      79      79                  -1.42768e+17
 143:   0b1.1.110.001.     1     1       6      71      71                  -2.61489e+15
 144:   0b1.1.110.000.     1     1       6      63      63                  -4.78935e+13
 145:   0b1.1.101.111.     1     1       5      59      59                  -6.48167e+12
 146:   0b1.1.101.110.     1     1       5      55      55                  -8.77199e+11
 147:   0b1.1.101.101.     1     1       5      51      51                  -1.18716e+11
 148:   0b1.1.101.100.     1     1       5      47      47                  -1.60665e+10
 149:   0b1.1.101.011.     1     1       5      43      43                  -2.17436e+09
 150:   0b1.1.101.010.     1     1       5      39      39                  -2.94268e+08
 151:   0b1.1.101.001.     1     1       5      35      35                  -3.98248e+07
 152:   0b1.1.101.000.     1     1       5      31      31                   -5.3897e+06
 153:   0b1.1.100.111.     1     1       4      29      29                  -1.98276e+06
 154:   0b1.1.100.110.     1     1       4      27      27                       -729416
 155:   0b1.1.100.101.     1     1       4      25      25                       -268337
 156:   0b1.1.100.100.     1     1       4      23      23                      -98715.8
 157:   0b1.1.100.011.     1     1       4      21      21                      -36315.5
 158:   0b1.1.100.010.     1     1       4      19      19                      -13359.7
 159:   0b1.1.100.001.     1     1       4      17      17                      -4914.77
 160:   0b1.1.100.000.     1     1       4      15      15                      -1808.04
 161:   0b1.1.011.111.     1     1       3      14      14                      -1096.63
 162:   0b1.1.011.110.     1     1       3      13      13                      -665.142
 163:   0b1.1.011.101.     1     1       3      12      12                      -403.429
 164:   0b1.1.011.100.     1     1       3      11      11                      -244.692
 165:   0b1.1.011.011.     1     1       3      10      10                      -148.413
 166:   0b1.1.011.010.     1     1       3       9       9                      -90.0171
 167:   0b1.1.011.001.     1     1       3       8       8                      -54.5982
 168:   0b1.1.011.000.     1     1       3       7       7                      -33.1155
 169:   0b1.1.010.11.1     1     1       2       6     6.5                      -25.7903
 170:   0b1.1.010.11.0     1     1       2       6       6                      -20.0855
 171:   0b1.1.010.10.1     1     1       2       5     5.5                      -15.6426
 172:   0b1.1.010.10.0     1     1       2       5       5                      -12.1825
 173:   0b1.1.010.01.1     1     1       2       4     4.5                      -9.48774
 174:   0b1.1.010.01.0     1     1       2       4       4                      -7.38906
 175:   0b1.1.010.00.1     1     1       2       3     3.5                       -5.7546
 176:   0b1.1.010.00.0     1     1       2       3       3                      -4.48169
 177:   0b1.1.001.1.11     1     1       1       2    2.75                      -3.95508
 178:   0b1.1.001.1.10     1     1       1       2     2.5                      -3.49034
 179:   0b1.1.001.1.01     1     1       1       2    2.25                      -3.08022
 180:   0b1.1.001.1.00     1     1       1       2       2                      -2.71828
 181:   0b1.1.001.0.11     1     1       1       1    1.75                      -2.39888
 182:   0b1.1.001.0.10     1     1       1       1     1.5                        -2.117
 183:   0b1.1.001.0.01     1     1       1       1    1.25                      -1.86825
 184:   0b1.1.001.0.00     1     1       1       1       1                      -1.64872
 185:   0b1.1.000..111     1     1       0       0   0.875                      -1.54883
 186:   0b1.1.000..110     1     1       0       0    0.75                      -1.45499
 187:   0b1.1.000..101     1     1       0       0   0.625                      -1.36684
 188:   0b1.1.000..100     1     1       0       0     0.5                      -1.28403
 189:   0b1.1.000..011     1     1       0       0   0.375                      -1.20623
 190:   0b1.1.000..010     1     1       0       0    0.25                      -1.13315
 191:   0b1.1.000..001     1     1       0       0   0.125                      -1.06449
 192:   0b1.1.000..000     1     1       0       0       0                            -1
 193:   0b1.0.111..111     1     0       7      -1  -0.125                     -0.939413
 194:   0b1.0.111..110     1     0       7      -1   -0.25                     -0.882497
 195:   0b1.0.111..101     1     0       7      -1  -0.375                     -0.829029
 196:   0b1.0.111..100     1     0       7      -1    -0.5                     -0.778801
 197:   0b1.0.111..011     1     0       7      -1  -0.625                     -0.731616
 198:   0b1.0.111..010     1     0       7      -1   -0.75                     -0.687289
 199:   0b1.0.111..001     1     0       7      -1  -0.875                     -0.645649
 200:   0b1.0.111..000     1     0       7      -1      -1                     -0.606531
 201:   0b1.0.110.1.11     1     0       6      -2   -1.25                     -0.535261
 202:   0b1.0.110.1.10     1     0       6      -2    -1.5                     -0.472367
 203:   0b1.0.110.1.01     1     0       6      -2   -1.75                     -0.416862
 204:   0b1.0.110.1.00     1     0       6      -2      -2                     -0.367879
 205:   0b1.0.110.0.11     1     0       6      -3   -2.25                     -0.324652
 206:   0b1.0.110.0.10     1     0       6      -3    -2.5                     -0.286505
 207:   0b1.0.110.0.01     1     0       6      -3   -2.75                      -0.25284
 208:   0b1.0.110.0.00     1     0       6      -3      -3                      -0.22313
 209:   0b1.0.101.11.1     1     0       5      -4    -3.5                     -0.173774
 210:   0b1.0.101.11.0     1     0       5      -4      -4                     -0.135335
 211:   0b1.0.101.10.1     1     0       5      -5    -4.5                     -0.105399
 212:   0b1.0.101.10.0     1     0       5      -5      -5                     -0.082085
 213:   0b1.0.101.01.1     1     0       5      -6    -5.5                    -0.0639279
 214:   0b1.0.101.01.0     1     0       5      -6      -6                    -0.0497871
 215:   0b1.0.101.00.1     1     0       5      -7    -6.5                    -0.0387742
 216:   0b1.0.101.00.0     1     0       5      -7      -7                    -0.0301974
 217:   0b1.0.100.111.     1     0       4      -8      -8                    -0.0183156
 218:   0b1.0.100.110.     1     0       4      -9      -9                     -0.011109
 219:   0b1.0.100.101.     1     0       4     -10     -10                   -0.00673795
 220:   0b1.0.100.100.     1     0       4     -11     -11                   -0.00408677
 221:   0b1.0.100.011.     1     0       4     -12     -12                   -0.00247875
 222:   0b1.0.100.010.     1     0       4     -13     -13                   -0.00150344
 223:   0b1.0.100.001.     1     0       4     -14     -14                  -0.000911882
 224:   0b1.0.100.000.     1     0       4     -15     -15                  -0.000553084
 225:   0b1.0.011.111.     1     0       3     -17     -17                  -0.000203468
 226:   0b1.0.011.110.     1     0       3     -19     -19                  -7.48518e-05
 227:   0b1.0.011.101.     1     0       3     -21     -21                  -2.75364e-05
 228:   0b1.0.011.100.     1     0       3     -23     -23                  -1.01301e-05
 229:   0b1.0.011.011.     1     0       3     -25     -25                  -3.72665e-06
 230:   0b1.0.011.010.     1     0       3     -27     -27                  -1.37096e-06
 231:   0b1.0.011.001.     1     0       3     -29     -29                  -5.04348e-07
 232:   0b1.0.011.000.     1     0       3     -31     -31                  -1.85539e-07
 233:   0b1.0.010.111.     1     0       2     -35     -35                    -2.511e-08
 234:   0b1.0.010.110.     1     0       2     -39     -39                  -3.39827e-09
 235:   0b1.0.010.101.     1     0       2     -43     -43                  -4.59906e-10
 236:   0b1.0.010.100.     1     0       2     -47     -47                  -6.22414e-11
 237:   0b1.0.010.011.     1     0       2     -51     -51                  -8.42346e-12
 238:   0b1.0.010.010.     1     0       2     -55     -55                  -1.13999e-12
 239:   0b1.0.010.001.     1     0       2     -59     -59                  -1.54281e-13
 240:   0b1.0.010.000.     1     0       2     -63     -63                  -2.08797e-14
 241:   0b1.0.001.111.     1     0       1     -71     -71                  -3.82425e-16
 242:   0b1.0.001.110.     1     0       1     -79     -79                  -7.00435e-18
 243:   0b1.0.001.101.     1     0       1     -87     -87                  -1.28289e-19
 244:   0b1.0.001.100.     1     0       1     -95     -95                   -2.3497e-21
 245:   0b1.0.001.011.     1     0       1    -103    -103                  -4.30362e-23
 246:   0b1.0.001.010.     1     0       1    -111    -111                  -7.88236e-25
 247:   0b1.0.001.001.     1     0       1    -119    -119                   -1.4437e-26
 248:   0b1.0.001.000.     1     0       1    -127    -127                  -2.64424e-28
 249:   0b1.0.000.111.     1     0       0    -143    -143                  -8.87043e-32
 250:   0b1.0.000.110.     1     0       0    -159    -159                   -2.9757e-35
 251:   0b1.0.000.101.     1     0       0    -175    -175                  -9.98235e-39
 252:   0b1.0.000.100.     1     0       0    -191    -191                  -3.34871e-42
 253:   0b1.0.000.011.     1     0       0    -207    -207                  -1.12337e-45
 254:   0b1.0.000.010.     1     0       0    -223    -223                  -3.76847e-49
 255:   0b1.0.000.001.     1     0       0    -239    -239                  -1.26418e-52
Generate Value table for a takum_log<10,3> in TXT format
   #             Binary  sign   dir  regime    char       l                         value
   0:   0b0.0.000.00000.     0     0       0       0       0                             0
   1:   0b0.0.000.00001.     0     0       0    -251    -251                   3.13359e-55
   2:   0b0.0.000.00010.     0     0       0    -247    -247                   2.31543e-54
   3:   0b0.0.000.00011.     0     0       0    -243    -243                   1.71088e-53
   4:   0b0.0.000.00100.     0     0       0    -239    -239                   1.26418e-52
   5:   0b0.0.000.00101.     0     0       0    -235    -235                   9.34111e-52
   6:   0b0.0.000.00110.     0     0       0    -231    -231                    6.9022e-51
   7:   0b0.0.000.00111.     0     0       0    -227    -227                   5.10007e-50
   8:   0b0.0.000.01000.     0     0       0    -223    -223                   3.76847e-49
   9:   0b0.0.000.01001.     0     0       0    -219    -219                   2.78454e-48
  10:   0b0.0.000.01010.     0     0       0    -215    -215                   2.05752e-47
  11:   0b0.0.000.01011.     0     0       0    -211    -211                   1.52031e-46
  12:   0b0.0.000.01100.     0     0       0    -207    -207                   1.12337e-45
  13:   0b0.0.000.01101.     0     0       0    -203    -203                   8.30061e-45
  14:   0b0.0.000.01110.     0     0       0    -199    -199                   6.13337e-44
  15:   0b0.0.000.01111.     0     0       0    -195    -195                   4.53198e-43
  16:   0b0.0.000.10000.     0     0       0    -191    -191                   3.34871e-42
  17:   0b0.0.000.10001.     0     0       0    -187    -187                   2.47438e-41
  18:   0b0.0.000.10010.     0     0       0    -183    -183                   1.82833e-40
  19:   0b0.0.000.10011.     0     0       0    -179    -179                   1.35096e-39
  20:   0b0.0.000.10100.     0     0       0    -175    -175                   9.98235e-39
  21:   0b0.0.000.10101.     0     0       0    -171    -171                   7.37602e-38
  22:   0b0.0.000.10110.     0     0       0    -167    -167                   5.45018e-37
  23:   0b0.0.000.10111.     0     0       0    -163    -163                   4.02717e-36
  24:   0b0.0.000.11000.     0     0       0    -159    -159                    2.9757e-35
  25:   0b0.0.000.11001.     0     0       0    -155    -155                   2.19876e-34
  26:   0b0.0.000.11010.     0     0       0    -151    -151                   1.62468e-33
  27:   0b0.0.000.11011.     0     0       0    -147    -147                   1.20048e-32
  28:   0b0.0.000.11100.     0     0       0    -143    -143                   8.87043e-32
  29:   0b0.0.000.11101.     0     0       0    -139    -139                   6.55441e-31
  30:   0b0.0.000.11110.     0     0       0    -135    -135                   4.84309e-30
  31:   0b0.0.000.11111.     0     0       0    -131    -131                   3.57859e-29
  32:   0b0.0.001.00000.     0     0       1    -127    -127                   2.64424e-28
  33:   0b0.0.001.00001.     0     0       1    -125    -125                   7.18778e-28
  34:   0b0.0.001.00010.     0     0       1    -123    -123                   1.95384e-27
  35:   0b0.0.001.00011.     0     0       1    -121    -121                   5.31109e-27
  36:   0b0.0.001.00100.     0     0       1    -119    -119                    1.4437e-26
  37:   0b0.0.001.00101.     0     0       1    -117    -117                    3.9244e-26
  38:   0b0.0.001.00110.     0     0       1    -115    -115                   1.06676e-25
  39:   0b0.0.001.00111.     0     0       1    -113    -113                   2.89976e-25
  40:   0b0.0.001.01000.     0     0       1    -111    -111                   7.88236e-25
  41:   0b0.0.001.01001.     0     0       1    -109    -109                   2.14265e-24
  42:   0b0.0.001.01010.     0     0       1    -107    -107                   5.82432e-24
  43:   0b0.0.001.01011.     0     0       1    -105    -105                   1.58321e-23
  44:   0b0.0.001.01100.     0     0       1    -103    -103                   4.30362e-23
  45:   0b0.0.001.01101.     0     0       1    -101    -101                   1.16985e-22
  46:   0b0.0.001.01110.     0     0       1     -99     -99                   3.17997e-22
  47:   0b0.0.001.01111.     0     0       1     -97     -97                   8.64406e-22
  48:   0b0.0.001.10000.     0     0       1     -95     -95                    2.3497e-21
  49:   0b0.0.001.10001.     0     0       1     -93     -93                   6.38714e-21
  50:   0b0.0.001.10010.     0     0       1     -91     -91                   1.73621e-20
  51:   0b0.0.001.10011.     0     0       1     -89     -89                    4.7195e-20
  52:   0b0.0.001.10100.     0     0       1     -87     -87                   1.28289e-19
  53:   0b0.0.001.10101.     0     0       1     -85     -85                   3.48726e-19
  54:   0b0.0.001.10110.     0     0       1     -83     -83                   9.47936e-19
  55:   0b0.0.001.10111.     0     0       1     -81     -81                   2.57676e-18
  56:   0b0.0.001.11000.     0     0       1     -79     -79                   7.00435e-18
  57:   0b0.0.001.11001.     0     0       1     -77     -77                   1.90398e-17
  58:   0b0.0.001.11010.     0     0       1     -75     -75                   5.17556e-17
  59:   0b0.0.001.11011.     0     0       1     -73     -73                   1.40686e-16
  60:   0b0.0.001.11100.     0     0       1     -71     -71                   3.82425e-16
  61:   0b0.0.001.11101.     0     0       1     -69     -69                   1.03954e-15
  62:   0b0.0.001.11110.     0     0       1     -67     -67                   2.82576e-15
  63:   0b0.0.001.11111.     0     0       1     -65     -65                    7.6812e-15
  64:   0b0.0.010.00000.     0     0       2     -63     -63                   2.08797e-14
  65:   0b0.0.010.00001.     0     0       2     -62     -62                   3.44248e-14
  66:   0b0.0.010.00010.     0     0       2     -61     -61                   5.67569e-14
  67:   0b0.0.010.00011.     0     0       2     -60     -60                   9.35762e-14
  68:   0b0.0.010.00100.     0     0       2     -59     -59                   1.54281e-13
  69:   0b0.0.010.00101.     0     0       2     -58     -58                   2.54367e-13
  70:   0b0.0.010.00110.     0     0       2     -57     -57                    4.1938e-13
  71:   0b0.0.010.00111.     0     0       2     -56     -56                    6.9144e-13
  72:   0b0.0.010.01000.     0     0       2     -55     -55                   1.13999e-12
  73:   0b0.0.010.01001.     0     0       2     -54     -54                   1.87953e-12
  74:   0b0.0.010.01010.     0     0       2     -53     -53                   3.09882e-12
  75:   0b0.0.010.01011.     0     0       2     -52     -52                   5.10909e-12
  76:   0b0.0.010.01100.     0     0       2     -51     -51                   8.42346e-12
  77:   0b0.0.010.01101.     0     0       2     -50     -50                   1.38879e-11
  78:   0b0.0.010.01110.     0     0       2     -49     -49                   2.28973e-11
  79:   0b0.0.010.01111.     0     0       2     -48     -48                   3.77513e-11
  80:   0b0.0.010.10000.     0     0       2     -47     -47                   6.22414e-11
  81:   0b0.0.010.10001.     0     0       2     -46     -46                   1.02619e-10
  82:   0b0.0.010.10010.     0     0       2     -45     -45                    1.6919e-10
  83:   0b0.0.010.10011.     0     0       2     -44     -44                   2.78947e-10
  84:   0b0.0.010.10100.     0     0       2     -43     -43                   4.59906e-10
  85:   0b0.0.010.10101.     0     0       2     -42     -42                   7.58256e-10
  86:   0b0.0.010.10110.     0     0       2     -41     -41                   1.25015e-09
  87:   0b0.0.010.10111.     0     0       2     -40     -40                   2.06115e-09
  88:   0b0.0.010.11000.     0     0       2     -39     -39                   3.39827e-09
  89:   0b0.0.010.11001.     0     0       2     -38     -38                    5.6028e-09
  90:   0b0.0.010.11010.     0     0       2     -37     -37                   9.23745e-09
  91:   0b0.0.010.11011.     0     0       2     -36     -36                     1.523e-08
  92:   0b0.0.010.11100.     0     0       2     -35     -35                     2.511e-08
  93:   0b0.0.010.11101.     0     0       2     -34     -34                   4.13994e-08
  94:   0b0.0.010.11110.     0     0       2     -33     -33                    6.8256e-08
  95:   0b0.0.010.11111.     0     0       2     -32     -32                   1.12535e-07
  96:   0b0.0.011.0000.0     0     0       3     -31     -31                   1.85539e-07
  97:   0b0.0.011.0000.1     0     0       3     -31   -30.5                   2.38237e-07
  98:   0b0.0.011.0001.0     0     0       3     -30     -30                   3.05902e-07
  99:   0b0.0.011.0001.1     0     0       3     -30   -29.5                   3.92786e-07
 100:   0b0.0.011.0010.0     0     0       3     -29     -29                   5.04348e-07
 101:   0b0.0.011.0010.1     0     0       3     -29   -28.5                   6.47595e-07
 102:   0b0.0.011.0011.0     0     0       3     -28     -28                   8.31529e-07
 103:   0b0.0.011.0011.1     0     0       3     -28   -27.5                    1.0677e-06
 104:   0b0.0.011.0100.0     0     0       3     -27     -27                   1.37096e-06
 105:   0b0.0.011.0100.1     0     0       3     -27   -26.5                   1.76035e-06
 106:   0b0.0.011.0101.0     0     0       3     -26     -26                   2.26033e-06
 107:   0b0.0.011.0101.1     0     0       3     -26   -25.5                   2.90232e-06
 108:   0b0.0.011.0110.0     0     0       3     -25     -25                   3.72665e-06
 109:   0b0.0.011.0110.1     0     0       3     -25   -24.5                   4.78512e-06
 110:   0b0.0.011.0111.0     0     0       3     -24     -24                   6.14421e-06
 111:   0b0.0.011.0111.1     0     0       3     -24   -23.5                   7.88932e-06
 112:   0b0.0.011.1000.0     0     0       3     -23     -23                   1.01301e-05
 113:   0b0.0.011.1000.1     0     0       3     -23   -22.5                   1.30073e-05
 114:   0b0.0.011.1001.0     0     0       3     -22     -22                   1.67017e-05
 115:   0b0.0.011.1001.1     0     0       3     -22   -21.5                   2.14454e-05
 116:   0b0.0.011.1010.0     0     0       3     -21     -21                   2.75364e-05
 117:   0b0.0.011.1010.1     0     0       3     -21   -20.5                   3.53575e-05
 118:   0b0.0.011.1011.0     0     0       3     -20     -20                   4.53999e-05
 119:   0b0.0.011.1011.1     0     0       3     -20   -19.5                   5.82947e-05
 120:   0b0.0.011.1100.0     0     0       3     -19     -19                   7.48518e-05
 121:   0b0.0.011.1100.1     0     0       3     -19   -18.5                   9.61117e-05
 122:   0b0.0.011.1101.0     0     0       3     -18     -18                    0.00012341
 123:   0b0.0.011.1101.1     0     0       3     -18   -17.5                   0.000158461
 124:   0b0.0.011.1110.0     0     0       3     -17     -17                   0.000203468
 125:   0b0.0.011.1110.1     0     0       3     -17   -16.5                   0.000261259
 126:   0b0.0.011.1111.0     0     0       3     -16     -16                   0.000335463
 127:   0b0.0.011.1111.1     0     0       3     -16   -15.5                   0.000430743
 128:   0b0.0.100.000.00     0     0       4     -15     -15                   0.000553084
 129:   0b0.0.100.000.01     0     0       4     -15  -14.75                   0.000626727
 130:   0b0.0.100.000.10     0     0       4     -15   -14.5                   0.000710174
 131:   0b0.0.100.000.11     0     0       4     -15  -14.25                   0.000804733
 132:   0b0.0.100.001.00     0     0       4     -14     -14                   0.000911882
 133:   0b0.0.100.001.01     0     0       4     -14  -13.75                     0.0010333
 134:   0b0.0.100.001.10     0     0       4     -14   -13.5                    0.00117088
 135:   0b0.0.100.001.11     0     0       4     -14  -13.25                    0.00132678
 136:   0b0.0.100.010.00     0     0       4     -13     -13                    0.00150344
 137:   0b0.0.100.010.01     0     0       4     -13  -12.75                    0.00170362
 138:   0b0.0.100.010.10     0     0       4     -13   -12.5                    0.00193045
 139:   0b0.0.100.010.11     0     0       4     -13  -12.25                    0.00218749
 140:   0b0.0.100.011.00     0     0       4     -12     -12                    0.00247875
 141:   0b0.0.100.011.01     0     0       4     -12  -11.75                    0.00280879
 142:   0b0.0.100.011.10     0     0       4     -12   -11.5                    0.00318278
 143:   0b0.0.100.011.11     0     0       4     -12  -11.25                    0.00360656
 144:   0b0.0.100.100.00     0     0       4     -11     -11                    0.00408677
 145:   0b0.0.100.100.01     0     0       4     -11  -10.75                    0.00463092
 146:   0b0.0.100.100.10     0     0       4     -11   -10.5                    0.00524752
 147:   0b0.0.100.100.11     0     0       4     -11  -10.25                    0.00594622
 148:   0b0.0.100.101.00     0     0       4     -10     -10                    0.00673795
 149:   0b0.0.100.101.01     0     0       4     -10   -9.75                    0.00763509
 150:   0b0.0.100.101.10     0     0       4     -10    -9.5                     0.0086517
 151:   0b0.0.100.101.11     0     0       4     -10   -9.25                    0.00980366
 152:   0b0.0.100.110.00     0     0       4      -9      -9                      0.011109
 153:   0b0.0.100.110.01     0     0       4      -9   -8.75                     0.0125881
 154:   0b0.0.100.110.10     0     0       4      -9    -8.5                     0.0142642
 155:   0b0.0.100.110.11     0     0       4      -9   -8.25                     0.0161635
 156:   0b0.0.100.111.00     0     0       4      -8      -8                     0.0183156
 157:   0b0.0.100.111.01     0     0       4      -8   -7.75                     0.0207543
 158:   0b0.0.100.111.10     0     0       4      -8    -7.5                     0.0235177
 159:   0b0.0.100.111.11     0     0       4      -8   -7.25                     0.0266491
 160:   0b0.0.101.00.000     0     0       5      -7      -7                     0.0301974
 161:   0b0.0.101.00.001     0     0       5      -7  -6.875                     0.0321449
 162:   0b0.0.101.00.010     0     0       5      -7   -6.75                     0.0342181
 163:   0b0.0.101.00.011     0     0       5      -7  -6.625                      0.036425
 164:   0b0.0.101.00.100     0     0       5      -7    -6.5                     0.0387742
 165:   0b0.0.101.00.101     0     0       5      -7  -6.375                     0.0412749
 166:   0b0.0.101.00.110     0     0       5      -7   -6.25                     0.0439369
 167:   0b0.0.101.00.111     0     0       5      -7  -6.125                     0.0467706
 168:   0b0.0.101.01.000     0     0       5      -6      -6                     0.0497871
 169:   0b0.0.101.01.001     0     0       5      -6  -5.875                     0.0529981
 170:   0b0.0.101.01.010     0     0       5      -6   -5.75                     0.0564161
 171:   0b0.0.101.01.011     0     0       5      -6  -5.625                     0.0600547
 172:   0b0.0.101.01.100     0     0       5      -6    -5.5                     0.0639279
 173:   0b0.0.101.01.101     0     0       5      -6  -5.375                     0.0680509
 174:   0b0.0.101.01.110     0     0       5      -6   -5.25                     0.0724398
 175:   0b0.0.101.01.111     0     0       5      -6  -5.125                     0.0771117
 176:   0b0.0.101.10.000     0     0       5      -5      -5                      0.082085
 177:   0b0.0.101.10.001     0     0       5      -5  -4.875                      0.087379
 178:   0b0.0.101.10.010     0     0       5      -5   -4.75                     0.0930145
 179:   0b0.0.101.10.011     0     0       5      -5  -4.625                     0.0990134
 180:   0b0.0.101.10.100     0     0       5      -5    -4.5                      0.105399
 181:   0b0.0.101.10.101     0     0       5      -5  -4.375                      0.112197
 182:   0b0.0.101.10.110     0     0       5      -5   -4.25                      0.119433
 183:   0b0.0.101.10.111     0     0       5      -5  -4.125                      0.127136
 184:   0b0.0.101.11.000     0     0       5      -4      -4                      0.135335
 185:   0b0.0.101.11.001     0     0       5      -4  -3.875                      0.144064
 186:   0b0.0.101.11.010     0     0       5      -4   -3.75                      0.153355
 187:   0b0.0.101.11.011     0     0       5      -4  -3.625                      0.163246
 188:   0b0.0.101.11.100     0     0       5      -4    -3.5                      0.173774
 189:   0b0.0.101.11.101     0     0       5      -4  -3.375                      0.184981
 190:   0b0.0.101.11.110     0     0       5      -4   -3.25                      0.196912
 191:   0b0.0.101.11.111     0     0       5      -4  -3.125                      0.209611
 192:   0b0.0.110.0.0000     0     0       6      -3      -3                       0.22313
 193:   0b0.0.110.0.0001     0     0       6      -3 -2.9375                      0.230213
 194:   0b0.0.110.0.0010     0     0       6      -3  -2.875                      0.237521
 195:   0b0.0.110.0.0011     0     0       6      -3 -2.8125                      0.245061
 196:   0b0.0.110.0.0100     0     0       6      -3   -2.75                       0.25284
 197:   0b0.0.110.0.0101     0     0       6      -3 -2.6875                      0.260866
 198:   0b0.0.110.0.0110     0     0       6      -3  -2.625                      0.269146
 199:   0b0.0.110.0.0111     0     0       6      -3 -2.5625                       0.27769
 200:   0b0.0.110.0.1000     0     0       6      -3    -2.5                      0.286505
 201:   0b0.0.110.0.1001     0     0       6      -3 -2.4375                      0.295599
 202:   0b0.0.110.0.1010     0     0       6      -3  -2.375                      0.304983
 203:   0b0.0.110.0.1011     0     0       6      -3 -2.3125                      0.314664
 204:   0b0.0.110.0.1100     0     0       6      -3   -2.25                      0.324652
 205:   0b0.0.110.0.1101     0     0       6      -3 -2.1875                      0.334958
 206:   0b0.0.110.0.1110     0     0       6      -3  -2.125                      0.345591
 207:   0b0.0.110.0.1111     0     0       6      -3 -2.0625                      0.356561
 208:   0b0.0.110.1.0000     0     0       6      -2      -2                      0.367879
 209:   0b0.0.110.1.0001     0     0       6      -2 -1.9375                      0.379557
 210:   0b0.0.110.1.0010     0     0       6      -2  -1.875                      0.391606
 211:   0b0.0.110.1.0011     0     0       6      -2 -1.8125                      0.404037
 212:   0b0.0.110.1.0100     0     0       6      -2   -1.75                      0.416862
 213:   0b0.0.110.1.0101     0     0       6      -2 -1.6875                      0.430095
 214:   0b0.0.110.1.0110     0     0       6      -2  -1.625                      0.443747
 215:   0b0.0.110.1.0111     0     0       6      -2 -1.5625                      0.457833
 216:   0b0.0.110.1.1000     0     0       6      -2    -1.5                      0.472367
 217:   0b0.0.110.1.1001     0     0       6      -2 -1.4375                      0.487361
 218:   0b0.0.110.1.1010     0     0       6      -2  -1.375                      0.502832
 219:   0b0.0.110.1.1011     0     0       6      -2 -1.3125                      0.518793
 220:   0b0.0.110.1.1100     0     0       6      -2   -1.25                      0.535261
 221:   0b0.0.110.1.1101     0     0       6      -2 -1.1875                      0.552252
 222:   0b0.0.110.1.1110     0     0       6      -2  -1.125                      0.569783
 223:   0b0.0.110.1.1111     0     0       6      -2 -1.0625                       0.58787
 224:   0b0.0.111..00000     0     0       7      -1      -1                      0.606531
 225:   0b0.0.111..00001     0     0       7      -1-0.96875                      0.616082
 226:   0b0.0.111..00010     0     0       7      -1 -0.9375                      0.625784
 227:   0b0.0.111..00011     0     0       7      -1-0.90625                      0.635639
 228:   0b0.0.111..00100     0     0       7      -1  -0.875                      0.645649
 229:   0b0.0.111..00101     0     0       7      -1-0.84375                      0.655816
 230:   0b0.0.111..00110     0     0       7      -1 -0.8125                      0.666144
 231:   0b0.0.111..00111     0     0       7      -1-0.78125                      0.676634
 232:   0b0.0.111..01000     0     0       7      -1   -0.75                      0.687289
 233:   0b0.0.111..01001     0     0       7      -1-0.71875                      0.698113
 234:   0b0.0.111..01010     0     0       7      -1 -0.6875                      0.709106
 235:   0b0.0.111..01011     0     0       7      -1-0.65625                      0.720273
 236:   0b0.0.111..01100     0     0       7      -1  -0.625                      0.731616
 237:   0b0.0.111..01101     0     0       7      -1-0.59375                      0.743137
 238:   0b0.0.111..01110     0     0       7      -1 -0.5625                       0.75484
 239:   0b0.0.111..01111     0     0       7      -1-0.53125                      0.766727
 240:   0b0.0.111..10000     0     0       7      -1    -0.5                      0.778801
 241:   0b0.0.111..10001     0     0       7      -1-0.46875                      0.791065
 242:   0b0.0.111..10010     0     0       7      -1 -0.4375                      0.803523
 243:   0b0.0.111..10011     0     0       7      -1-0.40625                      0.816176
 244:   0b0.0.111..10100     0     0       7      -1  -0.375                      0.829029
 245:   0b0.0.111..10101     0     0       7      -1-0.34375                      0.842084
 246:   0b0.0.111..10110     0     0       7      -1 -0.3125                      0.855345
 247:   0b0.0.111..10111     0     0       7      -1-0.28125                      0.868815
 248:   0b0.0.111..11000     0     0       7      -1   -0.25                      0.882497
 249:   0b0.0.111..11001     0     0       7      -1-0.21875                      0.896394
 250:   0b0.0.111..11010     0     0       7      -1 -0.1875                       0.91051
 251:   0b0.0.111..11011     0     0       7      -1-0.15625                      0.924849
 252:   0b0.0.111..11100     0     0       7      -1  -0.125                      0.939413
 253:   0b0.0.111..11101     0     0       7      -1-0.09375                      0.954207
 254:   0b0.0.111..11110     0     0       7      -1 -0.0625                      0.969233
 255:   0b0.0.111..11111     0     0       7      -1-0.03125                      0.984496
 256:   0b0.1.000..00000     0     1       0       0       0                             1
 257:   0b0.1.000..00001     0     1       0       0 0.03125                       1.01575
 258:   0b0.1.000..00010     0     1       0       0  0.0625                       1.03174
 259:   0b0.1.000..00011     0     1       0       0 0.09375                       1.04799
 260:   0b0.1.000..00100     0     1       0       0   0.125                       1.06449
 261:   0b0.1.000..00101     0     1       0       0 0.15625                       1.08126
 262:   0b0.1.000..00110     0     1       0       0  0.1875                       1.09829
 263:   0b0.1.000..00111     0     1       0       0 0.21875                       1.11558
 264:   0b0.1.000..01000     0     1       0       0    0.25                       1.13315
 265:   0b0.1.000..01001     0     1       0       0 0.28125                       1.15099
 266:   0b0.1.000..01010     0     1       0       0  0.3125                       1.16912
 267:   0b0.1.000..01011     0     1       0       0 0.34375                       1.18753
 268:   0b0.1.000..01100     0     1       0       0   0.375                       1.20623
 269:   0b0.1.000..01101     0     1       0       0 0.40625                       1.22523
 270:   0b0.1.000..01110     0     1       0       0  0.4375                       1.24452
 271:   0b0.1.000..01111     0     1       0       0 0.46875                       1.26412
 272:   0b0.1.000..10000     0     1       0       0     0.5                       1.28403
 273:   0b0.1.000..10001     0     1       0       0 0.53125                       1.30425
 274:   0b0.1.000..10010     0     1       0       0  0.5625                       1.32478
 275:   0b0.1.000..10011     0     1       0       0 0.59375                       1.34565
 276:   0b0.1.000..10100     0     1       0       0   0.625                       1.36684
 277:   0b0.1.000..10101     0     1       0       0 0.65625                       1.38836
 278:   0b0.1.000..10110     0     1       0       0  0.6875                       1.41023
 279:   0b0.1.000..10111     0     1       0       0 0.71875                       1.43243
 280:   0b0.1.000..11000     0     1       0       0    0.75                       1.45499
 281:   0b0.1.000..11001     0     1       0       0 0.78125                        1.4779
 282:   0b0.1.000..11010     0     1       0       0  0.8125                       1.50118
 283:   0b0.1.000..11011     0     1       0       0 0.84375                       1.52482
 284:   0b0.1.000..11100     0     1       0       0   0.875                       1.54883
 285:   0b0.1.000..11101     0     1       0       0 0.90625                       1.57322
 286:   0b0.1.000..11110     0     1       0       0  0.9375                         1.598
 287:   0b0.1.000..11111     0     1       0       0 0.96875                       1.62316
 288:   0b0.1.001.0.0000     0     1       1       1       1                       1.64872
 289:   0b0.1.001.0.0001     0     1       1       1  1.0625                       1.70106
 290:   0b0.1.001.0.0010     0     1       1       1   1.125                       1.75505
 291:   0b0.1.001.0.0011     0     1       1       1  1.1875                       1.81077
 292:   0b0.1.001.0.0100     0     1       1       1    1.25                       1.86825
 293:   0b0.1.001.0.0101     0     1       1       1  1.3125                       1.92755
 294:   0b0.1.001.0.0110     0     1       1       1   1.375                       1.98874
 295:   0b0.1.001.0.0111     0     1       1       1  1.4375                       2.05187
 296:   0b0.1.001.0.1000     0     1       1       1     1.5                         2.117
 297:   0b0.1.001.0.1001     0     1       1       1  1.5625                        2.1842
 298:   0b0.1.001.0.1010     0     1       1       1   1.625                       2.25353
 299:   0b0.1.001.0.1011     0     1       1       1  1.6875                       2.32507
 300:   0b0.1.001.0.1100     0     1       1       1    1.75                       2.39888
 301:   0b0.1.001.0.1101     0     1       1       1  1.8125                       2.47502
 302:   0b0.1.001.0.1110     0     1       1       1   1.875                       2.55359
 303:   0b0.1.001.0.1111     0     1       1       1  1.9375                       2.63465
 304:   0b0.1.001.1.0000     0     1       1       2       2                       2.71828
 305:   0b0.1.001.1.0001     0     1       1       2  2.0625                       2.80457
 306:   0b0.1.001.1.0010     0     1       1       2   2.125                        2.8936
 307:   0b0.1.001.1.0011     0     1       1       2  2.1875                       2.98545
 308:   0b0.1.001.1.0100     0     1       1       2    2.25                       3.08022
 309:   0b0.1.001.1.0101     0     1       1       2  2.3125                       3.17799
 310:   0b0.1.001.1.0110     0     1       1       2   2.375                       3.27887
 311:   0b0.1.001.1.0111     0     1       1       2  2.4375                       3.38296
 312:   0b0.1.001.1.1000     0     1       1       2     2.5                       3.49034
 313:   0b0.1.001.1.1001     0     1       1       2  2.5625                       3.60114
 314:   0b0.1.001.1.1010     0     1       1       2   2.625                       3.71545
 315:   0b0.1.001.1.1011     0     1       1       2  2.6875                       3.83339
 316:   0b0.1.001.1.1100     0     1       1       2    2.75                       3.95508
 317:   0b0.1.001.1.1101     0     1       1       2  2.8125                       4.08062
 318:   0b0.1.001.1.1110     0     1       1       2   2.875                       4.21016
 319:   0b0.1.001.1.1111     0     1       1       2  2.9375                        4.3438
 320:   0b0.1.010.00.000     0     1       2       3       3                       4.48169
 321:   0b0.1.010.00.001     0     1       2       3   3.125                       4.77073
 322:   0b0.1.010.00.010     0     1       2       3    3.25                       5.07842
 323:   0b0.1.010.00.011     0     1       2       3   3.375                       5.40595
 324:   0b0.1.010.00.100     0     1       2       3     3.5                        5.7546
 325:   0b0.1.010.00.101     0     1       2       3   3.625                       6.12574
 326:   0b0.1.010.00.110     0     1       2       3    3.75                       6.52082
 327:   0b0.1.010.00.111     0     1       2       3   3.875                       6.94138
 328:   0b0.1.010.01.000     0     1       2       4       4                       7.38906
 329:   0b0.1.010.01.001     0     1       2       4   4.125                       7.86561
 330:   0b0.1.010.01.010     0     1       2       4    4.25                        8.3729
 331:   0b0.1.010.01.011     0     1       2       4   4.375                        8.9129
 332:   0b0.1.010.01.100     0     1       2       4     4.5                       9.48774
 333:   0b0.1.010.01.101     0     1       2       4   4.625                       10.0996
 334:   0b0.1.010.01.110     0     1       2       4    4.75                        10.751
 335:   0b0.1.010.01.111     0     1       2       4   4.875                       11.4444
 336:   0b0.1.010.10.000     0     1       2       5       5                       12.1825
 337:   0b0.1.010.10.001     0     1       2       5   5.125                       12.9682
 338:   0b0.1.010.10.010     0     1       2       5    5.25                       13.8046
 339:   0b0.1.010.10.011     0     1       2       5   5.375                       14.6949
 340:   0b0.1.010.10.100     0     1       2       5     5.5                       15.6426
 341:   0b0.1.010.10.101     0     1       2       5   5.625                       16.6515
 342:   0b0.1.010.10.110     0     1       2       5    5.75                       17.7254
 343:   0b0.1.010.10.111     0     1       2       5   5.875                       18.8686
 344:   0b0.1.010.11.000     0     1       2       6       6                       20.0855
 345:   0b0.1.010.11.001     0     1       2       6   6.125                       21.3809
 346:   0b0.1.010.11.010     0     1       2       6    6.25                       22.7599
 347:   0b0.1.010.11.011     0     1       2       6   6.375                       24.2278
 348:   0b0.1.010.11.100     0     1       2       6     6.5                       25.7903
 349:   0b0.1.010.11.101     0     1       2       6   6.625                       27.4537
 350:   0b0.1.010.11.110     0     1       2       6    6.75                       29.2243
 351:   0b0.1.010.11.111     0     1       2       6   6.875                       31.1091
 352:   0b0.1.011.000.00     0     1       3       7       7                       33.1155
 353:   0b0.1.011.000.01     0     1       3       7    7.25                       37.5247
 354:   0b0.1.011.000.10     0     1       3       7     7.5                       42.5211
 355:   0b0.1.011.000.11     0     1       3       7    7.75                       48.1827
 356:   0b0.1.011.001.00     0     1       3       8       8                       54.5982
 357:   0b0.1.011.001.01     0     1       3       8    8.25                       61.8678
 358:   0b0.1.011.001.10     0     1       3       8     8.5                       70.1054
 359:   0b0.1.011.001.11     0     1       3       8    8.75                       79.4398
 360:   0b0.1.011.010.00     0     1       3       9       9                       90.0171
 361:   0b0.1.011.010.01     0     1       3       9    9.25                       102.003
 362:   0b0.1.011.010.10     0     1       3       9     9.5                       115.584
 363:   0b0.1.011.010.11     0     1       3       9    9.75                       130.974
 364:   0b0.1.011.011.00     0     1       3      10      10                       148.413
 365:   0b0.1.011.011.01     0     1       3      10   10.25                       168.174
 366:   0b0.1.011.011.10     0     1       3      10    10.5                       190.566
 367:   0b0.1.011.011.11     0     1       3      10   10.75                        215.94
 368:   0b0.1.011.100.00     0     1       3      11      11                       244.692
 369:   0b0.1.011.100.01     0     1       3      11   11.25                       277.272
 370:   0b0.1.011.100.10     0     1       3      11    11.5                       314.191
 371:   0b0.1.011.100.11     0     1       3      11   11.75                       356.025
 372:   0b0.1.011.101.00     0     1       3      12      12                       403.429
 373:   0b0.1.011.101.01     0     1       3      12   12.25                       457.145
 374:   0b0.1.011.101.10     0     1       3      12    12.5                       518.013
 375:   0b0.1.011.101.11     0     1       3      12   12.75                       586.985
 376:   0b0.1.011.110.00     0     1       3      13      13                       665.142
 377:   0b0.1.011.110.01     0     1       3      13   13.25                       753.704
 378:   0b0.1.011.110.10     0     1       3      13    13.5                       854.059
 379:   0b0.1.011.110.11     0     1       3      13   13.75                       967.775
 380:   0b0.1.011.111.00     0     1       3      14      14                       1096.63
 381:   0b0.1.011.111.01     0     1       3      14   14.25                       1242.65
 382:   0b0.1.011.111.10     0     1       3      14    14.5                        1408.1
 383:   0b0.1.011.111.11     0     1       3      14   14.75                       1595.59
 384:   0b0.1.100.0000.0     0     1       4      15      15                       1808.04
 385:   0b0.1.100.0000.1     0     1       4      15    15.5                       2321.57
 386:   0b0.1.100.0001.0     0     1       4      16      16                       2980.96
 387:   0b0.1.100.0001.1     0     1       4      16    16.5                       3827.63
 388:   0b0.1.100.0010.0     0     1       4      17      17                       4914.77
 389:   0b0.1.100.0010.1     0     1       4      17    17.5                       6310.69
 390:   0b0.1.100.0011.0     0     1       4      18      18                       8103.08
 391:   0b0.1.100.0011.1     0     1       4      18    18.5                       10404.6
 392:   0b0.1.100.0100.0     0     1       4      19      19                       13359.7
 393:   0b0.1.100.0100.1     0     1       4      19    19.5                       17154.2
 394:   0b0.1.100.0101.0     0     1       4      20      20                       22026.5
 395:   0b0.1.100.0101.1     0     1       4      20    20.5                       28282.5
 396:   0b0.1.100.0110.0     0     1       4      21      21                       36315.5
 397:   0b0.1.100.0110.1     0     1       4      21    21.5                         46630
 398:   0b0.1.100.0111.0     0     1       4      22      22                       59874.1
 399:   0b0.1.100.0111.1     0     1       4      22    22.5                       76879.9
 400:   0b0.1.100.1000.0     0     1       4      23      23                       98715.8
 401:   0b0.1.100.1000.1     0     1       4      23    23.5                        126754
 402:   0b0.1.100.1001.0     0     1       4      24      24                        162755
 403:   0b0.1.100.1001.1     0     1       4      24    24.5                        208981
 404:   0b0.1.100.1010.0     0     1       4      25      25                        268337
 405:   0b0.1.100.1010.1     0     1       4      25    25.5                        344552
 406:   0b0.1.100.1011.0     0     1       4      26      26                        442413
 407:   0b0.1.100.1011.1     0     1       4      26    26.5                        568070
 408:   0b0.1.100.1100.0     0     1       4      27      27                        729416
 409:   0b0.1.100.1100.1     0     1       4      27    27.5                        936589
 410:   0b0.1.100.1101.0     0     1       4      28      28                    1.2026e+06
 411:   0b0.1.100.1101.1     0     1       4      28    28.5                   1.54417e+06
 412:   0b0.1.100.1110.0     0     1       4      29      29                   1.98276e+06
 413:   0b0.1.100.1110.1     0     1       4      29    29.5                   2.54591e+06
 414:   0b0.1.100.1111.0     0     1       4      30      30                   3.26902e+06
 415:   0b0.1.100.1111.1     0     1       4      30    30.5                    4.1975e+06
 416:   0b0.1.101.00000.     0     1       5      31      31                    5.3897e+06
 417:   0b0.1.101.00001.     0     1       5      32      32                   8.88611e+06
 418:   0b0.1.101.00010.     0     1       5      33      33                   1.46507e+07
 419:   0b0.1.101.00011.     0     1       5      34      34                    2.4155e+07
 420:   0b0.1.101.00100.     0     1       5      35      35                   3.98248e+07
 421:   0b0.1.101.00101.     0     1       5      36      36                     6.566e+07
 422:   0b0.1.101.00110.     0     1       5      37      37                   1.08255e+08
 423:   0b0.1.101.00111.     0     1       5      38      38                   1.78482e+08
 424:   0b0.1.101.01000.     0     1       5      39      39                   2.94268e+08
 425:   0b0.1.101.01001.     0     1       5      40      40                   4.85165e+08
 426:   0b0.1.101.01010.     0     1       5      41      41                   7.99902e+08
 427:   0b0.1.101.01011.     0     1       5      42      42                   1.31882e+09
 428:   0b0.1.101.01100.     0     1       5      43      43                   2.17436e+09
 429:   0b0.1.101.01101.     0     1       5      44      44                   3.58491e+09
 430:   0b0.1.101.01110.     0     1       5      45      45                   5.91052e+09
 431:   0b0.1.101.01111.     0     1       5      46      46                    9.7448e+09
 432:   0b0.1.101.10000.     0     1       5      47      47                   1.60665e+10
 433:   0b0.1.101.10001.     0     1       5      48      48                   2.64891e+10
 434:   0b0.1.101.10010.     0     1       5      49      49                   4.36732e+10
 435:   0b0.1.101.10011.     0     1       5      50      50                   7.20049e+10
 436:   0b0.1.101.10100.     0     1       5      51      51                   1.18716e+11
 437:   0b0.1.101.10101.     0     1       5      52      52                    1.9573e+11
 438:   0b0.1.101.10110.     0     1       5      53      53                   3.22704e+11
 439:   0b0.1.101.10111.     0     1       5      54      54                   5.32048e+11
 440:   0b0.1.101.11000.     0     1       5      55      55                   8.77199e+11
 441:   0b0.1.101.11001.     0     1       5      56      56                   1.44626e+12
 442:   0b0.1.101.11010.     0     1       5      57      57                   2.38447e+12
 443:   0b0.1.101.11011.     0     1       5      58      58                   3.93133e+12
 444:   0b0.1.101.11100.     0     1       5      59      59                   6.48167e+12
 445:   0b0.1.101.11101.     0     1       5      60      60                   1.06865e+13
 446:   0b0.1.101.11110.     0     1       5      61      61                    1.7619e+13
 447:   0b0.1.101.11111.     0     1       5      62      62                   2.90488e+13
 448:   0b0.1.110.00000.     0     1       6      63      63                   4.78935e+13
 449:   0b0.1.110.00001.     0     1       6      65      65                   1.30188e+14
 450:   0b0.1.110.00010.     0     1       6      67      67                   3.53887e+14
 451:   0b0.1.110.00011.     0     1       6      69      69                   9.61966e+14
 452:   0b0.1.110.00100.     0     1       6      71      71                   2.61489e+15
 453:   0b0.1.110.00101.     0     1       6      73      73                   7.10802e+15
 454:   0b0.1.110.00110.     0     1       6      75      75                   1.93216e+16
 455:   0b0.1.110.00111.     0     1       6      77      77                   5.25216e+16
 456:   0b0.1.110.01000.     0     1       6      79      79                   1.42768e+17
 457:   0b0.1.110.01001.     0     1       6      81      81                   3.88085e+17
 458:   0b0.1.110.01010.     0     1       6      83      83                   1.05492e+18
 459:   0b0.1.110.01011.     0     1       6      85      85                   2.86758e+18
 460:   0b0.1.110.01100.     0     1       6      87      87                   7.79489e+18
 461:   0b0.1.110.01101.     0     1       6      89      89                   2.11887e+19
 462:   0b0.1.110.01110.     0     1       6      91      91                   5.75969e+19
 463:   0b0.1.110.01111.     0     1       6      93      93                   1.56565e+20
 464:   0b0.1.110.10000.     0     1       6      95      95                   4.25587e+20
 465:   0b0.1.110.10001.     0     1       6      97      97                   1.15686e+21
 466:   0b0.1.110.10010.     0     1       6      99      99                   3.14468e+21
 467:   0b0.1.110.10011.     0     1       6     101     101                   8.54813e+21
 468:   0b0.1.110.10100.     0     1       6     103     103                   2.32362e+22
 469:   0b0.1.110.10101.     0     1       6     105     105                   6.31626e+22
 470:   0b0.1.110.10110.     0     1       6     107     107                   1.71694e+23
 471:   0b0.1.110.10111.     0     1       6     109     109                   4.66712e+23
 472:   0b0.1.110.11000.     0     1       6     111     111                   1.26866e+24
 473:   0b0.1.110.11001.     0     1       6     113     113                   3.44856e+24
 474:   0b0.1.110.11010.     0     1       6     115     115                   9.37417e+24
 475:   0b0.1.110.11011.     0     1       6     117     117                   2.54816e+25
 476:   0b0.1.110.11100.     0     1       6     119     119                   6.92662e+25
 477:   0b0.1.110.11101.     0     1       6     121     121                   1.88285e+26
 478:   0b0.1.110.11110.     0     1       6     123     123                   5.11812e+26
 479:   0b0.1.110.11111.     0     1       6     125     125                   1.39125e+27
 480:   0b0.1.111.00000.     0     1       7     127     127                   3.78181e+27
 481:   0b0.1.111.00001.     0     1       7     131     131                    2.7944e+28
 482:   0b0.1.111.00010.     0     1       7     135     135                    2.0648e+29
 483:   0b0.1.111.00011.     0     1       7     139     139                   1.52569e+30
 484:   0b0.1.111.00100.     0     1       7     143     143                   1.12734e+31
 485:   0b0.1.111.00101.     0     1       7     147     147                   8.32999e+31
 486:   0b0.1.111.00110.     0     1       7     151     151                   6.15508e+32
 487:   0b0.1.111.00111.     0     1       7     155     155                   4.54802e+33
 488:   0b0.1.111.01000.     0     1       7     159     159                   3.36056e+34
 489:   0b0.1.111.01001.     0     1       7     163     163                   2.48313e+35
 490:   0b0.1.111.01010.     0     1       7     167     167                    1.8348e+36
 491:   0b0.1.111.01011.     0     1       7     171     171                   1.35575e+37
 492:   0b0.1.111.01100.     0     1       7     175     175                   1.00177e+38
 493:   0b0.1.111.01101.     0     1       7     179     179                   7.40212e+38
 494:   0b0.1.111.01110.     0     1       7     183     183                   5.46947e+39
 495:   0b0.1.111.01111.     0     1       7     187     187                   4.04142e+40
 496:   0b0.1.111.10000.     0     1       7     191     191                   2.98623e+41
 497:   0b0.1.111.10001.     0     1       7     195     195                   2.20654e+42
 498:   0b0.1.111.10010.     0     1       7     199     199                   1.63043e+43
 499:   0b0.1.111.10011.     0     1       7     203     203                   1.20473e+44
 500:   0b0.1.111.10100.     0     1       7     207     207                   8.90182e+44
 501:   0b0.1.111.10101.     0     1       7     211     211                   6.57761e+45
 502:   0b0.1.111.10110.     0     1       7     215     215                   4.86023e+46
 503:   0b0.1.111.10111.     0     1       7     219     219                   3.59125e+47
 504:   0b0.1.111.11000.     0     1       7     223     223                    2.6536e+48
 505:   0b0.1.111.11001.     0     1       7     227     227                   1.96076e+49
 506:   0b0.1.111.11010.     0     1       7     231     231                   1.44881e+50
 507:   0b0.1.111.11011.     0     1       7     235     235                   1.07054e+51
 508:   0b0.1.111.11100.     0     1       7     239     239                   7.91026e+51
 509:   0b0.1.111.11101.     0     1       7     243     243                   5.84493e+52
 510:   0b0.1.111.11110.     0     1       7     247     247                   4.31885e+53
 511:   0b0.1.111.11111.     0     1       7     251     251                   3.19123e+54
 512:   0b1.0.000.00000.     1                                                         NaR
 513:   0b1.1.111.11111.     1     1       7     251     251                  -3.19123e+54
 514:   0b1.1.111.11110.     1     1       7     247     247                  -4.31885e+53
 515:   0b1.1.111.11101.     1     1       7     243     243                  -5.84493e+52
 516:   0b1.1.111.11100.     1     1       7     239     239                  -7.91026e+51
 517:   0b1.1.111.11011.     1     1       7     235     235                  -1.07054e+51
 518:   0b1.1.111.11010.     1     1       7     231     231                  -1.44881e+50
 519:   0b1.1.111.11001.     1     1       7     227     227                  -1.96076e+49
 520:   0b1.1.111.11000.     1     1       7     223     223                   -2.6536e+48
 521:   0b1.1.111.10111.     1     1       7     219     219                  -3.59125e+47
 522:   0b1.1.111.10110.     1     1       7     215     215                  -4.86023e+46
 523:   0b1.1.111.10101.     1     1       7     211     211                  -6.57761e+45
 524:   0b1.1.111.10100.     1     1       7     207     207                  -8.90182e+44
 525:   0b1.1.111.10011.     1     1       7     203     203                  -1.20473e+44
 526:   0b1.1.111.10010.     1     1       7     199     199                  -1.63043e+43
 527:   0b1.1.111.10001.     1     1       7     195     195                  -2.20654e+42
 528:   0b1.1.111.10000.     1     1       7     191     191                  -2.98623e+41
 529:   0b1.1.111.01111.     1     1       7     187     187                  -4.04142e+40
 530:   0b1.1.111.01110.     1     1       7     183     183                  -5.46947e+39
 531:   0b1.1.111.01101.     1     1       7     179     179                  -7.40212e+38
 532:   0b1.1.111.01100.     1     1       7     175     175                  -1.00177e+38
 533:   0b1.1.111.01011.     1     1       7     171     171                  -1.35575e+37
 534:   0b1.1.111.01010.     1     1       7     167     167                   -1.8348e+36
 535:   0b1.1.111.01001.     1     1       7     163     163                  -2.48313e+35
 536:   0b1.1.111.01000.     1     1       7     159     159                  -3.36056e+34
 537:   0b1.1.111.00111.     1     1       7     155     155                  -4.54802e+33
 538:   0b1.1.111.00110.     1     1       7     151     151                  -6.15508e+32
 539:   0b1.1.111.00101.     1     1       7     147     147                  -8.32999e+31
 540:   0b1.1.111.00100.     1     1       7     143     143                  -1.12734e+31
 541:   0b1.1.111.00011.     1     1       7     139     139                  -1.52569e+30
 542:   0b1.1.111.00010.     1     1       7     135     135                   -2.0648e+29
 543:   0b1.1.111.00001.     1     1       7     131     131                   -2.7944e+28
 544:   0b1.1.111.00000.     1     1       7     127     127                  -3.78181e+27
 545:   0b1.1.110.11111.     1     1       6     125     125                  -1.39125e+27
 546:   0b1.1.110.11110.     1     1       6     123     123                  -5.11812e+26
 547:   0b1.1.110.11101.     1     1       6     121     121                  -1.88285e+26
 548:   0b1.1.110.11100.     1     1       6     119     119                  -6.92662e+25
 549:   0b1.1.110.11011.     1     1       6     117     117                  -2.54816e+25
 550:   0b1.1.110.11010.     1     1       6     115     115                  -9.37417e+24
 551:   0b1.1.110.11001.     1     1       6     113     113                  -3.44856e+24
 552:   0b1.1.110.11000.     1     1       6     111     111                  -1.26866e+24
 553:   0b1.1.110.10111.     1     1       6     109     109                  -4.66712e+23
 554:   0b1.1.110.10110.     1     1       6     107     107                  -1.71694e+23
 555:   0b1.1.110.10101.     1     1       6     105     105                  -6.31626e+22
 556:   0b1.1.110.10100.     1     1       6     103     103                  -2.32362e+22
 557:   0b1.1.110.10011.     1     1       6     101     101                  -8.54813e+21
 558:   0b1.1.110.10010.     1     1       6      99      99                  -3.14468e+21
 559:   0b1.1.110.10001.     1     1       6      97      97                  -1.15686e+21
 560:   0b1.1.110.10000.     1     1       6      95      95                  -4.25587e+20
 561:   0b1.1.110.01111.     1     1       6      93      93                  -1.56565e+20
 562:   0b1.1.110.01110.     1     1       6      91      91                  -5.75969e+19
 563:   0b1.1.110.01101.     1     1       6      89      89                  -2.11887e+19
 564:   0b1.1.110.01100.     1     1       6      87      87                  -7.79489e+18
 565:   0b1.1.110.01011.     1     1       6      85      85                  -2.86758e+18
 566:   0b1.1.110.01010.     1     1       6      83      83                  -1.05492e+18
 567:   0b1.1.110.01001.     1     1       6      81      81                  -3.88085e+17
 568:   0b1.1.110.01000.     1     1       6      79      79                  -1.42768e+17
 569:   0b1.1.110.00111.     1     1       6      77      77                  -5.25216e+16
 570:   0b1.1.110.00110.     1     1       6      75      75                  -1.93216e+16
 571:   0b1.1.110.00101.     1     1       6      73      73                  -7.10802e+15
 572:   0b1.1.110.00100.     1     1       6      71      71                  -2.61489e+15
 573:   0b1.1.110.00011.     1     1       6      69      69                  -9.61966e+14
 574:   0b1.1.110.00010.     1     1       6      67      67                  -3.53887e+14
 575:   0b1.1.110.00001.     1     1       6      65      65                  -1.30188e+14
 576:   0b1.1.110.00000.     1     1       6      63      63                  -4.78935e+13
 577:   0b1.1.101.11111.     1     1       5      62      62                  -2.90488e+13
 578:   0b1.1.101.11110.     1     1       5      61      61                   -1.7619e+13
 579:   0b1.1.101.11101.     1     1       5      60      60                  -1.06865e+13
 580:   0b1.1.101.11100.     1     1       5      59      59                  -6.48167e+12
 581:   0b1.1.101.11011.     1     1       5      58      58                  -3.93133e+12
 582:   0b1.1.101.11010.     1     1       5      57      57                  -2.38447e+12
 583:   0b1.1.101.11001.     1     1       5      56      56                  -1.44626e+12
 584:   0b1.1.101.11000.     1     1       5      55      55                  -8.77199e+11
 585:   0b1.1.101.10111.     1     1       5      54      54                  -5.32048e+11
 586:   0b1.1.101.10110.     1     1       5      53      53                  -3.22704e+11
 587:   0b1.1.101.10101.     1     1       5      52      52                   -1.9573e+11
 588:   0b1.1.101.10100.     1     1       5      51      51                  -1.18716e+11
 589:   0b1.1.101.10011.     1     1       5      50      50                  -7.20049e+10
 590:   0b1.1.101.10010.     1     1       5      49      49                  -4.36732e+10
 591:   0b1.1.101.10001.     1     1       5      48      48                  -2.64891e+10
 592:   0b1.1.101.10000.     1     1       5      47      47                  -1.60665e+10
 593:   0b1.1.101.01111.     1     1       5      46      46                   -9.7448e+09
 594:   0b1.1.101.01110.     1     1       5      45      45                  -5.91052e+09
 595:   0b1.1.101.01101.     1     1       5      44      44                  -3.58491e+09
 596:   0b1.1.101.01100.     1     1       5      43      43                  -2.17436e+09
 597:   0b1.1.101.01011.     1     1       5      42      42                  -1.31882e+09
 598:   0b1.1.101.01010.     1     1       5      41      41                  -7.99902e+08
 599:   0b1.1.101.01001.     1     1       5      40      40                  -4.85165e+08
 600:   0b1.1.101.01000.     1     1       5      39      39                  -2.94268e+08
 601:   0b1.1.101.00111.     1     1       5      38      38                  -1.78482e+08
 602:   0b1.1.101.00110.     1     1       5      37      37                  -1.08255e+08
 603:   0b1.1.101.00101.     1     1       5      36      36                    -6.566e+07
 604:   0b1.1.101.00100.     1     1       5      35      35                  -3.98248e+07
 605:   0b1.1.101.00011.     1     1       5      34      34                   -2.4155e+07
 606:   0b1.1.101.00010.     1     1       5      33      33                  -1.46507e+07
 607:   0b1.1.101.00001.     1     1       5      32      32                  -8.88611e+06
 608:   0b1.1.101.00000.     1     1       5      31      31                   -5.3897e+06
 609:   0b1.1.100.1111.1     1     1       4      30    30.5                   -4.1975e+06
 610:   0b1.1.100.1111.0     1     1       4      30      30                  -3.26902e+06
 611:   0b1.1.100.1110.1     1     1       4      29    29.5                  -2.54591e+06
 612:   0b1.1.100.1110.0     1     1       4      29      29                  -1.98276e+06
 613:   0b1.1.100.1101.1     1     1       4      28    28.5                  -1.54417e+06
 614:   0b1.1.100.1101.0     1     1       4      28      28                   -1.2026e+06
 615:   0b1.1.100.1100.1     1     1       4      27    27.5                       -936589
 616:   0b1.1.100.1100.0     1     1       4      27      27                       -729416
 617:   0b1.1.100.1011.1     1     1       4      26    26.5                       -568070
 618:   0b1.1.100.1011.0     1     1       4      26      26                       -442413
 619:   0b1.1.100.1010.1     1     1       4      25    25.5                       -344552
 620:   0b1.1.100.1010.0     1     1       4      25      25                       -268337
 621:   0b1.1.100.1001.1     1     1       4      24    24.5                       -208981
 622:   0b1.1.100.1001.0     1     1       4      24      24                       -162755
 623:   0b1.1.100.1000.1     1     1       4      23    23.5                       -126754
 624:   0b1.1.100.1000.0     1     1       4      23      23                      -98715.8
 625:   0b1.1.100.0111.1     1     1       4      22    22.5                      -76879.9
 626:   0b1.1.100.0111.0     1     1       4      22      22                      -59874.1
 627:   0b1.1.100.0110.1     1     1       4      21    21.5                        -46630
 628:   0b1.1.100.0110.0     1     1       4      21      21                      -36315.5
 629:   0b1.1.100.0101.1     1     1       4      20    20.5                      -28282.5
 630:   0b1.1.100.0101.0     1     1       4      20      20                      -22026.5
 631:   0b1.1.100.0100.1     1     1       4      19    19.5                      -17154.2
 632:   0b1.1.100.0100.0     1     1       4      19      19                      -13359.7
 633:   0b1.1.100.0011.1     1     1       4      18    18.5                      -10404.6
 634:   0b1.1.100.0011.0     1     1       4      18      18                      -8103.08
 635:   0b1.1.100.0010.1     1     1       4      17    17.5                      -6310.69
 636:   0b1.1.100.0010.0     1     1       4      17      17                      -4914.77
 637:   0b1.1.100.0001.1     1     1       4      16    16.5                      -3827.63
 638:   0b1.1.100.0001.0     1     1       4      16      16                      -2980.96
 639:   0b1.1.100.0000.1     1     1       4      15    15.5                      -2321.57
 640:   0b1.1.100.0000.0     1     1       4      15      15                      -1808.04
 641:   0b1.1.011.111.11     1     1       3      14   14.75                      -1595.59
 642:   0b1.1.011.111.10     1     1       3      14    14.5                       -1408.1
 643:   0b1.1.011.111.01     1     1       3      14   14.25                      -1242.65
 644:   0b1.1.011.111.00     1     1       3      14      14                      -1096.63
 645:   0b1.1.011.110.11     1     1       3      13   13.75                      -967.775
 646:   0b1.1.011.110.10     1     1       3      13    13.5                      -854.059
 647:   0b1.1.011.110.01     1     1       3      13   13.25                      -753.704
 648:   0b1.1.011.110.00     1     1       3      13      13                      -665.142
 649:   0b1.1.011.101.11     1     1       3      12   12.75                      -586.985
 650:   0b1.1.011.101.10     1     1       3      12    12.5                      -518.013
 651:   0b1.1.011.101.01     1     1       3      12   12.25                      -457.145
 652:   0b1.1.011.101.00     1     1       3      12      12                      -403.429
 653:   0b1.1.011.100.11     1     1       3      11   11.75                      -356.025
 654:   0b1.1.011.100.10     1     1       3      11    11.5                      -314.191
 655:   0b1.1.011.100.01     1     1       3      11   11.25                      -277.272
 656:   0b1.1.011.100.00     1     1       3      11      11                      -244.692
 657:   0b1.1.011.011.11     1     1       3      10   10.75                       -215.94
 658:   0b1.1.011.011.10     1     1       3      10    10.5                      -190.566
 659:   0b1.1.011.011.01     1     1       3      10   10.25                      -168.174
 660:   0b1.1.011.011.00     1     1       3      10      10                      -148.413
 661:   0b1.1.011.010.11     1     1       3       9    9.75                      -130.974
 662:   0b1.1.011.010.10     1     1       3       9     9.5                      -115.584
 663:   0b1.1.011.010.01     1     1       3       9    9.25                      -102.003
 664:   0b1.1.011.010.00     1     1       3       9       9                      -90.0171
 665:   0b1.1.011.001.11     1     1       3       8    8.75                      -79.4398
 666:   0b1.1.011.001.10     1     1       3       8     8.5                      -70.1054
 667:   0b1.1.011.001.01     1     1       3       8    8.25                      -61.8678
 668:   0b1.1.011.001.00     1     1       3       8       8                      -54.5982
 669:   0b1.1.011.000.11     1     1       3       7    7.75                      -48.1827
 670:   0b1.1.011.000.10     1     1       3       7     7.5                      -42.5211
 671:   0b1.1.011.000.01     1     1       3       7    7.25                      -37.5247
 672:   0b1.1.011.000.00     1     1       3       7       7                      -33.1155
 673:   0b1.1.010.11.111     1     1       2       6   6.875                      -31.1091
 674:   0b1.1.010.11.110     1     1       2       6    6.75                      -29.2243
 675:   0b1.1.010.11.101     1     1       2       6   6.625                      -27.4537
 676:   0b1.1.010.11.100     1     1       2       6     6.5                      -25.7903
 677:   0b1.1.010.11.011     1     1       2       6   6.375                      -24.2278
 678:   0b1.1.010.11.010     1     1       2       6    6.25                      -22.7599
 679:   0b1.1.010.11.001     1     1       2       6   6.125                      -21.3809
 680:   0b1.1.010.11.000     1     1       2       6       6                      -20.0855
 681:   0b1.1.010.10.111     1     1       2       5   5.875                      -18.8686
 682:   0b1.1.010.10.110     1     1       2       5    5.75                      -17.7254
 683:   0b1.1.010.10.101     1     1       2       5   5.625                      -16.6515
 684:   0b1.1.010.10.100     1     1       2       5     5.5                      -15.6426
 685:   0b1.1.010.10.011     1     1       2       5   5.375                      -14.6949
 686:   0b1.1.010.10.010     1     1       2       5    5.25                      -13.8046
 687:   0b1.1.010.10.001     1     1       2       5   5.125                      -12.9682
 688:   0b1.1.010.10.000     1     1       2       5       5                      -12.1825
 689:   0b1.1.010.01.111     1     1       2       4   4.875                      -11.4444
 690:   0b1.1.010.01.110     1     1       2       4    4.75                       -10.751
 691:   0b1.1.010.01.101     1     1       2       4   4.625                      -10.0996
 692:   0b1.1.010.01.100     1     1       2       4     4.5                      -9.48774
 693:   0b1.1.010.01.011     1     1       2       4   4.375                       -8.9129
 694:   0b1.1.010.01.010     1     1       2       4    4.25                       -8.3729
 695:   0b1.1.010.01.001     1     1       2       4   4.125                      -7.86561
 696:   0b1.1.010.01.000     1     1       2       4       4                      -7.38906
 697:   0b1.1.010.00.111     1     1       2       3   3.875                      -6.94138
 698:   0b1.1.010.00.110     1     1       2       3    3.75                      -6.52082
 699:   0b1.1.010.00.101     1     1       2       3   3.625                      -6.12574
 700:   0b1.1.010.00.100     1     1       2       3     3.5                       -5.7546
 701:   0b1.1.010.00.011     1     1       2       3   3.375                      -5.40595
 702:   0b1.1.010.00.010     1     1       2       3    3.25                      -5.07842
 703:   0b1.1.010.00.001     1     1       2       3   3.125                      -4.77073
 704:   0b1.1.010.00.000     1     1       2       3       3                      -4.48169
 705:   0b1.1.001.1.1111     1     1       1       2  2.9375                       -4.3438
 706:   0b1.1.001.1.1110     1     1       1       2   2.875                      -4.21016
 707:   0b1.1.001.1.1101     1     1       1       2  2.8125                      -4.08062
 708:   0b1.1.001.1.1100     1     1       1       2    2.75                      -3.95508
 709:   0b1.1.001.1.1011     1     1       1       2  2.6875                      -3.83339
 710:   0b1.1.001.1.1010     1     1       1       2   2.625                      -3.71545
 711:   0b1.1.001.1.1001     1     1       1       2  2.5625                      -3.60114
 712:   0b1.1.001.1.1000     1     1       1       2     2.5                      -3.49034
 713:   0b1.1.001.1.0111     1     1       1       2  2.4375                      -3.38296
 714:   0b1.1.001.1.0110     1     1       1       2   2.375                      -3.27887
 715:   0b1.1.001.1.0101     1     1       1       2  2.3125                      -3.17799
 716:   0b1.1.001.1.0100     1     1       1       2    2.25                      -3.08022
 717:   0b1.1.001.1.0011     1     1       1       2  2.1875                      -2.98545
 718:   0b1.1.001.1.0010     1     1       1       2   2.125                       -2.8936
 719:   0b1.1.001.1.0001     1     1       1       2  2.0625                      -2.80457
 720:   0b1.1.001.1.0000     1     1       1       2       2                      -2.71828
 721:   0b1.1.001.0.1111     1     1       1       1  1.9375                      -2.63465
 722:   0b1.1.001.0.1110     1     1       1       1   1.875                      -2.55359
 723:   0b1.1.001.0.1101     1     1       1       1  1.8125                      -2.47502
 724:   0b1.1.001.0.1100     1     1       1       1    1.75                      -2.39888
 725:   0b1.1.001.0.1011     1     1       1       1  1.6875                      -2.32507
 726:   0b1.1.001.0.1010     1     1       1       1   1.625                      -2.25353
 727:   0b1.1.001.0.1001     1     1       1       1  1.5625                       -2.1842
 728:   0b1.1.001.0.1000     1     1       1       1     1.5                        -2.117
 729:   0b1.1.001.0.0111     1     1       1       1  1.4375                      -2.05187
 730:   0b1.1.001.0.0110     1     1       1       1   1.375                      -1.98874
 731:   0b1.1.001.0.0101     1     1       1       1  1.3125                      -1.92755
 732:   0b1.1.001.0.0100     1     1       1       1    1.25                      -1.86825
 733:   0b1.1.001.0.0011     1     1       1       1  1.1875                      -1.81077
 734:   0b1.1.001.0.0010     1     1       1       1   1.125                      -1.75505
 735:   0b1.1.001.0.0001     1     1       1       1  1.0625                      -1.70106
 736:   0b1.1.001.0.0000     1     1       1       1       1                      -1.64872
 737:   0b1.1.000..11111     1     1       0       0 0.96875                      -1.62316
 738:   0b1.1.000..11110     1     1       0       0  0.9375                        -1.598
 739:   0b1.1.000..11101     1     1       0       0 0.90625                      -1.57322
 740:   0b1.1.000..11100     1     1       0       0   0.875                      -1.54883
 741:   0b1.1.000..11011     1     1       0       0 0.84375                      -1.52482
 742:   0b1.1.000..11010     1     1       0       0  0.8125                      -1.50118
 743:   0b1.1.000..11001     1     1       0       0 0.78125                       -1.4779
 744:   0b1.1.000..11000     1     1       0       0    0.75                      -1.45499
 745:   0b1.1.000..10111     1     1       0       0 0.71875                      -1.43243
 746:   0b1.1.000..10110     1     1       0       0  0.6875                      -1.41023
 747:   0b1.1.000..10101     1     1       0       0 0.65625                      -1.38836
 748:   0b1.1.000..10100     1     1       0       0   0.625                      -1.36684
 749:   0b1.1.000..10011     1     1       0       0 0.59375                      -1.34565
 750:   0b1.1.000..10010     1     1       0       0  0.5625                      -1.32478
 751:   0b1.1.000..10001     1     1       0       0 0.53125                      -1.30425
 752:   0b1.1.000..10000     1     1       0       0     0.5                      -1.28403
 753:   0b1.1.000..01111     1     1       0       0 0.46875                      -1.26412
 754:   0b1.1.000..01110     1     1       0       0  0.4375                      -1.24452
 755:   0b1.1.000..01101     1     1       0       0 0.40625                      -1.22523
 756:   0b1.1.000..01100     1     1       0       0   0.375                      -1.20623
 757:   0b1.1.000..01011     1     1       0       0 0.34375                      -1.18753
 758:   0b1.1.000..01010     1     1       0       0  0.3125                      -1.16912
 759:   0b1.1.000..01001     1     1       0       0 0.28125                      -1.15099
 760:   0b1.1.000..01000     1     1       0       0    0.25                      -1.13315
 761:   0b1.1.000..00111     1     1       0       0 0.21875                      -1.11558
 762:   0b1.1.000..00110     1     1       0       0  0.1875                      -1.09829
 763:   0b1.1.000..00101     1     1       0       0 0.15625                      -1.08126
 764:   0b1.1.000..00100     1     1       0       0   0.125                      -1.06449
 765:   0b1.1.000..00011     1     1       0       0 0.09375                      -1.04799
 766:   0b1.1.000..00010     1     1       0       0  0.0625                      -1.03174
 767:   0b1.1.000..00001     1     1       0       0 0.03125                      -1.01575
 768:   0b1.1.000..00000     1     1       0       0       0                            -1
 769:   0b1.0.111..11111     1     0       7      -1-0.03125                     -0.984496
 770:   0b1.0.111..11110     1     0       7      -1 -0.0625                     -0.969233
 771:   0b1.0.111..11101     1     0       7      -1-0.09375                     -0.954207
 772:   0b1.0.111..11100     1     0       7      -1  -0.125                     -0.939413
 773:   0b1.0.111..11011     1     0       7      -1-0.15625                     -0.924849
 774:   0b1.0.111..11010     1     0       7      -1 -0.1875                      -0.91051
 775:   0b1.0.111..11001     1     0       7      -1-0.21875                     -0.896394
 776:   0b1.0.111..11000     1     0       7      -1   -0.25                     -0.882497
 777:   0b1.0.111..10111     1     0       7      -1-0.28125                     -0.868815
 778:   0b1.0.111..10110     1     0       7      -1 -0.3125                     -0.855345
 779:   0b1.0.111..10101     1     0       7      -1-0.34375                     -0.842084
 780:   0b1.0.111..10100     1     0       7      -1  -0.375                     -0.829029
 781:   0b1.0.111..10011     1     0       7      -1-0.40625                     -0.816176
 782:   0b1.0.111..10010     1     0       7      -1 -0.4375                     -0.803523
 783:   0b1.0.111..10001     1     0       7      -1-0.46875                     -0.791065
 784:   0b1.0.111..10000     1     0       7      -1    -0.5                     -0.778801
 785:   0b1.0.111..01111     1     0       7      -1-0.53125                     -0.766727
 786:   0b1.0.111..01110     1     0       7      -1 -0.5625                      -0.75484
 787:   0b1.0.111..01101     1     0       7      -1-0.59375                     -0.743137
 788:   0b1.0.111..01100     1     0       7      -1  -0.625                     -0.731616
 789:   0b1.0.111..01011     1     0       7      -1-0.65625                     -0.720273
 790:   0b1.0.111..01010     1     0       7      -1 -0.6875                     -0.709106
 791:   0b1.0.111..01001     1     0       7      -1-0.71875                     -0.698113
 792:   0b1.0.111..01000     1     0       7      -1   -0.75                     -0.687289
 793:   0b1.0.111..00111     1     0       7      -1-0.78125                     -0.676634
 794:   0b1.0.111..00110     1     0       7      -1 -0.8125                     -0.666144
 795:   0b1.0.111..00101     1     0       7      -1-0.84375                     -0.655816
 796:   0b1.0.111..00100     1     0       7      -1  -0.875                     -0.645649
 797:   0b1.0.111..00011     1     0       7      -1-0.90625                     -0.635639
 798:   0b1.0.111..00010     1     0       7      -1 -0.9375                     -0.625784
 799:   0b1.0.111..00001     1     0       7      -1-0.96875                     -0.616082
 800:   0b1.0.111..00000     1     0       7      -1      -1                     -0.606531
 801:   0b1.0.110.1.1111     1     0       6      -2 -1.0625                      -0.58787
 802:   0b1.0.110.1.1110     1     0       6      -2  -1.125                     -0.569783
 803:   0b1.0.110.1.1101     1     0       6      -2 -1.1875                     -0.552252
 804:   0b1.0.110.1.1100     1     0       6      -2   -1.25                     -0.535261
 805:   0b1.0.110.1.1011     1     0       6      -2 -1.3125                     -0.518793
 806:   0b1.0.110.1.1010     1     0       6      -2  -1.375                     -0.502832
 807:   0b1.0.110.1.1001     1     0       6      -2 -1.4375                     -0.487361
 808:   0b1.0.110.1.1000     1     0       6      -2    -1.5                     -0.472367
 809:   0b1.0.110.1.0111     1     0       6      -2 -1.5625                     -0.457833
 810:   0b1.0.110.1.0110     1     0       6      -2  -1.625                     -0.443747
 811:   0b1.0.110.1.0101     1     0       6      -2 -1.6875                     -0.430095
 812:   0b1.0.110.1.0100     1     0       6      -2   -1.75                     -0.416862
 813:   0b1.0.110.1.0011     1     0       6      -2 -1.8125                     -0.404037
 814:   0b1.0.110.1.0010     1     0       6      -2  -1.875                     -0.391606
 815:   0b1.0.110.1.0001     1     0       6      -2 -1.9375                     -0.379557
 816:   0b1.0.110.1.0000     1     0       6      -2      -2                     -0.367879
 817:   0b1.0.110.0.1111     1     0       6      -3 -2.0625                     -0.356561
 818:   0b1.0.110.0.1110     1     0       6      -3  -2.125                     -0.345591
 819:   0b1.0.110.0.1101     1     0       6      -3 -2.1875                     -0.334958
 820:   0b1.0.110.0.1100     1     0       6      -3   -2.25                     -0.324652
 821:   0b1.0.110.0.1011     1     0       6      -3 -2.3125                     -0.314664
 822:   0b1.0.110.0.1010     1     0       6      -3  -2.375                     -0.304983
 823:   0b1.0.110.0.1001     1     0       6      -3 -2.4375                     -0.295599
 824:   0b1.0.110.0.1000     1     0       6      -3    -2.5                     -0.286505
 825:   0b1.0.110.0.0111     1     0       6      -3 -2.5625                      -0.27769
 826:   0b1.0.110.0.0110     1     0       6      -3  -2.625                     -0.269146
 827:   0b1.0.110.0.0101     1     0       6      -3 -2.6875                     -0.260866
 828:   0b1.0.110.0.0100     1     0       6      -3   -2.75                      -0.25284
 829:   0b1.0.110.0.0011     1     0       6      -3 -2.8125                     -0.245061
 830:   0b1.0.110.0.0010     1     0       6      -3  -2.875                     -0.237521
 831:   0b1.0.110.0.0001     1     0       6      -3 -2.9375                     -0.230213
 832:   0b1.0.110.0.0000     1     0       6      -3      -3                      -0.22313
 833:   0b1.0.101.11.111     1     0       5      -4  -3.125                     -0.209611
 834:   0b1.0.101.11.110     1     0       5      -4   -3.25                     -0.196912
 835:   0b1.0.101.11.101     1     0       5      -4  -3.375                     -0.184981
 836:   0b1.0.101.11.100     1     0       5      -4    -3.5                     -0.173774
 837:   0b1.0.101.11.011     1     0       5      -4  -3.625                     -0.163246
 838:   0b1.0.101.11.010     1     0       5      -4   -3.75                     -0.153355
 839:   0b1.0.101.11.001     1     0       5      -4  -3.875                     -0.144064
 840:   0b1.0.101.11.000     1     0       5      -4      -4                     -0.135335
 841:   0b1.0.101.10.111     1     0       5      -5  -4.125                     -0.127136
 842:   0b1.0.101.10.110     1     0       5      -5   -4.25                     -0.119433
 843:   0b1.0.101.10.101     1     0       5      -5  -4.375                     -0.112197
 844:   0b1.0.101.10.100     1     0       5      -5    -4.5                     -0.105399
 845:   0b1.0.101.10.011     1     0       5      -5  -4.625                    -0.0990134
 846:   0b1.0.101.10.010     1     0       5      -5   -4.75                    -0.0930145
 847:   0b1.0.101.10.001     1     0       5      -5  -4.875                     -0.087379
 848:   0b1.0.101.10.000     1     0       5      -5      -5                     -0.082085
 849:   0b1.0.101.01.111     1     0       5      -6  -5.125                    -0.0771117
 850:   0b1.0.101.01.110     1     0       5      -6   -5.25                    -0.0724398
 851:   0b1.0.101.01.101     1     0       5      -6  -5.375                    -0.0680509
 852:   0b1.0.101.01.100     1     0       5      -6    -5.5                    -0.0639279
 853:   0b1.0.101.01.011     1     0       5      -6  -5.625                    -0.0600547
 854:   0b1.0.101.01.010     1     0       5      -6   -5.75                    -0.0564161
 855:   0b1.0.101.01.001     1     0       5      -6  -5.875                    -0.0529981
 856:   0b1.0.101.01.000     1     0       5      -6      -6                    -0.0497871
 857:   0b1.0.101.00.111     1     0       5      -7  -6.125                    -0.0467706
 858:   0b1.0.101.00.110     1     0       5      -7   -6.25                    -0.0439369
 859:   0b1.0.101.00.101     1     0       5      -7  -6.375                    -0.0412749
 860:   0b1.0.101.00.100     1     0       5      -7    -6.5                    -0.0387742
 861:   0b1.0.101.00.011     1     0       5      -7  -6.625                     -0.036425
 862:   0b1.0.101.00.010     1     0       5      -7   -6.75                    -0.0342181
 863:   0b1.0.101.00.001     1     0       5      -7  -6.875                    -0.0321449
 864:   0b1.0.101.00.000     1     0       5      -7      -7                    -0.0301974
 865:   0b1.0.100.111.11     1     0       4      -8   -7.25                    -0.0266491
 866:   0b1.0.100.111.10     1     0       4      -8    -7.5                    -0.0235177
 867:   0b1.0.100.111.01     1     0       4      -8   -7.75                    -0.0207543
 868:   0b1.0.100.111.00     1     0       4      -8      -8                    -0.0183156
 869:   0b1.0.100.110.11     1     0       4      -9   -8.25                    -0.0161635
 870:   0b1.0.100.110.10     1     0       4      -9    -8.5                    -0.0142642
 871:   0b1.0.100.110.01     1     0       4      -9   -8.75                    -0.0125881
 872:   0b1.0.100.110.00     1     0       4      -9      -9                     -0.011109
 873:   0b1.0.100.101.11     1     0       4     -10   -9.25                   -0.00980366
 874:   0b1.0.100.101.10     1     0       4     -10    -9.5                    -0.0086517
 875:   0b1.0.100.101.01     1     0       4     -10   -9.75                   -0.00763509
 876:   0b1.0.100.101.00     1     0       4     -10     -10                   -0.00673795
 877:   0b1.0.100.100.11     1     0       4     -11  -10.25                   -0.00594622
 878:   0b1.0.100.100.10     1     0       4     -11   -10.5                   -0.00524752
 879:   0b1.0.100.100.01     1     0       4     -11  -10.75                   -0.00463092
 880:   0b1.0.100.100.00     1     0       4     -11     -11                   -0.00408677
 881:   0b1.0.100.011.11     1     0       4     -12  -11.25                   -0.00360656
 882:   0b1.0.100.011.10     1     0       4     -12   -11.5                   -0.00318278
 883:   0b1.0.100.011.01     1     0       4     -12  -11.75                   -0.00280879
 884:   0b1.0.100.011.00     1     0       4     -12     -12                   -0.00247875
 885:   0b1.0.100.010.11     1     0       4     -13  -12.25                   -0.00218749
 886:   0b1.0.100.010.10     1     0       4     -13   -12.5                   -0.00193045
 887:   0b1.0.100.010.01     1     0       4     -13  -12.75                   -0.00170362
 888:   0b1.0.100.010.00     1     0       4     -13     -13                   -0.00150344
 889:   0b1.0.100.001.11     1     0       4     -14  -13.25                   -0.00132678
 890:   0b1.0.100.001.10     1     0       4     -14   -13.5                   -0.00117088
 891:   0b1.0.100.001.01     1     0       4     -14  -13.75                    -0.0010333
 892:   0b1.0.100.001.00     1     0       4     -14     -14                  -0.000911882
 893:   0b1.0.100.000.11     1     0       4     -15  -14.25                  -0.000804733
 894:   0b1.0.100.000.10     1     0       4     -15   -14.5                  -0.000710174
 895:   0b1.0.100.000.01     1     0       4     -15  -14.75                  -0.000626727
 896:   0b1.0.100.000.00     1     0       4     -15     -15                  -0.000553084
 897:   0b1.0.011.1111.1     1     0       3     -16   -15.5                  -0.000430743
 898:   0b1.0.011.1111.0     1     0       3     -16     -16                  -0.000335463
 899:   0b1.0.011.1110.1     1     0       3     -17   -16.5                  -0.000261259
 900:   0b1.0.011.1110.0     1     0       3     -17     -17                  -0.000203468
 901:   0b1.0.011.1101.1     1     0       3     -18   -17.5                  -0.000158461
 902:   0b1.0.011.1101.0     1     0       3     -18     -18                   -0.00012341
 903:   0b1.0.011.1100.1     1     0       3     -19   -18.5                  -9.61117e-05
 904:   0b1.0.011.1100.0     1     0       3     -19     -19                  -7.48518e-05
 905:   0b1.0.011.1011.1     1     0       3     -20   -19.5                  -5.82947e-05
 906:   0b1.0.011.1011.0     1     0       3     -20     -20                  -4.53999e-05
 907:   0b1.0.011.1010.1     1     0       3     -21   -20.5                  -3.53575e-05
 908:   0b1.0.011.1010.0     1     0       3     -21     -21                  -2.75364e-05
 909:   0b1.0.011.1001.1     1     0       3     -22   -21.5                  -2.14454e-05
 910:   0b1.0.011.1001.0     1     0       3     -22     -22                  -1.67017e-05
 911:   0b1.0.011.1000.1     1     0       3     -23   -22.5                  -1.30073e-05
 912:   0b1.0.011.1000.0     1     0       3     -23     -23                  -1.01301e-05
 913:   0b1.0.011.0111.1     1     0       3     -24   -23.5                  -7.88932e-06
 914:   0b1.0.011.0111.0     1     0       3     -24     -24                  -6.14421e-06
 915:   0b1.0.011.0110.1     1     0       3     -25   -24.5                  -4.78512e-06
 916:   0b1.0.011.0110.0     1     0       3     -25     -25                  -3.72665e-06
 917:   0b1.0.011.0101.1     1     0       3     -26   -25.5                  -2.90232e-06
 918:   0b1.0.011.0101.0     1     0       3     -26     -26                  -2.26033e-06
 919:   0b1.0.011.0100.1     1     0       3     -27   -26.5                  -1.76035e-06
 920:   0b1.0.011.0100.0     1     0       3     -27     -27                  -1.37096e-06
 921:   0b1.0.011.0011.1     1     0       3     -28   -27.5                   -1.0677e-06
 922:   0b1.0.011.0011.0     1     0       3     -28     -28                  -8.31529e-07
 923:   0b1.0.011.0010.1     1     0       3     -29   -28.5                  -6.47595e-07
 924:   0b1.0.011.0010.0     1     0       3     -29     -29                  -5.04348e-07
 925:   0b1.0.011.0001.1     1     0       3     -30   -29.5                  -3.92786e-07
 926:   0b1.0.011.0001.0     1     0       3     -30     -30                  -3.05902e-07
 927:   0b1.0.011.0000.1     1     0       3     -31   -30.5                  -2.38237e-07
 928:   0b1.0.011.0000.0     1     0       3     -31     -31                  -1.85539e-07
 929:   0b1.0.010.11111.     1     0       2     -32     -32                  -1.12535e-07
 930:   0b1.0.010.11110.     1     0       2     -33     -33                   -6.8256e-08
 931:   0b1.0.010.11101.     1     0       2     -34     -34                  -4.13994e-08
 932:   0b1.0.010.11100.     1     0       2     -35     -35                    -2.511e-08
 933:   0b1.0.010.11011.     1     0       2     -36     -36                    -1.523e-08
 934:   0b1.0.010.11010.     1     0       2     -37     -37                  -9.23745e-09
 935:   0b1.0.010.11001.     1     0       2     -38     -38                   -5.6028e-09
 936:   0b1.0.010.11000.     1     0       2     -39     -39                  -3.39827e-09
 937:   0b1.0.010.10111.     1     0       2     -40     -40                  -2.06115e-09
 938:   0b1.0.010.10110.     1     0       2     -41     -41                  -1.25015e-09
 939:   0b1.0.010.10101.     1     0       2     -42     -42                  -7.58256e-10
 940:   0b1.0.010.10100.     1     0       2     -43     -43                  -4.59906e-10
 941:   0b1.0.010.10011.     1     0       2     -44     -44                  -2.78947e-10
 942:   0b1.0.010.10010.     1     0       2     -45     -45                   -1.6919e-10
 943:   0b1.0.010.10001.     1     0       2     -46     -46                  -1.02619e-10
 944:   0b1.0.010.10000.     1     0       2     -47     -47                  -6.22414e-11
 945:   0b1.0.010.01111.     1     0       2     -48     -48                  -3.77513e-11
 946:   0b1.0.010.01110.     1     0       2     -49     -49                  -2.28973e-11
 947:   0b1.0.010.01101.     1     0       2     -50     -50                  -1.38879e-11
 948:   0b1.0.010.01100.     1     0       2     -51     -51                  -8.42346e-12
 949:   0b1.0.010.01011.     1     0       2     -52     -52                  -5.10909e-12
 950:   0b1.0.010.01010.     1     0       2     -53     -53                  -3.09882e-12
 951:   0b1.0.010.01001.     1     0       2     -54     -54                  -1.87953e-12
 952:   0b1.0.010.01000.     1     0       2     -55     -55                  -1.13999e-12
 953:   0b1.0.010.00111.     1     0       2     -56     -56                   -6.9144e-13
 954:   0b1.0.010.00110.     1     0       2     -57     -57                   -4.1938e-13
 955:   0b1.0.010.00101.     1     0       2     -58     -58                  -2.54367e-13
 956:   0b1.0.010.00100.     1     0       2     -59     -59                  -1.54281e-13
 957:   0b1.0.010.00011.     1     0       2     -60     -60                  -9.35762e-14
 958:   0b1.0.010.00010.     1     0       2     -61     -61                  -5.67569e-14
 959:   0b1.0.010.00001.     1     0       2     -62     -62                  -3.44248e-14
 960:   0b1.0.010.00000.     1     0       2     -63     -63                  -2.08797e-14
 961:   0b1.0.001.11111.     1     0       1     -65     -65                   -7.6812e-15
 962:   0b1.0.001.11110.     1     0       1     -67     -67                  -2.82576e-15
 963:   0b1.0.001.11101.     1     0       1     -69     -69                  -1.03954e-15
 964:   0b1.0.001.11100.     1     0       1     -71     -71                  -3.82425e-16
 965:   0b1.0.001.11011.     1     0       1     -73     -73                  -1.40686e-16
 966:   0b1.0.001.11010.     1     0       1     -75     -75                  -5.17556e-17
 967:   0b1.0.001.11001.     1     0       1     -77     -77                  -1.90398e-17
 968:   0b1.0.001.11000.     1     0       1     -79     -79                  -7.00435e-18
 969:   0b1.0.001.10111.     1     0       1     -81     -81                  -2.57676e-18
 970:   0b1.0.001.10110.     1     0       1     -83     -83                  -9.47936e-19
 971:   0b1.0.001.10101.     1     0       1     -85     -85                  -3.48726e-19
 972:   0b1.0.001.10100.     1     0       1     -87     -87                  -1.28289e-19
 973:   0b1.0.001.10011.     1     0       1     -89     -89                   -4.7195e-20
 974:   0b1.0.001.10010.     1     0       1     -91     -91                  -1.73621e-20
 975:   0b1.0.001.10001.     1     0       1     -93     -93                  -6.38714e-21
 976:   0b1.0.001.10000.     1     0       1     -95     -95                   -2.3497e-21
 977:   0b1.0.001.01111.     1     0       1     -97     -97                  -8.64406e-22
 978:   0b1.0.001.01110.     1     0       1     -99     -99                  -3.17997e-22
 979:   0b1.0.001.01101.     1     0       1    -101    -101                  -1.16985e-22
 980:   0b1.0.001.01100.     1     0       1    -103    -103                  -4.30362e-23
 981:   0b1.0.001.01011.     1     0       1    -105    -105                  -1.58321e-23
 982:   0b1.0.001.01010.     1     0       1    -107    -107                  -5.82432e-24
 983:   0b1.0.001.01001.     1     0       1    -109    -109                  -2.14265e-24
 984:   0b1.0.001.01000.     1     0       1    -111    -111                  -7.88236e-25
 985:   0b1.0.001.00111.     1     0       1    -113    -113                  -2.89976e-25
 986:   0b1.0.001.00110.     1     0       1    -115    -115                  -1.06676e-25
 987:   0b1.0.001.00101.     1     0       1    -117    -117                   -3.9244e-26
 988:   0b1.0.001.00100.     1     0       1    -119    -119                   -1.4437e-26
 989:   0b1.0.001.00011.     1     0       1    -121    -121                  -5.31109e-27
 990:   0b1.0.001.00010.     1     0       1    -123    -123                  -1.95384e-27
 991:   0b1.0.001.00001.     1     0       1    -125    -125                  -7.18778e-28
 992:   0b1.0.001.00000.     1     0       1    -127    -127                  -2.64424e-28
 993:   0b1.0.000.11111.     1     0       0    -131    -131                  -3.57859e-29
 994:   0b1.0.000.11110.     1     0       0    -135    -135                  -4.84309e-30
 995:   0b1.0.000.11101.     1     0       0    -139    -139                  -6.55441e-31
 996:   0b1.0.000.11100.     1     0       0    -143    -143                  -8.87043e-32
 997:   0b1.0.000.11011.     1     0       0    -147    -147                  -1.20048e-32
 998:   0b1.0.000.11010.     1     0       0    -151    -151                  -1.62468e-33
 999:   0b1.0.000.11001.     1     0       0    -155    -155                  -2.19876e-34
1000:   0b1.0.000.11000.     1     0       0    -159    -159                   -2.9757e-35
1001:   0b1.0.000.10111.     1     0       0    -163    -163                  -4.02717e-36
1002:   0b1.0.000.10110.     1     0       0    -167    -167                  -5.45018e-37
1003:   0b1.0.000.10101.     1     0       0    -171    -171                  -7.37602e-38
1004:   0b1.0.000.10100.     1     0       0    -175    -175                  -9.98235e-39
1005:   0b1.0.000.10011.     1     0       0    -179    -179                  -1.35096e-39
1006:   0b1.0.000.10010.     1     0       0    -183    -183                  -1.82833e-40
1007:   0b1.0.000.10001.     1     0       0    -187    -187                  -2.47438e-41
1008:   0b1.0.000.10000.     1     0       0    -191    -191                  -3.34871e-42
1009:   0b1.0.000.01111.     1     0       0    -195    -195                  -4.53198e-43
1010:   0b1.0.000.01110.     1     0       0    -199    -199                  -6.13337e-44
1011:   0b1.0.000.01101.     1     0       0    -203    -203                  -8.30061e-45
1012:   0b1.0.000.01100.     1     0       0    -207    -207                  -1.12337e-45
1013:   0b1.0.000.01011.     1     0       0    -211    -211                  -1.52031e-46
1014:   0b1.0.000.01010.     1     0       0    -215    -215                  -2.05752e-47
1015:   0b1.0.000.01001.     1     0       0    -219    -219                  -2.78454e-48
1016:   0b1.0.000.01000.     1     0       0    -223    -223                  -3.76847e-49
1017:   0b1.0.000.00111.     1     0       0    -227    -227                  -5.10007e-50
1018:   0b1.0.000.00110.     1     0       0    -231    -231                   -6.9022e-51
1019:   0b1.0.000.00101.     1     0       0    -235    -235                  -9.34111e-52
1020:   0b1.0.000.00100.     1     0       0    -239    -239                  -1.26418e-52
1021:   0b1.0.000.00011.     1     0       0    -243    -243                  -1.71088e-53
1022:   0b1.0.000.00010.     1     0       0    -247    -247                  -2.31543e-54
1023:   0b1.0.000.00001.     1     0       0    -251    -251                  -3.13359e-55
Generate Value table for a takum_log<12,3> in TXT format
   #               Binary  sign   dir  regime    char       l                         value
   0:   0b0.0.000.0000000.     0     0       0       0       0                             0
   1:   0b0.0.000.0000001.     0     0       0    -254    -254                   6.99199e-56
   2:   0b0.0.000.0000010.     0     0       0    -253    -253                   1.15278e-55
   3:   0b0.0.000.0000011.     0     0       0    -252    -252                   1.90062e-55
   4:   0b0.0.000.0000100.     0     0       0    -251    -251                   3.13359e-55
   5:   0b0.0.000.0000101.     0     0       0    -250    -250                   5.16642e-55
   6:   0b0.0.000.0000110.     0     0       0    -249    -249                   8.51799e-55
   7:   0b0.0.000.0000111.     0     0       0    -248    -248                   1.40438e-54
   8:   0b0.0.000.0001000.     0     0       0    -247    -247                   2.31543e-54
   9:   0b0.0.000.0001001.     0     0       0    -246    -246                    3.8175e-54
  10:   0b0.0.000.0001010.     0     0       0    -245    -245                   6.29399e-54
  11:   0b0.0.000.0001011.     0     0       0    -244    -244                    1.0377e-53
  12:   0b0.0.000.0001100.     0     0       0    -243    -243                   1.71088e-53
  13:   0b0.0.000.0001101.     0     0       0    -242    -242                   2.82077e-53
  14:   0b0.0.000.0001110.     0     0       0    -241    -241                   4.65066e-53
  15:   0b0.0.000.0001111.     0     0       0    -240    -240                   7.66765e-53
  16:   0b0.0.000.0010000.     0     0       0    -239    -239                   1.26418e-52
  17:   0b0.0.000.0010001.     0     0       0    -238    -238                   2.08428e-52
  18:   0b0.0.000.0010010.     0     0       0    -237    -237                    3.4364e-52
  19:   0b0.0.000.0010011.     0     0       0    -236    -236                   5.66567e-52
  20:   0b0.0.000.0010100.     0     0       0    -235    -235                   9.34111e-52
  21:   0b0.0.000.0010101.     0     0       0    -234    -234                   1.54009e-51
  22:   0b0.0.000.0010110.     0     0       0    -233    -233                   2.53918e-51
  23:   0b0.0.000.0010111.     0     0       0    -232    -232                   4.18639e-51
  24:   0b0.0.000.0011000.     0     0       0    -231    -231                    6.9022e-51
  25:   0b0.0.000.0011001.     0     0       0    -230    -230                   1.13798e-50
  26:   0b0.0.000.0011010.     0     0       0    -229    -229                   1.87621e-50
  27:   0b0.0.000.0011011.     0     0       0    -228    -228                   3.09335e-50
  28:   0b0.0.000.0011100.     0     0       0    -227    -227                   5.10007e-50
  29:   0b0.0.000.0011101.     0     0       0    -226    -226                    8.4086e-50
  30:   0b0.0.000.0011110.     0     0       0    -225    -225                   1.38634e-49
  31:   0b0.0.000.0011111.     0     0       0    -224    -224                   2.28569e-49
  32:   0b0.0.000.0100000.     0     0       0    -223    -223                   3.76847e-49
  33:   0b0.0.000.0100001.     0     0       0    -222    -222                   6.21316e-49
  34:   0b0.0.000.0100010.     0     0       0    -221    -221                   1.02438e-48
  35:   0b0.0.000.0100011.     0     0       0    -220    -220                   1.68891e-48
  36:   0b0.0.000.0100100.     0     0       0    -219    -219                   2.78454e-48
  37:   0b0.0.000.0100101.     0     0       0    -218    -218                   4.59094e-48
  38:   0b0.0.000.0100110.     0     0       0    -217    -217                   7.56918e-48
  39:   0b0.0.000.0100111.     0     0       0    -216    -216                   1.24795e-47
  40:   0b0.0.000.0101000.     0     0       0    -215    -215                   2.05752e-47
  41:   0b0.0.000.0101001.     0     0       0    -214    -214                   3.39227e-47
  42:   0b0.0.000.0101010.     0     0       0    -213    -213                   5.59291e-47
  43:   0b0.0.000.0101011.     0     0       0    -212    -212                   9.22115e-47
  44:   0b0.0.000.0101100.     0     0       0    -211    -211                   1.52031e-46
  45:   0b0.0.000.0101101.     0     0       0    -210    -210                   2.50657e-46
  46:   0b0.0.000.0101110.     0     0       0    -209    -209                   4.13263e-46
  47:   0b0.0.000.0101111.     0     0       0    -208    -208                   6.81356e-46
  48:   0b0.0.000.0110000.     0     0       0    -207    -207                   1.12337e-45
  49:   0b0.0.000.0110001.     0     0       0    -206    -206                   1.85212e-45
  50:   0b0.0.000.0110010.     0     0       0    -205    -205                   3.05362e-45
  51:   0b0.0.000.0110011.     0     0       0    -204    -204                   5.03458e-45
  52:   0b0.0.000.0110100.     0     0       0    -203    -203                   8.30061e-45
  53:   0b0.0.000.0110101.     0     0       0    -202    -202                   1.36854e-44
  54:   0b0.0.000.0110110.     0     0       0    -201    -201                   2.25634e-44
  55:   0b0.0.000.0110111.     0     0       0    -200    -200                   3.72008e-44
  56:   0b0.0.000.0111000.     0     0       0    -199    -199                   6.13337e-44
  57:   0b0.0.000.0111001.     0     0       0    -198    -198                   1.01122e-43
  58:   0b0.0.000.0111010.     0     0       0    -197    -197                   1.66722e-43
  59:   0b0.0.000.0111011.     0     0       0    -196    -196                   2.74879e-43
  60:   0b0.0.000.0111100.     0     0       0    -195    -195                   4.53198e-43
  61:   0b0.0.000.0111101.     0     0       0    -194    -194                   7.47197e-43
  62:   0b0.0.000.0111110.     0     0       0    -193    -193                   1.23192e-42
  63:   0b0.0.000.0111111.     0     0       0    -192    -192                   2.03109e-42
  64:   0b0.0.000.1000000.     0     0       0    -191    -191                   3.34871e-42
  65:   0b0.0.000.1000001.     0     0       0    -190    -190                   5.52108e-42
  66:   0b0.0.000.1000010.     0     0       0    -189    -189                   9.10273e-42
  67:   0b0.0.000.1000011.     0     0       0    -188    -188                   1.50079e-41
  68:   0b0.0.000.1000100.     0     0       0    -187    -187                   2.47438e-41
  69:   0b0.0.000.1000101.     0     0       0    -186    -186                   4.07956e-41
  70:   0b0.0.000.1000110.     0     0       0    -185    -185                   6.72606e-41
  71:   0b0.0.000.1000111.     0     0       0    -184    -184                   1.10894e-40
  72:   0b0.0.000.1001000.     0     0       0    -183    -183                   1.82833e-40
  73:   0b0.0.000.1001001.     0     0       0    -182    -182                   3.01441e-40
  74:   0b0.0.000.1001010.     0     0       0    -181    -181                   4.96992e-40
  75:   0b0.0.000.1001011.     0     0       0    -180    -180                   8.19401e-40
  76:   0b0.0.000.1001100.     0     0       0    -179    -179                   1.35096e-39
  77:   0b0.0.000.1001101.     0     0       0    -178    -178                   2.22736e-39
  78:   0b0.0.000.1001110.     0     0       0    -177    -177                    3.6723e-39
  79:   0b0.0.000.1001111.     0     0       0    -176    -176                    6.0546e-39
  80:   0b0.0.000.1010000.     0     0       0    -175    -175                   9.98235e-39
  81:   0b0.0.000.1010001.     0     0       0    -174    -174                   1.64581e-38
  82:   0b0.0.000.1010010.     0     0       0    -173    -173                   2.71348e-38
  83:   0b0.0.000.1010011.     0     0       0    -172    -172                   4.47378e-38
  84:   0b0.0.000.1010100.     0     0       0    -171    -171                   7.37602e-38
  85:   0b0.0.000.1010101.     0     0       0    -170    -170                    1.2161e-37
  86:   0b0.0.000.1010110.     0     0       0    -169    -169                   2.00501e-37
  87:   0b0.0.000.1010111.     0     0       0    -168    -168                    3.3057e-37
  88:   0b0.0.000.1011000.     0     0       0    -167    -167                   5.45018e-37
  89:   0b0.0.000.1011001.     0     0       0    -166    -166                   8.98583e-37
  90:   0b0.0.000.1011010.     0     0       0    -165    -165                   1.48151e-36
  91:   0b0.0.000.1011011.     0     0       0    -164    -164                    2.4426e-36
  92:   0b0.0.000.1011100.     0     0       0    -163    -163                   4.02717e-36
  93:   0b0.0.000.1011101.     0     0       0    -162    -162                   6.63968e-36
  94:   0b0.0.000.1011110.     0     0       0    -161    -161                    1.0947e-35
  95:   0b0.0.000.1011111.     0     0       0    -160    -160                   1.80485e-35
  96:   0b0.0.000.1100000.     0     0       0    -159    -159                    2.9757e-35
  97:   0b0.0.000.1100001.     0     0       0    -158    -158                   4.90609e-35
  98:   0b0.0.000.1100010.     0     0       0    -157    -157                   8.08878e-35
  99:   0b0.0.000.1100011.     0     0       0    -156    -156                   1.33361e-34
 100:   0b0.0.000.1100100.     0     0       0    -155    -155                   2.19876e-34
 101:   0b0.0.000.1100101.     0     0       0    -154    -154                   3.62514e-34
 102:   0b0.0.000.1100110.     0     0       0    -153    -153                   5.97685e-34
 103:   0b0.0.000.1100111.     0     0       0    -152    -152                   9.85415e-34
 104:   0b0.0.000.1101000.     0     0       0    -151    -151                   1.62468e-33
 105:   0b0.0.000.1101001.     0     0       0    -150    -150                   2.67864e-33
 106:   0b0.0.000.1101010.     0     0       0    -149    -149                   4.41633e-33
 107:   0b0.0.000.1101011.     0     0       0    -148    -148                   7.28129e-33
 108:   0b0.0.000.1101100.     0     0       0    -147    -147                   1.20048e-32
 109:   0b0.0.000.1101101.     0     0       0    -146    -146                   1.97926e-32
 110:   0b0.0.000.1101110.     0     0       0    -145    -145                   3.26325e-32
 111:   0b0.0.000.1101111.     0     0       0    -144    -144                   5.38019e-32
 112:   0b0.0.000.1110000.     0     0       0    -143    -143                   8.87043e-32
 113:   0b0.0.000.1110001.     0     0       0    -142    -142                   1.46249e-31
 114:   0b0.0.000.1110010.     0     0       0    -141    -141                   2.41123e-31
 115:   0b0.0.000.1110011.     0     0       0    -140    -140                   3.97545e-31
 116:   0b0.0.000.1110100.     0     0       0    -139    -139                   6.55441e-31
 117:   0b0.0.000.1110101.     0     0       0    -138    -138                   1.08064e-30
 118:   0b0.0.000.1110110.     0     0       0    -137    -137                   1.78167e-30
 119:   0b0.0.000.1110111.     0     0       0    -136    -136                   2.93748e-30
 120:   0b0.0.000.1111000.     0     0       0    -135    -135                   4.84309e-30
 121:   0b0.0.000.1111001.     0     0       0    -134    -134                    7.9849e-30
 122:   0b0.0.000.1111010.     0     0       0    -133    -133                   1.31649e-29
 123:   0b0.0.000.1111011.     0     0       0    -132    -132                   2.17052e-29
 124:   0b0.0.000.1111100.     0     0       0    -131    -131                   3.57859e-29
 125:   0b0.0.000.1111101.     0     0       0    -130    -130                   5.90009e-29
 126:   0b0.0.000.1111110.     0     0       0    -129    -129                    9.7276e-29
 127:   0b0.0.000.1111111.     0     0       0    -128    -128                   1.60381e-28
 128:   0b0.0.001.000000.0     0     0       1    -127    -127                   2.64424e-28
 129:   0b0.0.001.000000.1     0     0       1    -127  -126.5                   3.39527e-28
 130:   0b0.0.001.000001.0     0     0       1    -126    -126                   4.35961e-28
 131:   0b0.0.001.000001.1     0     0       1    -126  -125.5                   5.59785e-28
 132:   0b0.0.001.000010.0     0     0       1    -125    -125                   7.18778e-28
 133:   0b0.0.001.000010.1     0     0       1    -125  -124.5                   9.22929e-28
 134:   0b0.0.001.000011.0     0     0       1    -124    -124                   1.18506e-27
 135:   0b0.0.001.000011.1     0     0       1    -124  -123.5                   1.52165e-27
 136:   0b0.0.001.000100.0     0     0       1    -123    -123                   1.95384e-27
 137:   0b0.0.001.000100.1     0     0       1    -123  -122.5                   2.50878e-27
 138:   0b0.0.001.000101.0     0     0       1    -122    -122                   3.22134e-27
 139:   0b0.0.001.000101.1     0     0       1    -122  -121.5                   4.13628e-27
 140:   0b0.0.001.000110.0     0     0       1    -121    -121                   5.31109e-27
 141:   0b0.0.001.000110.1     0     0       1    -121  -120.5                   6.81958e-27
 142:   0b0.0.001.000111.0     0     0       1    -120    -120                   8.75651e-27
 143:   0b0.0.001.000111.1     0     0       1    -120  -119.5                   1.12436e-26
 144:   0b0.0.001.001000.0     0     0       1    -119    -119                    1.4437e-26
 145:   0b0.0.001.001000.1     0     0       1    -119  -118.5                   1.85375e-26
 146:   0b0.0.001.001001.0     0     0       1    -118    -118                   2.38027e-26
 147:   0b0.0.001.001001.1     0     0       1    -118  -117.5                   3.05632e-26
 148:   0b0.0.001.001010.0     0     0       1    -117    -117                    3.9244e-26
 149:   0b0.0.001.001010.1     0     0       1    -117  -116.5                   5.03902e-26
 150:   0b0.0.001.001011.0     0     0       1    -116    -116                   6.47023e-26
 151:   0b0.0.001.001011.1     0     0       1    -116  -115.5                   8.30795e-26
 152:   0b0.0.001.001100.0     0     0       1    -115    -115                   1.06676e-25
 153:   0b0.0.001.001100.1     0     0       1    -115  -114.5                   1.36975e-25
 154:   0b0.0.001.001101.0     0     0       1    -114    -114                   1.75879e-25
 155:   0b0.0.001.001101.1     0     0       1    -114  -113.5                   2.25833e-25
 156:   0b0.0.001.001110.0     0     0       1    -113    -113                   2.89976e-25
 157:   0b0.0.001.001110.1     0     0       1    -113  -112.5                   3.72336e-25
 158:   0b0.0.001.001111.0     0     0       1    -112    -112                   4.78089e-25
 159:   0b0.0.001.001111.1     0     0       1    -112  -111.5                   6.13879e-25
 160:   0b0.0.001.010000.0     0     0       1    -111    -111                   7.88236e-25
 161:   0b0.0.001.010000.1     0     0       1    -111  -110.5                   1.01212e-24
 162:   0b0.0.001.010001.0     0     0       1    -110    -110                   1.29958e-24
 163:   0b0.0.001.010001.1     0     0       1    -110  -109.5                    1.6687e-24
 164:   0b0.0.001.010010.0     0     0       1    -109    -109                   2.14265e-24
 165:   0b0.0.001.010010.1     0     0       1    -109  -108.5                   2.75121e-24
 166:   0b0.0.001.010011.0     0     0       1    -108    -108                   3.53263e-24
 167:   0b0.0.001.010011.1     0     0       1    -108  -107.5                   4.53598e-24
 168:   0b0.0.001.010100.0     0     0       1    -107    -107                   5.82432e-24
 169:   0b0.0.001.010100.1     0     0       1    -107  -106.5                   7.47857e-24
 170:   0b0.0.001.010101.0     0     0       1    -106    -106                   9.60268e-24
 171:   0b0.0.001.010101.1     0     0       1    -106  -105.5                   1.23301e-23
 172:   0b0.0.001.010110.0     0     0       1    -105    -105                   1.58321e-23
 173:   0b0.0.001.010110.1     0     0       1    -105  -104.5                   2.03289e-23
 174:   0b0.0.001.010111.0     0     0       1    -104    -104                   2.61028e-23
 175:   0b0.0.001.010111.1     0     0       1    -104  -103.5                   3.35166e-23
 176:   0b0.0.001.011000.0     0     0       1    -103    -103                   4.30362e-23
 177:   0b0.0.001.011000.1     0     0       1    -103  -102.5                   5.52596e-23
 178:   0b0.0.001.011001.0     0     0       1    -102    -102                   7.09547e-23
 179:   0b0.0.001.011001.1     0     0       1    -102  -101.5                   9.11077e-23
 180:   0b0.0.001.011010.0     0     0       1    -101    -101                   1.16985e-22
 181:   0b0.0.001.011010.1     0     0       1    -101  -100.5                   1.50211e-22
 182:   0b0.0.001.011011.0     0     0       1    -100    -100                   1.92875e-22
 183:   0b0.0.001.011011.1     0     0       1    -100   -99.5                   2.47656e-22
 184:   0b0.0.001.011100.0     0     0       1     -99     -99                   3.17997e-22
 185:   0b0.0.001.011100.1     0     0       1     -99   -98.5                   4.08316e-22
 186:   0b0.0.001.011101.0     0     0       1     -98     -98                   5.24289e-22
 187:   0b0.0.001.011101.1     0     0       1     -98   -97.5                     6.732e-22
 188:   0b0.0.001.011110.0     0     0       1     -97     -97                   8.64406e-22
 189:   0b0.0.001.011110.1     0     0       1     -97   -96.5                   1.10992e-21
 190:   0b0.0.001.011111.0     0     0       1     -96     -96                   1.42516e-21
 191:   0b0.0.001.011111.1     0     0       1     -96   -95.5                   1.82995e-21
 192:   0b0.0.001.100000.0     0     0       1     -95     -95                    2.3497e-21
 193:   0b0.0.001.100000.1     0     0       1     -95   -94.5                   3.01707e-21
 194:   0b0.0.001.100001.0     0     0       1     -94     -94                     3.874e-21
 195:   0b0.0.001.100001.1     0     0       1     -94   -93.5                   4.97431e-21
 196:   0b0.0.001.100010.0     0     0       1     -93     -93                   6.38714e-21
 197:   0b0.0.001.100010.1     0     0       1     -93   -92.5                   8.20125e-21
 198:   0b0.0.001.100011.0     0     0       1     -92     -92                   1.05306e-20
 199:   0b0.0.001.100011.1     0     0       1     -92   -91.5                   1.35216e-20
 200:   0b0.0.001.100100.0     0     0       1     -91     -91                   1.73621e-20
 201:   0b0.0.001.100100.1     0     0       1     -91   -90.5                   2.22933e-20
 202:   0b0.0.001.100101.0     0     0       1     -90     -90                   2.86252e-20
 203:   0b0.0.001.100101.1     0     0       1     -90   -89.5                   3.67555e-20
 204:   0b0.0.001.100110.0     0     0       1     -89     -89                    4.7195e-20
 205:   0b0.0.001.100110.1     0     0       1     -89   -88.5                   6.05995e-20
 206:   0b0.0.001.100111.0     0     0       1     -88     -88                   7.78113e-20
 207:   0b0.0.001.100111.1     0     0       1     -88   -87.5                   9.99117e-20
 208:   0b0.0.001.101000.0     0     0       1     -87     -87                   1.28289e-19
 209:   0b0.0.001.101000.1     0     0       1     -87   -86.5                   1.64727e-19
 210:   0b0.0.001.101001.0     0     0       1     -86     -86                   2.11513e-19
 211:   0b0.0.001.101001.1     0     0       1     -86   -85.5                   2.71588e-19
 212:   0b0.0.001.101010.0     0     0       1     -85     -85                   3.48726e-19
 213:   0b0.0.001.101010.1     0     0       1     -85   -84.5                   4.47773e-19
 214:   0b0.0.001.101011.0     0     0       1     -84     -84                   5.74952e-19
 215:   0b0.0.001.101011.1     0     0       1     -84   -83.5                   7.38253e-19
 216:   0b0.0.001.101100.0     0     0       1     -83     -83                   9.47936e-19
 217:   0b0.0.001.101100.1     0     0       1     -83   -82.5                   1.21717e-18
 218:   0b0.0.001.101101.0     0     0       1     -82     -82                   1.56288e-18
 219:   0b0.0.001.101101.1     0     0       1     -82   -81.5                   2.00678e-18
 220:   0b0.0.001.101110.0     0     0       1     -81     -81                   2.57676e-18
 221:   0b0.0.001.101110.1     0     0       1     -81   -80.5                   3.30862e-18
 222:   0b0.0.001.101111.0     0     0       1     -80     -80                   4.24835e-18
 223:   0b0.0.001.101111.1     0     0       1     -80   -79.5                   5.45499e-18
 224:   0b0.0.001.110000.0     0     0       1     -79     -79                   7.00435e-18
 225:   0b0.0.001.110000.1     0     0       1     -79   -78.5                   8.99377e-18
 226:   0b0.0.001.110001.0     0     0       1     -78     -78                   1.15482e-17
 227:   0b0.0.001.110001.1     0     0       1     -78   -77.5                   1.48282e-17
 228:   0b0.0.001.110010.0     0     0       1     -77     -77                   1.90398e-17
 229:   0b0.0.001.110010.1     0     0       1     -77   -76.5                   2.44476e-17
 230:   0b0.0.001.110011.0     0     0       1     -76     -76                   3.13913e-17
 231:   0b0.0.001.110011.1     0     0       1     -76   -75.5                   4.03073e-17
 232:   0b0.0.001.110100.0     0     0       1     -75     -75                   5.17556e-17
 233:   0b0.0.001.110100.1     0     0       1     -75   -74.5                   6.64554e-17
 234:   0b0.0.001.110101.0     0     0       1     -74     -74                   8.53305e-17
 235:   0b0.0.001.110101.1     0     0       1     -74   -73.5                   1.09567e-16
 236:   0b0.0.001.110110.0     0     0       1     -73     -73                   1.40686e-16
 237:   0b0.0.001.110110.1     0     0       1     -73   -72.5                   1.80645e-16
 238:   0b0.0.001.110111.0     0     0       1     -72     -72                   2.31952e-16
 239:   0b0.0.001.110111.1     0     0       1     -72   -71.5                   2.97833e-16
 240:   0b0.0.001.111000.0     0     0       1     -71     -71                   3.82425e-16
 241:   0b0.0.001.111000.1     0     0       1     -71   -70.5                   4.91043e-16
 242:   0b0.0.001.111001.0     0     0       1     -70     -70                   6.30512e-16
 243:   0b0.0.001.111001.1     0     0       1     -70   -69.5                   8.09593e-16
 244:   0b0.0.001.111010.0     0     0       1     -69     -69                   1.03954e-15
 245:   0b0.0.001.111010.1     0     0       1     -69   -68.5                   1.33479e-15
 246:   0b0.0.001.111011.0     0     0       1     -68     -68                   1.71391e-15
 247:   0b0.0.001.111011.1     0     0       1     -68   -67.5                    2.2007e-15
 248:   0b0.0.001.111100.0     0     0       1     -67     -67                   2.82576e-15
 249:   0b0.0.001.111100.1     0     0       1     -67   -66.5                   3.62834e-15
 250:   0b0.0.001.111101.0     0     0       1     -66     -66                   4.65889e-15
 251:   0b0.0.001.111101.1     0     0       1     -66   -65.5                   5.98213e-15
 252:   0b0.0.001.111110.0     0     0       1     -65     -65                    7.6812e-15
 253:   0b0.0.001.111110.1     0     0       1     -65   -64.5                   9.86286e-15
 254:   0b0.0.001.111111.0     0     0       1     -64     -64                   1.26642e-14
 255:   0b0.0.001.111111.1     0     0       1     -64   -63.5                   1.62611e-14
 256:   0b0.0.010.00000.00     0     0       2     -63     -63                   2.08797e-14
 257:   0b0.0.010.00000.01     0     0       2     -63  -62.75                   2.36598e-14
 258:   0b0.0.010.00000.10     0     0       2     -63   -62.5                     2.681e-14
 259:   0b0.0.010.00000.11     0     0       2     -63  -62.25                   3.03798e-14
 260:   0b0.0.010.00001.00     0     0       2     -62     -62                   3.44248e-14
 261:   0b0.0.010.00001.01     0     0       2     -62  -61.75                   3.90084e-14
 262:   0b0.0.010.00001.10     0     0       2     -62   -61.5                   4.42023e-14
 263:   0b0.0.010.00001.11     0     0       2     -62  -61.25                   5.00877e-14
 264:   0b0.0.010.00010.00     0     0       2     -61     -61                   5.67569e-14
 265:   0b0.0.010.00010.01     0     0       2     -61  -60.75                   6.43139e-14
 266:   0b0.0.010.00010.10     0     0       2     -61   -60.5                   7.28772e-14
 267:   0b0.0.010.00010.11     0     0       2     -61  -60.25                   8.25807e-14
 268:   0b0.0.010.00011.00     0     0       2     -60     -60                   9.35762e-14
 269:   0b0.0.010.00011.01     0     0       2     -60  -59.75                   1.06036e-13
 270:   0b0.0.010.00011.10     0     0       2     -60   -59.5                   1.20154e-13
 271:   0b0.0.010.00011.11     0     0       2     -60  -59.25                   1.36153e-13
 272:   0b0.0.010.00100.00     0     0       2     -59     -59                   1.54281e-13
 273:   0b0.0.010.00100.01     0     0       2     -59  -58.75                   1.74823e-13
 274:   0b0.0.010.00100.10     0     0       2     -59   -58.5                   1.98101e-13
 275:   0b0.0.010.00100.11     0     0       2     -59  -58.25                   2.24478e-13
 276:   0b0.0.010.00101.00     0     0       2     -58     -58                   2.54367e-13
 277:   0b0.0.010.00101.01     0     0       2     -58  -57.75                   2.88235e-13
 278:   0b0.0.010.00101.10     0     0       2     -58   -57.5                   3.26613e-13
 279:   0b0.0.010.00101.11     0     0       2     -58  -57.25                   3.70101e-13
 280:   0b0.0.010.00110.00     0     0       2     -57     -57                    4.1938e-13
 281:   0b0.0.010.00110.01     0     0       2     -57  -56.75                   4.75219e-13
 282:   0b0.0.010.00110.10     0     0       2     -57   -56.5                   5.38494e-13
 283:   0b0.0.010.00110.11     0     0       2     -57  -56.25                   6.10194e-13
 284:   0b0.0.010.00111.00     0     0       2     -56     -56                    6.9144e-13
 285:   0b0.0.010.00111.01     0     0       2     -56  -55.75                   7.83504e-13
 286:   0b0.0.010.00111.10     0     0       2     -56   -55.5                   8.87827e-13
 287:   0b0.0.010.00111.11     0     0       2     -56  -55.25                   1.00604e-12
 288:   0b0.0.010.01000.00     0     0       2     -55     -55                   1.13999e-12
 289:   0b0.0.010.01000.01     0     0       2     -55  -54.75                   1.29178e-12
 290:   0b0.0.010.01000.10     0     0       2     -55   -54.5                   1.46378e-12
 291:   0b0.0.010.01000.11     0     0       2     -55  -54.25                   1.65868e-12
 292:   0b0.0.010.01001.00     0     0       2     -54     -54                   1.87953e-12
 293:   0b0.0.010.01001.01     0     0       2     -54  -53.75                   2.12979e-12
 294:   0b0.0.010.01001.10     0     0       2     -54   -53.5                   2.41336e-12
 295:   0b0.0.010.01001.11     0     0       2     -54  -53.25                    2.7347e-12
 296:   0b0.0.010.01010.00     0     0       2     -53     -53                   3.09882e-12
 297:   0b0.0.010.01010.01     0     0       2     -53  -52.75                   3.51142e-12
 298:   0b0.0.010.01010.10     0     0       2     -53   -52.5                   3.97896e-12
 299:   0b0.0.010.01010.11     0     0       2     -53  -52.25                   4.50876e-12
 300:   0b0.0.010.01011.00     0     0       2     -52     -52                   5.10909e-12
 301:   0b0.0.010.01011.01     0     0       2     -52  -51.75                   5.78936e-12
 302:   0b0.0.010.01011.10     0     0       2     -52   -51.5                    6.5602e-12
 303:   0b0.0.010.01011.11     0     0       2     -52  -51.25                   7.43368e-12
 304:   0b0.0.010.01100.00     0     0       2     -51     -51                   8.42346e-12
 305:   0b0.0.010.01100.01     0     0       2     -51  -50.75                   9.54503e-12
 306:   0b0.0.010.01100.10     0     0       2     -51   -50.5                   1.08159e-11
 307:   0b0.0.010.01100.11     0     0       2     -51  -50.25                   1.22561e-11
 308:   0b0.0.010.01101.00     0     0       2     -50     -50                   1.38879e-11
 309:   0b0.0.010.01101.01     0     0       2     -50  -49.75                   1.57371e-11
 310:   0b0.0.010.01101.10     0     0       2     -50   -49.5                   1.78325e-11
 311:   0b0.0.010.01101.11     0     0       2     -50  -49.25                   2.02068e-11
 312:   0b0.0.010.01110.00     0     0       2     -49     -49                   2.28973e-11
 313:   0b0.0.010.01110.01     0     0       2     -49  -48.75                   2.59461e-11
 314:   0b0.0.010.01110.10     0     0       2     -49   -48.5                   2.94008e-11
 315:   0b0.0.010.01110.11     0     0       2     -49  -48.25                   3.33154e-11
 316:   0b0.0.010.01111.00     0     0       2     -48     -48                   3.77513e-11
 317:   0b0.0.010.01111.01     0     0       2     -48  -47.75                   4.27779e-11
 318:   0b0.0.010.01111.10     0     0       2     -48   -47.5                   4.84737e-11
 319:   0b0.0.010.01111.11     0     0       2     -48  -47.25                   5.49279e-11
 320:   0b0.0.010.10000.00     0     0       2     -47     -47                   6.22414e-11
 321:   0b0.0.010.10000.01     0     0       2     -47  -46.75                   7.05288e-11
 322:   0b0.0.010.10000.10     0     0       2     -47   -46.5                   7.99196e-11
 323:   0b0.0.010.10000.11     0     0       2     -47  -46.25                   9.05608e-11
 324:   0b0.0.010.10001.00     0     0       2     -46     -46                   1.02619e-10
 325:   0b0.0.010.10001.01     0     0       2     -46  -45.75                   1.16282e-10
 326:   0b0.0.010.10001.10     0     0       2     -46   -45.5                   1.31765e-10
 327:   0b0.0.010.10001.11     0     0       2     -46  -45.25                   1.49309e-10
 328:   0b0.0.010.10010.00     0     0       2     -45     -45                    1.6919e-10
 329:   0b0.0.010.10010.01     0     0       2     -45  -44.75                   1.91717e-10
 330:   0b0.0.010.10010.10     0     0       2     -45   -44.5                   2.17244e-10
 331:   0b0.0.010.10010.11     0     0       2     -45  -44.25                    2.4617e-10
 332:   0b0.0.010.10011.00     0     0       2     -44     -44                   2.78947e-10
 333:   0b0.0.010.10011.01     0     0       2     -44  -43.75                   3.16088e-10
 334:   0b0.0.010.10011.10     0     0       2     -44   -43.5                   3.58175e-10
 335:   0b0.0.010.10011.11     0     0       2     -44  -43.25                   4.05865e-10
 336:   0b0.0.010.10100.00     0     0       2     -43     -43                   4.59906e-10
 337:   0b0.0.010.10100.01     0     0       2     -43  -42.75                   5.21141e-10
 338:   0b0.0.010.10100.10     0     0       2     -43   -42.5                    5.9053e-10
 339:   0b0.0.010.10100.11     0     0       2     -43  -42.25                   6.69159e-10
 340:   0b0.0.010.10101.00     0     0       2     -42     -42                   7.58256e-10
 341:   0b0.0.010.10101.01     0     0       2     -42  -41.75                   8.59217e-10
 342:   0b0.0.010.10101.10     0     0       2     -42   -41.5                    9.7362e-10
 343:   0b0.0.010.10101.11     0     0       2     -42  -41.25                   1.10326e-09
 344:   0b0.0.010.10110.00     0     0       2     -41     -41                   1.25015e-09
 345:   0b0.0.010.10110.01     0     0       2     -41  -40.75                   1.41661e-09
 346:   0b0.0.010.10110.10     0     0       2     -41   -40.5                   1.60523e-09
 347:   0b0.0.010.10110.11     0     0       2     -41  -40.25                   1.81896e-09
 348:   0b0.0.010.10111.00     0     0       2     -40     -40                   2.06115e-09
 349:   0b0.0.010.10111.01     0     0       2     -40  -39.75                   2.33559e-09
 350:   0b0.0.010.10111.10     0     0       2     -40   -39.5                   2.64657e-09
 351:   0b0.0.010.10111.11     0     0       2     -40  -39.25                   2.99896e-09
 352:   0b0.0.010.11000.00     0     0       2     -39     -39                   3.39827e-09
 353:   0b0.0.010.11000.01     0     0       2     -39  -38.75                   3.85074e-09
 354:   0b0.0.010.11000.10     0     0       2     -39   -38.5                   4.36346e-09
 355:   0b0.0.010.11000.11     0     0       2     -39  -38.25                   4.94445e-09
 356:   0b0.0.010.11001.00     0     0       2     -38     -38                    5.6028e-09
 357:   0b0.0.010.11001.01     0     0       2     -38  -37.75                    6.3488e-09
 358:   0b0.0.010.11001.10     0     0       2     -38   -37.5                   7.19413e-09
 359:   0b0.0.010.11001.11     0     0       2     -38  -37.25                   8.15202e-09
 360:   0b0.0.010.11010.00     0     0       2     -37     -37                   9.23745e-09
 361:   0b0.0.010.11010.01     0     0       2     -37  -36.75                   1.04674e-08
 362:   0b0.0.010.11010.10     0     0       2     -37   -36.5                   1.18611e-08
 363:   0b0.0.010.11010.11     0     0       2     -37  -36.25                   1.34404e-08
 364:   0b0.0.010.11011.00     0     0       2     -36     -36                     1.523e-08
 365:   0b0.0.010.11011.01     0     0       2     -36  -35.75                   1.72578e-08
 366:   0b0.0.010.11011.10     0     0       2     -36   -35.5                   1.95557e-08
 367:   0b0.0.010.11011.11     0     0       2     -36  -35.25                   2.21595e-08
 368:   0b0.0.010.11100.00     0     0       2     -35     -35                     2.511e-08
 369:   0b0.0.010.11100.01     0     0       2     -35  -34.75                   2.84533e-08
 370:   0b0.0.010.11100.10     0     0       2     -35   -34.5                   3.22419e-08
 371:   0b0.0.010.11100.11     0     0       2     -35  -34.25                   3.65348e-08
 372:   0b0.0.010.11101.00     0     0       2     -34     -34                   4.13994e-08
 373:   0b0.0.010.11101.01     0     0       2     -34  -33.75                   4.69116e-08
 374:   0b0.0.010.11101.10     0     0       2     -34   -33.5                   5.31579e-08
 375:   0b0.0.010.11101.11     0     0       2     -34  -33.25                   6.02357e-08
 376:   0b0.0.010.11110.00     0     0       2     -33     -33                    6.8256e-08
 377:   0b0.0.010.11110.01     0     0       2     -33  -32.75                   7.73442e-08
 378:   0b0.0.010.11110.10     0     0       2     -33   -32.5                   8.76425e-08
 379:   0b0.0.010.11110.11     0     0       2     -33  -32.25                   9.93119e-08
 380:   0b0.0.010.11111.00     0     0       2     -32     -32                   1.12535e-07
 381:   0b0.0.010.11111.01     0     0       2     -32  -31.75                   1.27519e-07
 382:   0b0.0.010.11111.10     0     0       2     -32   -31.5                   1.44498e-07
 383:   0b0.0.010.11111.11     0     0       2     -32  -31.25                   1.63738e-07
 384:   0b0.0.011.0000.000     0     0       3     -31     -31                   1.85539e-07
 385:   0b0.0.011.0000.001     0     0       3     -31 -30.875                   1.97505e-07
 386:   0b0.0.011.0000.010     0     0       3     -31  -30.75                   2.10243e-07
 387:   0b0.0.011.0000.011     0     0       3     -31 -30.625                   2.23803e-07
 388:   0b0.0.011.0000.100     0     0       3     -31   -30.5                   2.38237e-07
 389:   0b0.0.011.0000.101     0     0       3     -31 -30.375                   2.53602e-07
 390:   0b0.0.011.0000.110     0     0       3     -31  -30.25                   2.69958e-07
 391:   0b0.0.011.0000.111     0     0       3     -31 -30.125                   2.87369e-07
 392:   0b0.0.011.0001.000     0     0       3     -30     -30                   3.05902e-07
 393:   0b0.0.011.0001.001     0     0       3     -30 -29.875                   3.25631e-07
 394:   0b0.0.011.0001.010     0     0       3     -30  -29.75                   3.46633e-07
 395:   0b0.0.011.0001.011     0     0       3     -30 -29.625                   3.68989e-07
 396:   0b0.0.011.0001.100     0     0       3     -30   -29.5                   3.92786e-07
 397:   0b0.0.011.0001.101     0     0       3     -30 -29.375                   4.18119e-07
 398:   0b0.0.011.0001.110     0     0       3     -30  -29.25                   4.45085e-07
 399:   0b0.0.011.0001.111     0     0       3     -30 -29.125                   4.73791e-07
 400:   0b0.0.011.0010.000     0     0       3     -29     -29                   5.04348e-07
 401:   0b0.0.011.0010.001     0     0       3     -29 -28.875                   5.36875e-07
 402:   0b0.0.011.0010.010     0     0       3     -29  -28.75                   5.71501e-07
 403:   0b0.0.011.0010.011     0     0       3     -29 -28.625                   6.08359e-07
 404:   0b0.0.011.0010.100     0     0       3     -29   -28.5                   6.47595e-07
 405:   0b0.0.011.0010.101     0     0       3     -29 -28.375                   6.89362e-07
 406:   0b0.0.011.0010.110     0     0       3     -29  -28.25                   7.33822e-07
 407:   0b0.0.011.0010.111     0     0       3     -29 -28.125                   7.81149e-07
 408:   0b0.0.011.0011.000     0     0       3     -28     -28                   8.31529e-07
 409:   0b0.0.011.0011.001     0     0       3     -28 -27.875                   8.85158e-07
 410:   0b0.0.011.0011.010     0     0       3     -28  -27.75                   9.42245e-07
 411:   0b0.0.011.0011.011     0     0       3     -28 -27.625                   1.00302e-06
 412:   0b0.0.011.0011.100     0     0       3     -28   -27.5                    1.0677e-06
 413:   0b0.0.011.0011.101     0     0       3     -28 -27.375                   1.13657e-06
 414:   0b0.0.011.0011.110     0     0       3     -28  -27.25                   1.20987e-06
 415:   0b0.0.011.0011.111     0     0       3     -28 -27.125                    1.2879e-06
 416:   0b0.0.011.0100.000     0     0       3     -27     -27                   1.37096e-06
 417:   0b0.0.011.0100.001     0     0       3     -27 -26.875                   1.45938e-06
 418:   0b0.0.011.0100.010     0     0       3     -27  -26.75                    1.5535e-06
 419:   0b0.0.011.0100.011     0     0       3     -27 -26.625                   1.65369e-06
 420:   0b0.0.011.0100.100     0     0       3     -27   -26.5                   1.76035e-06
 421:   0b0.0.011.0100.101     0     0       3     -27 -26.375                   1.87388e-06
 422:   0b0.0.011.0100.110     0     0       3     -27  -26.25                   1.99473e-06
 423:   0b0.0.011.0100.111     0     0       3     -27 -26.125                   2.12338e-06
 424:   0b0.0.011.0101.000     0     0       3     -26     -26                   2.26033e-06
 425:   0b0.0.011.0101.001     0     0       3     -26 -25.875                   2.40611e-06
 426:   0b0.0.011.0101.010     0     0       3     -26  -25.75                   2.56129e-06
 427:   0b0.0.011.0101.011     0     0       3     -26 -25.625                   2.72648e-06
 428:   0b0.0.011.0101.100     0     0       3     -26   -25.5                   2.90232e-06
 429:   0b0.0.011.0101.101     0     0       3     -26 -25.375                    3.0895e-06
 430:   0b0.0.011.0101.110     0     0       3     -26  -25.25                   3.28876e-06
 431:   0b0.0.011.0101.111     0     0       3     -26 -25.125                   3.50087e-06
 432:   0b0.0.011.0110.000     0     0       3     -25     -25                   3.72665e-06
 433:   0b0.0.011.0110.001     0     0       3     -25 -24.875                     3.967e-06
 434:   0b0.0.011.0110.010     0     0       3     -25  -24.75                   4.22285e-06
 435:   0b0.0.011.0110.011     0     0       3     -25 -24.625                    4.4952e-06
 436:   0b0.0.011.0110.100     0     0       3     -25   -24.5                   4.78512e-06
 437:   0b0.0.011.0110.101     0     0       3     -25 -24.375                   5.09373e-06
 438:   0b0.0.011.0110.110     0     0       3     -25  -24.25                   5.42225e-06
 439:   0b0.0.011.0110.111     0     0       3     -25 -24.125                   5.77195e-06
 440:   0b0.0.011.0111.000     0     0       3     -24     -24                   6.14421e-06
 441:   0b0.0.011.0111.001     0     0       3     -24 -23.875                   6.54048e-06
 442:   0b0.0.011.0111.010     0     0       3     -24  -23.75                    6.9623e-06
 443:   0b0.0.011.0111.011     0     0       3     -24 -23.625                   7.41133e-06
 444:   0b0.0.011.0111.100     0     0       3     -24   -23.5                   7.88932e-06
 445:   0b0.0.011.0111.101     0     0       3     -24 -23.375                   8.39814e-06
 446:   0b0.0.011.0111.110     0     0       3     -24  -23.25                   8.93978e-06
 447:   0b0.0.011.0111.111     0     0       3     -24 -23.125                   9.51634e-06
 448:   0b0.0.011.1000.000     0     0       3     -23     -23                   1.01301e-05
 449:   0b0.0.011.1000.001     0     0       3     -23 -22.875                   1.07834e-05
 450:   0b0.0.011.1000.010     0     0       3     -23  -22.75                   1.14789e-05
 451:   0b0.0.011.1000.011     0     0       3     -23 -22.625                   1.22192e-05
 452:   0b0.0.011.1000.100     0     0       3     -23   -22.5                   1.30073e-05
 453:   0b0.0.011.1000.101     0     0       3     -23 -22.375                   1.38462e-05
 454:   0b0.0.011.1000.110     0     0       3     -23  -22.25                   1.47392e-05
 455:   0b0.0.011.1000.111     0     0       3     -23 -22.125                   1.56898e-05
 456:   0b0.0.011.1001.000     0     0       3     -22     -22                   1.67017e-05
 457:   0b0.0.011.1001.001     0     0       3     -22 -21.875                   1.77789e-05
 458:   0b0.0.011.1001.010     0     0       3     -22  -21.75                   1.89255e-05
 459:   0b0.0.011.1001.011     0     0       3     -22 -21.625                   2.01461e-05
 460:   0b0.0.011.1001.100     0     0       3     -22   -21.5                   2.14454e-05
 461:   0b0.0.011.1001.101     0     0       3     -22 -21.375                   2.28285e-05
 462:   0b0.0.011.1001.110     0     0       3     -22  -21.25                   2.43008e-05
 463:   0b0.0.011.1001.111     0     0       3     -22 -21.125                   2.58681e-05
 464:   0b0.0.011.1010.000     0     0       3     -21     -21                   2.75364e-05
 465:   0b0.0.011.1010.001     0     0       3     -21 -20.875                   2.93124e-05
 466:   0b0.0.011.1010.010     0     0       3     -21  -20.75                   3.12029e-05
 467:   0b0.0.011.1010.011     0     0       3     -21 -20.625                   3.32153e-05
 468:   0b0.0.011.1010.100     0     0       3     -21   -20.5                   3.53575e-05
 469:   0b0.0.011.1010.101     0     0       3     -21 -20.375                   3.76379e-05
 470:   0b0.0.011.1010.110     0     0       3     -21  -20.25                   4.00653e-05
 471:   0b0.0.011.1010.111     0     0       3     -21 -20.125                   4.26493e-05
 472:   0b0.0.011.1011.000     0     0       3     -20     -20                   4.53999e-05
 473:   0b0.0.011.1011.001     0     0       3     -20 -19.875                    4.8328e-05
 474:   0b0.0.011.1011.010     0     0       3     -20  -19.75                   5.14449e-05
 475:   0b0.0.011.1011.011     0     0       3     -20 -19.625                   5.47628e-05
 476:   0b0.0.011.1011.100     0     0       3     -20   -19.5                   5.82947e-05
 477:   0b0.0.011.1011.101     0     0       3     -20 -19.375                   6.20543e-05
 478:   0b0.0.011.1011.110     0     0       3     -20  -19.25                   6.60565e-05
 479:   0b0.0.011.1011.111     0     0       3     -20 -19.125                   7.03168e-05
 480:   0b0.0.011.1100.000     0     0       3     -19     -19                   7.48518e-05
 481:   0b0.0.011.1100.001     0     0       3     -19 -18.875                   7.96794e-05
 482:   0b0.0.011.1100.010     0     0       3     -19  -18.75                   8.48182e-05
 483:   0b0.0.011.1100.011     0     0       3     -19 -18.625                   9.02885e-05
 484:   0b0.0.011.1100.100     0     0       3     -19   -18.5                   9.61117e-05
 485:   0b0.0.011.1100.101     0     0       3     -19 -18.375                    0.00010231
 486:   0b0.0.011.1100.110     0     0       3     -19  -18.25                   0.000108909
 487:   0b0.0.011.1100.111     0     0       3     -19 -18.125                   0.000115933
 488:   0b0.0.011.1101.000     0     0       3     -18     -18                    0.00012341
 489:   0b0.0.011.1101.001     0     0       3     -18 -17.875                   0.000131369
 490:   0b0.0.011.1101.010     0     0       3     -18  -17.75                   0.000139842
 491:   0b0.0.011.1101.011     0     0       3     -18 -17.625                   0.000148861
 492:   0b0.0.011.1101.100     0     0       3     -18   -17.5                   0.000158461
 493:   0b0.0.011.1101.101     0     0       3     -18 -17.375                   0.000168681
 494:   0b0.0.011.1101.110     0     0       3     -18  -17.25                    0.00017956
 495:   0b0.0.011.1101.111     0     0       3     -18 -17.125                   0.000191141
 496:   0b0.0.011.1110.000     0     0       3     -17     -17                   0.000203468
 497:   0b0.0.011.1110.001     0     0       3     -17 -16.875                   0.000216591
 498:   0b0.0.011.1110.010     0     0       3     -17  -16.75                    0.00023056
 499:   0b0.0.011.1110.011     0     0       3     -17 -16.625                    0.00024543
 500:   0b0.0.011.1110.100     0     0       3     -17   -16.5                   0.000261259
 501:   0b0.0.011.1110.101     0     0       3     -17 -16.375                   0.000278108
 502:   0b0.0.011.1110.110     0     0       3     -17  -16.25                   0.000296045
 503:   0b0.0.011.1110.111     0     0       3     -17 -16.125                   0.000315138
 504:   0b0.0.011.1111.000     0     0       3     -16     -16                   0.000335463
 505:   0b0.0.011.1111.001     0     0       3     -16 -15.875                   0.000357098
 506:   0b0.0.011.1111.010     0     0       3     -16  -15.75                   0.000380129
 507:   0b0.0.011.1111.011     0     0       3     -16 -15.625                   0.000404645
 508:   0b0.0.011.1111.100     0     0       3     -16   -15.5                   0.000430743
 509:   0b0.0.011.1111.101     0     0       3     -16 -15.375                   0.000458523
 510:   0b0.0.011.1111.110     0     0       3     -16  -15.25                   0.000488095
 511:   0b0.0.011.1111.111     0     0       3     -16 -15.125                   0.000519575
 512:   0b0.0.100.000.0000     0     0       4     -15     -15                   0.000553084
 513:   0b0.0.100.000.0001     0     0       4     -15-14.9375                   0.000570641
 514:   0b0.0.100.000.0010     0     0       4     -15 -14.875                   0.000588755
 515:   0b0.0.100.000.0011     0     0       4     -15-14.8125                   0.000607444
 516:   0b0.0.100.000.0100     0     0       4     -15  -14.75                   0.000626727
 517:   0b0.0.100.000.0101     0     0       4     -15-14.6875                   0.000646621
 518:   0b0.0.100.000.0110     0     0       4     -15 -14.625                   0.000667147
 519:   0b0.0.100.000.0111     0     0       4     -15-14.5625                   0.000688325
 520:   0b0.0.100.000.1000     0     0       4     -15   -14.5                   0.000710174
 521:   0b0.0.100.000.1001     0     0       4     -15-14.4375                   0.000732718
 522:   0b0.0.100.000.1010     0     0       4     -15 -14.375                   0.000755977
 523:   0b0.0.100.000.1011     0     0       4     -15-14.3125                   0.000779974
 524:   0b0.0.100.000.1100     0     0       4     -15  -14.25                   0.000804733
 525:   0b0.0.100.000.1101     0     0       4     -15-14.1875                   0.000830278
 526:   0b0.0.100.000.1110     0     0       4     -15 -14.125                   0.000856634
 527:   0b0.0.100.000.1111     0     0       4     -15-14.0625                   0.000883826
 528:   0b0.0.100.001.0000     0     0       4     -14     -14                   0.000911882
 529:   0b0.0.100.001.0001     0     0       4     -14-13.9375                   0.000940828
 530:   0b0.0.100.001.0010     0     0       4     -14 -13.875                   0.000970693
 531:   0b0.0.100.001.0011     0     0       4     -14-13.8125                    0.00100151
 532:   0b0.0.100.001.0100     0     0       4     -14  -13.75                     0.0010333
 533:   0b0.0.100.001.0101     0     0       4     -14-13.6875                     0.0010661
 534:   0b0.0.100.001.0110     0     0       4     -14 -13.625                    0.00109994
 535:   0b0.0.100.001.0111     0     0       4     -14-13.5625                    0.00113486
 536:   0b0.0.100.001.1000     0     0       4     -14   -13.5                    0.00117088
 537:   0b0.0.100.001.1001     0     0       4     -14-13.4375                    0.00120805
 538:   0b0.0.100.001.1010     0     0       4     -14 -13.375                    0.00124639
 539:   0b0.0.100.001.1011     0     0       4     -14-13.3125                    0.00128596
 540:   0b0.0.100.001.1100     0     0       4     -14  -13.25                    0.00132678
 541:   0b0.0.100.001.1101     0     0       4     -14-13.1875                     0.0013689
 542:   0b0.0.100.001.1110     0     0       4     -14 -13.125                    0.00141235
 543:   0b0.0.100.001.1111     0     0       4     -14-13.0625                    0.00145718
 544:   0b0.0.100.010.0000     0     0       4     -13     -13                    0.00150344
 545:   0b0.0.100.010.0001     0     0       4     -13-12.9375                    0.00155116
 546:   0b0.0.100.010.0010     0     0       4     -13 -12.875                     0.0016004
 547:   0b0.0.100.010.0011     0     0       4     -13-12.8125                     0.0016512
 548:   0b0.0.100.010.0100     0     0       4     -13  -12.75                    0.00170362
 549:   0b0.0.100.010.0101     0     0       4     -13-12.6875                     0.0017577
 550:   0b0.0.100.010.0110     0     0       4     -13 -12.625                    0.00181349
 551:   0b0.0.100.010.0111     0     0       4     -13-12.5625                    0.00187106
 552:   0b0.0.100.010.1000     0     0       4     -13   -12.5                    0.00193045
 553:   0b0.0.100.010.1001     0     0       4     -13-12.4375                    0.00199173
 554:   0b0.0.100.010.1010     0     0       4     -13 -12.375                    0.00205496
 555:   0b0.0.100.010.1011     0     0       4     -13-12.3125                    0.00212019
 556:   0b0.0.100.010.1100     0     0       4     -13  -12.25                    0.00218749
 557:   0b0.0.100.010.1101     0     0       4     -13-12.1875                    0.00225693
 558:   0b0.0.100.010.1110     0     0       4     -13 -12.125                    0.00232857
 559:   0b0.0.100.010.1111     0     0       4     -13-12.0625                    0.00240249
 560:   0b0.0.100.011.0000     0     0       4     -12     -12                    0.00247875
 561:   0b0.0.100.011.0001     0     0       4     -12-11.9375                    0.00255744
 562:   0b0.0.100.011.0010     0     0       4     -12 -11.875                    0.00263862
 563:   0b0.0.100.011.0011     0     0       4     -12-11.8125                    0.00272238
 564:   0b0.0.100.011.0100     0     0       4     -12  -11.75                    0.00280879
 565:   0b0.0.100.011.0101     0     0       4     -12-11.6875                    0.00289795
 566:   0b0.0.100.011.0110     0     0       4     -12 -11.625                    0.00298995
 567:   0b0.0.100.011.0111     0     0       4     -12-11.5625                    0.00308486
 568:   0b0.0.100.011.1000     0     0       4     -12   -11.5                    0.00318278
 569:   0b0.0.100.011.1001     0     0       4     -12-11.4375                    0.00328381
 570:   0b0.0.100.011.1010     0     0       4     -12 -11.375                    0.00338805
 571:   0b0.0.100.011.1011     0     0       4     -12-11.3125                     0.0034956
 572:   0b0.0.100.011.1100     0     0       4     -12  -11.25                    0.00360656
 573:   0b0.0.100.011.1101     0     0       4     -12-11.1875                    0.00372105
 574:   0b0.0.100.011.1110     0     0       4     -12 -11.125                    0.00383917
 575:   0b0.0.100.011.1111     0     0       4     -12-11.0625                    0.00396103
 576:   0b0.0.100.100.0000     0     0       4     -11     -11                    0.00408677
 577:   0b0.0.100.100.0001     0     0       4     -11-10.9375                     0.0042165
 578:   0b0.0.100.100.0010     0     0       4     -11 -10.875                    0.00435035
 579:   0b0.0.100.100.0011     0     0       4     -11-10.8125                    0.00448844
 580:   0b0.0.100.100.0100     0     0       4     -11  -10.75                    0.00463092
 581:   0b0.0.100.100.0101     0     0       4     -11-10.6875                    0.00477792
 582:   0b0.0.100.100.0110     0     0       4     -11 -10.625                    0.00492959
 583:   0b0.0.100.100.0111     0     0       4     -11-10.5625                    0.00508607
 584:   0b0.0.100.100.1000     0     0       4     -11   -10.5                    0.00524752
 585:   0b0.0.100.100.1001     0     0       4     -11-10.4375                    0.00541409
 586:   0b0.0.100.100.1010     0     0       4     -11 -10.375                    0.00558595
 587:   0b0.0.100.100.1011     0     0       4     -11-10.3125                    0.00576327
 588:   0b0.0.100.100.1100     0     0       4     -11  -10.25                    0.00594622
 589:   0b0.0.100.100.1101     0     0       4     -11-10.1875                    0.00613497
 590:   0b0.0.100.100.1110     0     0       4     -11 -10.125                    0.00632972
 591:   0b0.0.100.100.1111     0     0       4     -11-10.0625                    0.00653064
 592:   0b0.0.100.101.0000     0     0       4     -10     -10                    0.00673795
 593:   0b0.0.100.101.0001     0     0       4     -10 -9.9375                    0.00695183
 594:   0b0.0.100.101.0010     0     0       4     -10  -9.875                    0.00717251
 595:   0b0.0.100.101.0011     0     0       4     -10 -9.8125                    0.00740019
 596:   0b0.0.100.101.0100     0     0       4     -10   -9.75                    0.00763509
 597:   0b0.0.100.101.0101     0     0       4     -10 -9.6875                    0.00787746
 598:   0b0.0.100.101.0110     0     0       4     -10  -9.625                    0.00812752
 599:   0b0.0.100.101.0111     0     0       4     -10 -9.5625                    0.00838551
 600:   0b0.0.100.101.1000     0     0       4     -10    -9.5                     0.0086517
 601:   0b0.0.100.101.1001     0     0       4     -10 -9.4375                    0.00892633
 602:   0b0.0.100.101.1010     0     0       4     -10  -9.375                    0.00920968
 603:   0b0.0.100.101.1011     0     0       4     -10 -9.3125                    0.00950203
 604:   0b0.0.100.101.1100     0     0       4     -10   -9.25                    0.00980366
 605:   0b0.0.100.101.1101     0     0       4     -10 -9.1875                     0.0101149
 606:   0b0.0.100.101.1110     0     0       4     -10  -9.125                     0.0104359
 607:   0b0.0.100.101.1111     0     0       4     -10 -9.0625                     0.0107672
 608:   0b0.0.100.110.0000     0     0       4      -9      -9                      0.011109
 609:   0b0.0.100.110.0001     0     0       4      -9 -8.9375                     0.0114616
 610:   0b0.0.100.110.0010     0     0       4      -9  -8.875                     0.0118255
 611:   0b0.0.100.110.0011     0     0       4      -9 -8.8125                     0.0122008
 612:   0b0.0.100.110.0100     0     0       4      -9   -8.75                     0.0125881
 613:   0b0.0.100.110.0101     0     0       4      -9 -8.6875                     0.0129877
 614:   0b0.0.100.110.0110     0     0       4      -9  -8.625                        0.0134
 615:   0b0.0.100.110.0111     0     0       4      -9 -8.5625                     0.0138254
 616:   0b0.0.100.110.1000     0     0       4      -9    -8.5                     0.0142642
 617:   0b0.0.100.110.1001     0     0       4      -9 -8.4375                      0.014717
 618:   0b0.0.100.110.1010     0     0       4      -9  -8.375                     0.0151842
 619:   0b0.0.100.110.1011     0     0       4      -9 -8.3125                     0.0156662
 620:   0b0.0.100.110.1100     0     0       4      -9   -8.25                     0.0161635
 621:   0b0.0.100.110.1101     0     0       4      -9 -8.1875                     0.0166766
 622:   0b0.0.100.110.1110     0     0       4      -9  -8.125                      0.017206
 623:   0b0.0.100.110.1111     0     0       4      -9 -8.0625                     0.0177521
 624:   0b0.0.100.111.0000     0     0       4      -8      -8                     0.0183156
 625:   0b0.0.100.111.0001     0     0       4      -8 -7.9375                      0.018897
 626:   0b0.0.100.111.0010     0     0       4      -8  -7.875                     0.0194969
 627:   0b0.0.100.111.0011     0     0       4      -8 -7.8125                     0.0201158
 628:   0b0.0.100.111.0100     0     0       4      -8   -7.75                     0.0207543
 629:   0b0.0.100.111.0101     0     0       4      -8 -7.6875                     0.0214132
 630:   0b0.0.100.111.0110     0     0       4      -8  -7.625                     0.0220929
 631:   0b0.0.100.111.0111     0     0       4      -8 -7.5625                     0.0227942
 632:   0b0.0.100.111.1000     0     0       4      -8    -7.5                     0.0235177
 633:   0b0.0.100.111.1001     0     0       4      -8 -7.4375                     0.0242643
 634:   0b0.0.100.111.1010     0     0       4      -8  -7.375                     0.0250345
 635:   0b0.0.100.111.1011     0     0       4      -8 -7.3125                     0.0258292
 636:   0b0.0.100.111.1100     0     0       4      -8   -7.25                     0.0266491
 637:   0b0.0.100.111.1101     0     0       4      -8 -7.1875                      0.027495
 638:   0b0.0.100.111.1110     0     0       4      -8  -7.125                     0.0283678
 639:   0b0.0.100.111.1111     0     0       4      -8 -7.0625                     0.0292683
 640:   0b0.0.101.00.00000     0     0       5      -7      -7                     0.0301974
 641:   0b0.0.101.00.00001     0     0       5      -7-6.96875                     0.0306729
 642:   0b0.0.101.00.00010     0     0       5      -7 -6.9375                      0.031156
 643:   0b0.0.101.00.00011     0     0       5      -7-6.90625                     0.0316466
 644:   0b0.0.101.00.00100     0     0       5      -7  -6.875                     0.0321449
 645:   0b0.0.101.00.00101     0     0       5      -7-6.84375                     0.0326512
 646:   0b0.0.101.00.00110     0     0       5      -7 -6.8125                     0.0331653
 647:   0b0.0.101.00.00111     0     0       5      -7-6.78125                     0.0336876
 648:   0b0.0.101.00.01000     0     0       5      -7   -6.75                     0.0342181
 649:   0b0.0.101.00.01001     0     0       5      -7-6.71875                      0.034757
 650:   0b0.0.101.00.01010     0     0       5      -7 -6.6875                     0.0353043
 651:   0b0.0.101.00.01011     0     0       5      -7-6.65625                     0.0358603
 652:   0b0.0.101.00.01100     0     0       5      -7  -6.625                      0.036425
 653:   0b0.0.101.00.01101     0     0       5      -7-6.59375                     0.0369986
 654:   0b0.0.101.00.01110     0     0       5      -7 -6.5625                     0.0375813
 655:   0b0.0.101.00.01111     0     0       5      -7-6.53125                     0.0381731
 656:   0b0.0.101.00.10000     0     0       5      -7    -6.5                     0.0387742
 657:   0b0.0.101.00.10001     0     0       5      -7-6.46875                     0.0393848
 658:   0b0.0.101.00.10010     0     0       5      -7 -6.4375                      0.040005
 659:   0b0.0.101.00.10011     0     0       5      -7-6.40625                      0.040635
 660:   0b0.0.101.00.10100     0     0       5      -7  -6.375                     0.0412749
 661:   0b0.0.101.00.10101     0     0       5      -7-6.34375                     0.0419249
 662:   0b0.0.101.00.10110     0     0       5      -7 -6.3125                     0.0425851
 663:   0b0.0.101.00.10111     0     0       5      -7-6.28125                     0.0432558
 664:   0b0.0.101.00.11000     0     0       5      -7   -6.25                     0.0439369
 665:   0b0.0.101.00.11001     0     0       5      -7-6.21875                     0.0446288
 666:   0b0.0.101.00.11010     0     0       5      -7 -6.1875                     0.0453316
 667:   0b0.0.101.00.11011     0     0       5      -7-6.15625                     0.0460455
 668:   0b0.0.101.00.11100     0     0       5      -7  -6.125                     0.0467706
 669:   0b0.0.101.00.11101     0     0       5      -7-6.09375                     0.0475072
 670:   0b0.0.101.00.11110     0     0       5      -7 -6.0625                     0.0482553
 671:   0b0.0.101.00.11111     0     0       5      -7-6.03125                     0.0490152
 672:   0b0.0.101.01.00000     0     0       5      -6      -6                     0.0497871
 673:   0b0.0.101.01.00001     0     0       5      -6-5.96875                     0.0505711
 674:   0b0.0.101.01.00010     0     0       5      -6 -5.9375                     0.0513675
 675:   0b0.0.101.01.00011     0     0       5      -6-5.90625                     0.0521764
 676:   0b0.0.101.01.00100     0     0       5      -6  -5.875                     0.0529981
 677:   0b0.0.101.01.00101     0     0       5      -6-5.84375                     0.0538327
 678:   0b0.0.101.01.00110     0     0       5      -6 -5.8125                     0.0546804
 679:   0b0.0.101.01.00111     0     0       5      -6-5.78125                     0.0555415
 680:   0b0.0.101.01.01000     0     0       5      -6   -5.75                     0.0564161
 681:   0b0.0.101.01.01001     0     0       5      -6-5.71875                     0.0573046
 682:   0b0.0.101.01.01010     0     0       5      -6 -5.6875                      0.058207
 683:   0b0.0.101.01.01011     0     0       5      -6-5.65625                     0.0591236
 684:   0b0.0.101.01.01100     0     0       5      -6  -5.625                     0.0600547
 685:   0b0.0.101.01.01101     0     0       5      -6-5.59375                     0.0610004
 686:   0b0.0.101.01.01110     0     0       5      -6 -5.5625                      0.061961
 687:   0b0.0.101.01.01111     0     0       5      -6-5.53125                     0.0629368
 688:   0b0.0.101.01.10000     0     0       5      -6    -5.5                     0.0639279
 689:   0b0.0.101.01.10001     0     0       5      -6-5.46875                     0.0649346
 690:   0b0.0.101.01.10010     0     0       5      -6 -5.4375                     0.0659571
 691:   0b0.0.101.01.10011     0     0       5      -6-5.40625                     0.0669958
 692:   0b0.0.101.01.10100     0     0       5      -6  -5.375                     0.0680509
 693:   0b0.0.101.01.10101     0     0       5      -6-5.34375                     0.0691225
 694:   0b0.0.101.01.10110     0     0       5      -6 -5.3125                      0.070211
 695:   0b0.0.101.01.10111     0     0       5      -6-5.28125                     0.0713167
 696:   0b0.0.101.01.11000     0     0       5      -6   -5.25                     0.0724398
 697:   0b0.0.101.01.11001     0     0       5      -6-5.21875                     0.0735805
 698:   0b0.0.101.01.11010     0     0       5      -6 -5.1875                     0.0747392
 699:   0b0.0.101.01.11011     0     0       5      -6-5.15625                     0.0759162
 700:   0b0.0.101.01.11100     0     0       5      -6  -5.125                     0.0771117
 701:   0b0.0.101.01.11101     0     0       5      -6-5.09375                     0.0783261
 702:   0b0.0.101.01.11110     0     0       5      -6 -5.0625                     0.0795595
 703:   0b0.0.101.01.11111     0     0       5      -6-5.03125                     0.0808124
 704:   0b0.0.101.10.00000     0     0       5      -5      -5                      0.082085
 705:   0b0.0.101.10.00001     0     0       5      -5-4.96875                     0.0833776
 706:   0b0.0.101.10.00010     0     0       5      -5 -4.9375                     0.0846907
 707:   0b0.0.101.10.00011     0     0       5      -5-4.90625                     0.0860243
 708:   0b0.0.101.10.00100     0     0       5      -5  -4.875                      0.087379
 709:   0b0.0.101.10.00101     0     0       5      -5-4.84375                      0.088755
 710:   0b0.0.101.10.00110     0     0       5      -5 -4.8125                     0.0901527
 711:   0b0.0.101.10.00111     0     0       5      -5-4.78125                     0.0915724
 712:   0b0.0.101.10.01000     0     0       5      -5   -4.75                     0.0930145
 713:   0b0.0.101.10.01001     0     0       5      -5-4.71875                     0.0944793
 714:   0b0.0.101.10.01010     0     0       5      -5 -4.6875                     0.0959671
 715:   0b0.0.101.10.01011     0     0       5      -5-4.65625                     0.0974783
 716:   0b0.0.101.10.01100     0     0       5      -5  -4.625                     0.0990134
 717:   0b0.0.101.10.01101     0     0       5      -5-4.59375                      0.100573
 718:   0b0.0.101.10.01110     0     0       5      -5 -4.5625                      0.102156
 719:   0b0.0.101.10.01111     0     0       5      -5-4.53125                      0.103765
 720:   0b0.0.101.10.10000     0     0       5      -5    -4.5                      0.105399
 721:   0b0.0.101.10.10001     0     0       5      -5-4.46875                      0.107059
 722:   0b0.0.101.10.10010     0     0       5      -5 -4.4375                      0.108745
 723:   0b0.0.101.10.10011     0     0       5      -5-4.40625                      0.110457
 724:   0b0.0.101.10.10100     0     0       5      -5  -4.375                      0.112197
 725:   0b0.0.101.10.10101     0     0       5      -5-4.34375                      0.113964
 726:   0b0.0.101.10.10110     0     0       5      -5 -4.3125                      0.115758
 727:   0b0.0.101.10.10111     0     0       5      -5-4.28125                      0.117581
 728:   0b0.0.101.10.11000     0     0       5      -5   -4.25                      0.119433
 729:   0b0.0.101.10.11001     0     0       5      -5-4.21875                      0.121314
 730:   0b0.0.101.10.11010     0     0       5      -5 -4.1875                      0.123224
 731:   0b0.0.101.10.11011     0     0       5      -5-4.15625                      0.125165
 732:   0b0.0.101.10.11100     0     0       5      -5  -4.125                      0.127136
 733:   0b0.0.101.10.11101     0     0       5      -5-4.09375                      0.129138
 734:   0b0.0.101.10.11110     0     0       5      -5 -4.0625                      0.131171
 735:   0b0.0.101.10.11111     0     0       5      -5-4.03125                      0.133237
 736:   0b0.0.101.11.00000     0     0       5      -4      -4                      0.135335
 737:   0b0.0.101.11.00001     0     0       5      -4-3.96875                      0.137467
 738:   0b0.0.101.11.00010     0     0       5      -4 -3.9375                      0.139631
 739:   0b0.0.101.11.00011     0     0       5      -4-3.90625                       0.14183
 740:   0b0.0.101.11.00100     0     0       5      -4  -3.875                      0.144064
 741:   0b0.0.101.11.00101     0     0       5      -4-3.84375                      0.146332
 742:   0b0.0.101.11.00110     0     0       5      -4 -3.8125                      0.148637
 743:   0b0.0.101.11.00111     0     0       5      -4-3.78125                      0.150977
 744:   0b0.0.101.11.01000     0     0       5      -4   -3.75                      0.153355
 745:   0b0.0.101.11.01001     0     0       5      -4-3.71875                       0.15577
 746:   0b0.0.101.11.01010     0     0       5      -4 -3.6875                      0.158223
 747:   0b0.0.101.11.01011     0     0       5      -4-3.65625                      0.160715
 748:   0b0.0.101.11.01100     0     0       5      -4  -3.625                      0.163246
 749:   0b0.0.101.11.01101     0     0       5      -4-3.59375                      0.165816
 750:   0b0.0.101.11.01110     0     0       5      -4 -3.5625                      0.168427
 751:   0b0.0.101.11.01111     0     0       5      -4-3.53125                       0.17108
 752:   0b0.0.101.11.10000     0     0       5      -4    -3.5                      0.173774
 753:   0b0.0.101.11.10001     0     0       5      -4-3.46875                       0.17651
 754:   0b0.0.101.11.10010     0     0       5      -4 -3.4375                       0.17929
 755:   0b0.0.101.11.10011     0     0       5      -4-3.40625                      0.182114
 756:   0b0.0.101.11.10100     0     0       5      -4  -3.375                      0.184981
 757:   0b0.0.101.11.10101     0     0       5      -4-3.34375                      0.187894
 758:   0b0.0.101.11.10110     0     0       5      -4 -3.3125                      0.190853
 759:   0b0.0.101.11.10111     0     0       5      -4-3.28125                      0.193859
 760:   0b0.0.101.11.11000     0     0       5      -4   -3.25                      0.196912
 761:   0b0.0.101.11.11001     0     0       5      -4-3.21875                      0.200013
 762:   0b0.0.101.11.11010     0     0       5      -4 -3.1875                      0.203162
 763:   0b0.0.101.11.11011     0     0       5      -4-3.15625                      0.206362
 764:   0b0.0.101.11.11100     0     0       5      -4  -3.125                      0.209611
 765:   0b0.0.101.11.11101     0     0       5      -4-3.09375                      0.212912
 766:   0b0.0.101.11.11110     0     0       5      -4 -3.0625                      0.216265
 767:   0b0.0.101.11.11111     0     0       5      -4-3.03125                      0.219671
 768:   0b0.0.110.0.000000     0     0       6      -3      -3                       0.22313
 769:   0b0.0.110.0.000001     0     0       6      -3-2.98438                       0.22488
 770:   0b0.0.110.0.000010     0     0       6      -3-2.96875                      0.226644
 771:   0b0.0.110.0.000011     0     0       6      -3-2.95312                      0.228422
 772:   0b0.0.110.0.000100     0     0       6      -3 -2.9375                      0.230213
 773:   0b0.0.110.0.000101     0     0       6      -3-2.92188                      0.232019
 774:   0b0.0.110.0.000110     0     0       6      -3-2.90625                      0.233838
 775:   0b0.0.110.0.000111     0     0       6      -3-2.89062                      0.235672
 776:   0b0.0.110.0.001000     0     0       6      -3  -2.875                      0.237521
 777:   0b0.0.110.0.001001     0     0       6      -3-2.85938                      0.239384
 778:   0b0.0.110.0.001010     0     0       6      -3-2.84375                      0.241261
 779:   0b0.0.110.0.001011     0     0       6      -3-2.82812                      0.243153
 780:   0b0.0.110.0.001100     0     0       6      -3 -2.8125                      0.245061
 781:   0b0.0.110.0.001101     0     0       6      -3-2.79688                      0.246983
 782:   0b0.0.110.0.001110     0     0       6      -3-2.78125                       0.24892
 783:   0b0.0.110.0.001111     0     0       6      -3-2.76562                      0.250872
 784:   0b0.0.110.0.010000     0     0       6      -3   -2.75                       0.25284
 785:   0b0.0.110.0.010001     0     0       6      -3-2.73438                      0.254823
 786:   0b0.0.110.0.010010     0     0       6      -3-2.71875                      0.256821
 787:   0b0.0.110.0.010011     0     0       6      -3-2.70312                      0.258836
 788:   0b0.0.110.0.010100     0     0       6      -3 -2.6875                      0.260866
 789:   0b0.0.110.0.010101     0     0       6      -3-2.67188                      0.262912
 790:   0b0.0.110.0.010110     0     0       6      -3-2.65625                      0.264974
 791:   0b0.0.110.0.010111     0     0       6      -3-2.64062                      0.267052
 792:   0b0.0.110.0.011000     0     0       6      -3  -2.625                      0.269146
 793:   0b0.0.110.0.011001     0     0       6      -3-2.60938                      0.271257
 794:   0b0.0.110.0.011010     0     0       6      -3-2.59375                      0.273385
 795:   0b0.0.110.0.011011     0     0       6      -3-2.57812                      0.275529
 796:   0b0.0.110.0.011100     0     0       6      -3 -2.5625                       0.27769
 797:   0b0.0.110.0.011101     0     0       6      -3-2.54688                      0.279868
 798:   0b0.0.110.0.011110     0     0       6      -3-2.53125                      0.282063
 799:   0b0.0.110.0.011111     0     0       6      -3-2.51562                      0.284275
 800:   0b0.0.110.0.100000     0     0       6      -3    -2.5                      0.286505
 801:   0b0.0.110.0.100001     0     0       6      -3-2.48438                      0.288752
 802:   0b0.0.110.0.100010     0     0       6      -3-2.46875                      0.291017
 803:   0b0.0.110.0.100011     0     0       6      -3-2.45312                      0.293299
 804:   0b0.0.110.0.100100     0     0       6      -3 -2.4375                      0.295599
 805:   0b0.0.110.0.100101     0     0       6      -3-2.42188                      0.297918
 806:   0b0.0.110.0.100110     0     0       6      -3-2.40625                      0.300254
 807:   0b0.0.110.0.100111     0     0       6      -3-2.39062                      0.302609
 808:   0b0.0.110.0.101000     0     0       6      -3  -2.375                      0.304983
 809:   0b0.0.110.0.101001     0     0       6      -3-2.35938                      0.307375
 810:   0b0.0.110.0.101010     0     0       6      -3-2.34375                      0.309786
 811:   0b0.0.110.0.101011     0     0       6      -3-2.32812                      0.312215
 812:   0b0.0.110.0.101100     0     0       6      -3 -2.3125                      0.314664
 813:   0b0.0.110.0.101101     0     0       6      -3-2.29688                      0.317132
 814:   0b0.0.110.0.101110     0     0       6      -3-2.28125                      0.319619
 815:   0b0.0.110.0.101111     0     0       6      -3-2.26562                      0.322126
 816:   0b0.0.110.0.110000     0     0       6      -3   -2.25                      0.324652
 817:   0b0.0.110.0.110001     0     0       6      -3-2.23438                      0.327199
 818:   0b0.0.110.0.110010     0     0       6      -3-2.21875                      0.329765
 819:   0b0.0.110.0.110011     0     0       6      -3-2.20312                      0.332351
 820:   0b0.0.110.0.110100     0     0       6      -3 -2.1875                      0.334958
 821:   0b0.0.110.0.110101     0     0       6      -3-2.17188                      0.337585
 822:   0b0.0.110.0.110110     0     0       6      -3-2.15625                      0.340233
 823:   0b0.0.110.0.110111     0     0       6      -3-2.14062                      0.342901
 824:   0b0.0.110.0.111000     0     0       6      -3  -2.125                      0.345591
 825:   0b0.0.110.0.111001     0     0       6      -3-2.10938                      0.348301
 826:   0b0.0.110.0.111010     0     0       6      -3-2.09375                      0.351033
 827:   0b0.0.110.0.111011     0     0       6      -3-2.07812                      0.353786
 828:   0b0.0.110.0.111100     0     0       6      -3 -2.0625                      0.356561
 829:   0b0.0.110.0.111101     0     0       6      -3-2.04688                      0.359358
 830:   0b0.0.110.0.111110     0     0       6      -3-2.03125                      0.362176
 831:   0b0.0.110.0.111111     0     0       6      -3-2.01562                      0.365017
 832:   0b0.0.110.1.000000     0     0       6      -2      -2                      0.367879
 833:   0b0.0.110.1.000001     0     0       6      -2-1.98438                      0.370765
 834:   0b0.0.110.1.000010     0     0       6      -2-1.96875                      0.373673
 835:   0b0.0.110.1.000011     0     0       6      -2-1.95312                      0.376603
 836:   0b0.0.110.1.000100     0     0       6      -2 -1.9375                      0.379557
 837:   0b0.0.110.1.000101     0     0       6      -2-1.92188                      0.382534
 838:   0b0.0.110.1.000110     0     0       6      -2-1.90625                      0.385534
 839:   0b0.0.110.1.000111     0     0       6      -2-1.89062                      0.388558
 840:   0b0.0.110.1.001000     0     0       6      -2  -1.875                      0.391606
 841:   0b0.0.110.1.001001     0     0       6      -2-1.85938                      0.394677
 842:   0b0.0.110.1.001010     0     0       6      -2-1.84375                      0.397773
 843:   0b0.0.110.1.001011     0     0       6      -2-1.82812                      0.400892
 844:   0b0.0.110.1.001100     0     0       6      -2 -1.8125                      0.404037
 845:   0b0.0.110.1.001101     0     0       6      -2-1.79688                      0.407205
 846:   0b0.0.110.1.001110     0     0       6      -2-1.78125                      0.410399
 847:   0b0.0.110.1.001111     0     0       6      -2-1.76562                      0.413618
 848:   0b0.0.110.1.010000     0     0       6      -2   -1.75                      0.416862
 849:   0b0.0.110.1.010001     0     0       6      -2-1.73438                      0.420132
 850:   0b0.0.110.1.010010     0     0       6      -2-1.71875                      0.423427
 851:   0b0.0.110.1.010011     0     0       6      -2-1.70312                      0.426748
 852:   0b0.0.110.1.010100     0     0       6      -2 -1.6875                      0.430095
 853:   0b0.0.110.1.010101     0     0       6      -2-1.67188                      0.433468
 854:   0b0.0.110.1.010110     0     0       6      -2-1.65625                      0.436868
 855:   0b0.0.110.1.010111     0     0       6      -2-1.64062                      0.440294
 856:   0b0.0.110.1.011000     0     0       6      -2  -1.625                      0.443747
 857:   0b0.0.110.1.011001     0     0       6      -2-1.60938                      0.447228
 858:   0b0.0.110.1.011010     0     0       6      -2-1.59375                      0.450735
 859:   0b0.0.110.1.011011     0     0       6      -2-1.57812                       0.45427
 860:   0b0.0.110.1.011100     0     0       6      -2 -1.5625                      0.457833
 861:   0b0.0.110.1.011101     0     0       6      -2-1.54688                      0.461424
 862:   0b0.0.110.1.011110     0     0       6      -2-1.53125                      0.465043
 863:   0b0.0.110.1.011111     0     0       6      -2-1.51562                      0.468691
 864:   0b0.0.110.1.100000     0     0       6      -2    -1.5                      0.472367
 865:   0b0.0.110.1.100001     0     0       6      -2-1.48438                      0.476071
 866:   0b0.0.110.1.100010     0     0       6      -2-1.46875                      0.479805
 867:   0b0.0.110.1.100011     0     0       6      -2-1.45312                      0.483568
 868:   0b0.0.110.1.100100     0     0       6      -2 -1.4375                      0.487361
 869:   0b0.0.110.1.100101     0     0       6      -2-1.42188                      0.491183
 870:   0b0.0.110.1.100110     0     0       6      -2-1.40625                      0.495036
 871:   0b0.0.110.1.100111     0     0       6      -2-1.39062                      0.498919
 872:   0b0.0.110.1.101000     0     0       6      -2  -1.375                      0.502832
 873:   0b0.0.110.1.101001     0     0       6      -2-1.35938                      0.506775
 874:   0b0.0.110.1.101010     0     0       6      -2-1.34375                       0.51075
 875:   0b0.0.110.1.101011     0     0       6      -2-1.32812                      0.514756
 876:   0b0.0.110.1.101100     0     0       6      -2 -1.3125                      0.518793
 877:   0b0.0.110.1.101101     0     0       6      -2-1.29688                      0.522862
 878:   0b0.0.110.1.101110     0     0       6      -2-1.28125                      0.526963
 879:   0b0.0.110.1.101111     0     0       6      -2-1.26562                      0.531096
 880:   0b0.0.110.1.110000     0     0       6      -2   -1.25                      0.535261
 881:   0b0.0.110.1.110001     0     0       6      -2-1.23438                       0.53946
 882:   0b0.0.110.1.110010     0     0       6      -2-1.21875                      0.543691
 883:   0b0.0.110.1.110011     0     0       6      -2-1.20312                      0.547955
 884:   0b0.0.110.1.110100     0     0       6      -2 -1.1875                      0.552252
 885:   0b0.0.110.1.110101     0     0       6      -2-1.17188                      0.556584
 886:   0b0.0.110.1.110110     0     0       6      -2-1.15625                      0.560949
 887:   0b0.0.110.1.110111     0     0       6      -2-1.14062                      0.565349
 888:   0b0.0.110.1.111000     0     0       6      -2  -1.125                      0.569783
 889:   0b0.0.110.1.111001     0     0       6      -2-1.10938                      0.574252
 890:   0b0.0.110.1.111010     0     0       6      -2-1.09375                      0.578756
 891:   0b0.0.110.1.111011     0     0       6      -2-1.07812                      0.583295
 892:   0b0.0.110.1.111100     0     0       6      -2 -1.0625                       0.58787
 893:   0b0.0.110.1.111101     0     0       6      -2-1.04688                       0.59248
 894:   0b0.0.110.1.111110     0     0       6      -2-1.03125                      0.597127
 895:   0b0.0.110.1.111111     0     0       6      -2-1.01562                      0.601811
 896:   0b0.0.111..0000000     0     0       7      -1      -1                      0.606531
 897:   0b0.0.111..0000001     0     0       7      -1-0.992188                      0.608905
 898:   0b0.0.111..0000010     0     0       7      -1-0.984375                      0.611288
 899:   0b0.0.111..0000011     0     0       7      -1-0.976562                       0.61368
 900:   0b0.0.111..0000100     0     0       7      -1-0.96875                      0.616082
 901:   0b0.0.111..0000101     0     0       7      -1-0.960938                      0.618493
 902:   0b0.0.111..0000110     0     0       7      -1-0.953125                      0.620914
 903:   0b0.0.111..0000111     0     0       7      -1-0.945312                      0.623344
 904:   0b0.0.111..0001000     0     0       7      -1 -0.9375                      0.625784
 905:   0b0.0.111..0001001     0     0       7      -1-0.929688                      0.628233
 906:   0b0.0.111..0001010     0     0       7      -1-0.921875                      0.630692
 907:   0b0.0.111..0001011     0     0       7      -1-0.914062                      0.633161
 908:   0b0.0.111..0001100     0     0       7      -1-0.90625                      0.635639
 909:   0b0.0.111..0001101     0     0       7      -1-0.898438                      0.638126
 910:   0b0.0.111..0001110     0     0       7      -1-0.890625                      0.640624
 911:   0b0.0.111..0001111     0     0       7      -1-0.882812                      0.643131
 912:   0b0.0.111..0010000     0     0       7      -1  -0.875                      0.645649
 913:   0b0.0.111..0010001     0     0       7      -1-0.867188                      0.648176
 914:   0b0.0.111..0010010     0     0       7      -1-0.859375                      0.650712
 915:   0b0.0.111..0010011     0     0       7      -1-0.851562                      0.653259
 916:   0b0.0.111..0010100     0     0       7      -1-0.84375                      0.655816
 917:   0b0.0.111..0010101     0     0       7      -1-0.835938                      0.658383
 918:   0b0.0.111..0010110     0     0       7      -1-0.828125                       0.66096
 919:   0b0.0.111..0010111     0     0       7      -1-0.820312                      0.663547
 920:   0b0.0.111..0011000     0     0       7      -1 -0.8125                      0.666144
 921:   0b0.0.111..0011001     0     0       7      -1-0.804688                      0.668751
 922:   0b0.0.111..0011010     0     0       7      -1-0.796875                      0.671368
 923:   0b0.0.111..0011011     0     0       7      -1-0.789062                      0.673996
 924:   0b0.0.111..0011100     0     0       7      -1-0.78125                      0.676634
 925:   0b0.0.111..0011101     0     0       7      -1-0.773438                      0.679282
 926:   0b0.0.111..0011110     0     0       7      -1-0.765625                      0.681941
 927:   0b0.0.111..0011111     0     0       7      -1-0.757812                       0.68461
 928:   0b0.0.111..0100000     0     0       7      -1   -0.75                      0.687289
 929:   0b0.0.111..0100001     0     0       7      -1-0.742188                      0.689979
 930:   0b0.0.111..0100010     0     0       7      -1-0.734375                       0.69268
 931:   0b0.0.111..0100011     0     0       7      -1-0.726562                      0.695391
 932:   0b0.0.111..0100100     0     0       7      -1-0.71875                      0.698113
 933:   0b0.0.111..0100101     0     0       7      -1-0.710938                      0.700845
 934:   0b0.0.111..0100110     0     0       7      -1-0.703125                      0.703588
 935:   0b0.0.111..0100111     0     0       7      -1-0.695312                      0.706342
 936:   0b0.0.111..0101000     0     0       7      -1 -0.6875                      0.709106
 937:   0b0.0.111..0101001     0     0       7      -1-0.679688                      0.711882
 938:   0b0.0.111..0101010     0     0       7      -1-0.671875                      0.714668
 939:   0b0.0.111..0101011     0     0       7      -1-0.664062                      0.717465
 940:   0b0.0.111..0101100     0     0       7      -1-0.65625                      0.720273
 941:   0b0.0.111..0101101     0     0       7      -1-0.648438                      0.723092
 942:   0b0.0.111..0101110     0     0       7      -1-0.640625                      0.725922
 943:   0b0.0.111..0101111     0     0       7      -1-0.632812                      0.728763
 944:   0b0.0.111..0110000     0     0       7      -1  -0.625                      0.731616
 945:   0b0.0.111..0110001     0     0       7      -1-0.617188                      0.734479
 946:   0b0.0.111..0110010     0     0       7      -1-0.609375                      0.737354
 947:   0b0.0.111..0110011     0     0       7      -1-0.601562                       0.74024
 948:   0b0.0.111..0110100     0     0       7      -1-0.59375                      0.743137
 949:   0b0.0.111..0110101     0     0       7      -1-0.585938                      0.746045
 950:   0b0.0.111..0110110     0     0       7      -1-0.578125                      0.748965
 951:   0b0.0.111..0110111     0     0       7      -1-0.570312                      0.751897
 952:   0b0.0.111..0111000     0     0       7      -1 -0.5625                       0.75484
 953:   0b0.0.111..0111001     0     0       7      -1-0.554688                      0.757794
 954:   0b0.0.111..0111010     0     0       7      -1-0.546875                       0.76076
 955:   0b0.0.111..0111011     0     0       7      -1-0.539062                      0.763737
 956:   0b0.0.111..0111100     0     0       7      -1-0.53125                      0.766727
 957:   0b0.0.111..0111101     0     0       7      -1-0.523438                      0.769727
 958:   0b0.0.111..0111110     0     0       7      -1-0.515625                       0.77274
 959:   0b0.0.111..0111111     0     0       7      -1-0.507812                      0.775765
 960:   0b0.0.111..1000000     0     0       7      -1    -0.5                      0.778801
 961:   0b0.0.111..1000001     0     0       7      -1-0.492188                      0.781849
 962:   0b0.0.111..1000010     0     0       7      -1-0.484375                      0.784909
 963:   0b0.0.111..1000011     0     0       7      -1-0.476562                      0.787981
 964:   0b0.0.111..1000100     0     0       7      -1-0.46875                      0.791065
 965:   0b0.0.111..1000101     0     0       7      -1-0.460938                      0.794161
 966:   0b0.0.111..1000110     0     0       7      -1-0.453125                       0.79727
 967:   0b0.0.111..1000111     0     0       7      -1-0.445312                       0.80039
 968:   0b0.0.111..1001000     0     0       7      -1 -0.4375                      0.803523
 969:   0b0.0.111..1001001     0     0       7      -1-0.429688                      0.806667
 970:   0b0.0.111..1001010     0     0       7      -1-0.421875                      0.809825
 971:   0b0.0.111..1001011     0     0       7      -1-0.414062                      0.812994
 972:   0b0.0.111..1001100     0     0       7      -1-0.40625                      0.816176
 973:   0b0.0.111..1001101     0     0       7      -1-0.398438                      0.819371
 974:   0b0.0.111..1001110     0     0       7      -1-0.390625                      0.822578
 975:   0b0.0.111..1001111     0     0       7      -1-0.382812                      0.825797
 976:   0b0.0.111..1010000     0     0       7      -1  -0.375                      0.829029
 977:   0b0.0.111..1010001     0     0       7      -1-0.367188                      0.832274
 978:   0b0.0.111..1010010     0     0       7      -1-0.359375                      0.835531
 979:   0b0.0.111..1010011     0     0       7      -1-0.351562                      0.838801
 980:   0b0.0.111..1010100     0     0       7      -1-0.34375                      0.842084
 981:   0b0.0.111..1010101     0     0       7      -1-0.335938                       0.84538
 982:   0b0.0.111..1010110     0     0       7      -1-0.328125                      0.848689
 983:   0b0.0.111..1010111     0     0       7      -1-0.320312                      0.852011
 984:   0b0.0.111..1011000     0     0       7      -1 -0.3125                      0.855345
 985:   0b0.0.111..1011001     0     0       7      -1-0.304688                      0.858693
 986:   0b0.0.111..1011010     0     0       7      -1-0.296875                      0.862054
 987:   0b0.0.111..1011011     0     0       7      -1-0.289062                      0.865428
 988:   0b0.0.111..1011100     0     0       7      -1-0.28125                      0.868815
 989:   0b0.0.111..1011101     0     0       7      -1-0.273438                      0.872216
 990:   0b0.0.111..1011110     0     0       7      -1-0.265625                      0.875629
 991:   0b0.0.111..1011111     0     0       7      -1-0.257812                      0.879056
 992:   0b0.0.111..1100000     0     0       7      -1   -0.25                      0.882497
 993:   0b0.0.111..1100001     0     0       7      -1-0.242188                      0.885951
 994:   0b0.0.111..1100010     0     0       7      -1-0.234375                      0.889418
 995:   0b0.0.111..1100011     0     0       7      -1-0.226562                      0.892899
 996:   0b0.0.111..1100100     0     0       7      -1-0.21875                      0.896394
 997:   0b0.0.111..1100101     0     0       7      -1-0.210938                      0.899903
 998:   0b0.0.111..1100110     0     0       7      -1-0.203125                      0.903425
 999:   0b0.0.111..1100111     0     0       7      -1-0.195312                      0.906961
1000:   0b0.0.111..1101000     0     0       7      -1 -0.1875                       0.91051
1001:   0b0.0.111..1101001     0     0       7      -1-0.179688                      0.914074
1002:   0b0.0.111..1101010     0     0       7      -1-0.171875                      0.917652
1003:   0b0.0.111..1101011     0     0       7      -1-0.164062                      0.921243
1004:   0b0.0.111..1101100     0     0       7      -1-0.15625                      0.924849
1005:   0b0.0.111..1101101     0     0       7      -1-0.148438                      0.928469
1006:   0b0.0.111..1101110     0     0       7      -1-0.140625                      0.932102
1007:   0b0.0.111..1101111     0     0       7      -1-0.132812                      0.935751
1008:   0b0.0.111..1110000     0     0       7      -1  -0.125                      0.939413
1009:   0b0.0.111..1110001     0     0       7      -1-0.117188                       0.94309
1010:   0b0.0.111..1110010     0     0       7      -1-0.109375                      0.946781
1011:   0b0.0.111..1110011     0     0       7      -1-0.101562                      0.950487
1012:   0b0.0.111..1110100     0     0       7      -1-0.09375                      0.954207
1013:   0b0.0.111..1110101     0     0       7      -1-0.0859375                      0.957941
1014:   0b0.0.111..1110110     0     0       7      -1-0.078125                      0.961691
1015:   0b0.0.111..1110111     0     0       7      -1-0.0703125                      0.965455
1016:   0b0.0.111..1111000     0     0       7      -1 -0.0625                      0.969233
1017:   0b0.0.111..1111001     0     0       7      -1-0.0546875                      0.973027
1018:   0b0.0.111..1111010     0     0       7      -1-0.046875                      0.976835
1019:   0b0.0.111..1111011     0     0       7      -1-0.0390625                      0.980658
1020:   0b0.0.111..1111100     0     0       7      -1-0.03125                      0.984496
1021:   0b0.0.111..1111101     0     0       7      -1-0.0234375                       0.98835
1022:   0b0.0.111..1111110     0     0       7      -1-0.015625                      0.992218
1023:   0b0.0.111..1111111     0     0       7      -1-0.0078125                      0.996101
1024:   0b0.1.000..0000000     0     1       0       0       0                             1
1025:   0b0.1.000..0000001     0     1       0       00.0078125                       1.00391
1026:   0b0.1.000..0000010     0     1       0       00.015625                       1.00784
1027:   0b0.1.000..0000011     0     1       0       00.0234375                       1.01179
1028:   0b0.1.000..0000100     0     1       0       0 0.03125                       1.01575
1029:   0b0.1.000..0000101     0     1       0       00.0390625                       1.01972
1030:   0b0.1.000..0000110     0     1       0       00.046875                       1.02371
1031:   0b0.1.000..0000111     0     1       0       00.0546875                       1.02772
1032:   0b0.1.000..0001000     0     1       0       0  0.0625                       1.03174
1033:   0b0.1.000..0001001     0     1       0       00.0703125                       1.03578
1034:   0b0.1.000..0001010     0     1       0       00.078125                       1.03984
1035:   0b0.1.000..0001011     0     1       0       00.0859375                       1.04391
1036:   0b0.1.000..0001100     0     1       0       0 0.09375                       1.04799
1037:   0b0.1.000..0001101     0     1       0       00.101562                       1.05209
1038:   0b0.1.000..0001110     0     1       0       00.109375                       1.05621
1039:   0b0.1.000..0001111     0     1       0       00.117188                       1.06034
1040:   0b0.1.000..0010000     0     1       0       0   0.125                       1.06449
1041:   0b0.1.000..0010001     0     1       0       00.132812                       1.06866
1042:   0b0.1.000..0010010     0     1       0       00.140625                       1.07284
1043:   0b0.1.000..0010011     0     1       0       00.148438                       1.07704
1044:   0b0.1.000..0010100     0     1       0       0 0.15625                       1.08126
1045:   0b0.1.000..0010101     0     1       0       00.164062                       1.08549
1046:   0b0.1.000..0010110     0     1       0       00.171875                       1.08974
1047:   0b0.1.000..0010111     0     1       0       00.179688                         1.094
1048:   0b0.1.000..0011000     0     1       0       0  0.1875                       1.09829
1049:   0b0.1.000..0011001     0     1       0       00.195312                       1.10258
1050:   0b0.1.000..0011010     0     1       0       00.203125                        1.1069
1051:   0b0.1.000..0011011     0     1       0       00.210938                       1.11123
1052:   0b0.1.000..0011100     0     1       0       0 0.21875                       1.11558
1053:   0b0.1.000..0011101     0     1       0       00.226562                       1.11995
1054:   0b0.1.000..0011110     0     1       0       00.234375                       1.12433
1055:   0b0.1.000..0011111     0     1       0       00.242188                       1.12873
1056:   0b0.1.000..0100000     0     1       0       0    0.25                       1.13315
1057:   0b0.1.000..0100001     0     1       0       00.257812                       1.13758
1058:   0b0.1.000..0100010     0     1       0       00.265625                       1.14204
1059:   0b0.1.000..0100011     0     1       0       00.273438                       1.14651
1060:   0b0.1.000..0100100     0     1       0       0 0.28125                       1.15099
1061:   0b0.1.000..0100101     0     1       0       00.289062                        1.1555
1062:   0b0.1.000..0100110     0     1       0       00.296875                       1.16002
1063:   0b0.1.000..0100111     0     1       0       00.304688                       1.16456
1064:   0b0.1.000..0101000     0     1       0       0  0.3125                       1.16912
1065:   0b0.1.000..0101001     0     1       0       00.320312                       1.17369
1066:   0b0.1.000..0101010     0     1       0       00.328125                       1.17829
1067:   0b0.1.000..0101011     0     1       0       00.335938                        1.1829
1068:   0b0.1.000..0101100     0     1       0       0 0.34375                       1.18753
1069:   0b0.1.000..0101101     0     1       0       00.351562                       1.19218
1070:   0b0.1.000..0101110     0     1       0       00.359375                       1.19684
1071:   0b0.1.000..0101111     0     1       0       00.367188                       1.20153
1072:   0b0.1.000..0110000     0     1       0       0   0.375                       1.20623
1073:   0b0.1.000..0110001     0     1       0       00.382812                       1.21095
1074:   0b0.1.000..0110010     0     1       0       00.390625                       1.21569
1075:   0b0.1.000..0110011     0     1       0       00.398438                       1.22045
1076:   0b0.1.000..0110100     0     1       0       0 0.40625                       1.22523
1077:   0b0.1.000..0110101     0     1       0       00.414062                       1.23002
1078:   0b0.1.000..0110110     0     1       0       00.421875                       1.23484
1079:   0b0.1.000..0110111     0     1       0       00.429688                       1.23967
1080:   0b0.1.000..0111000     0     1       0       0  0.4375                       1.24452
1081:   0b0.1.000..0111001     0     1       0       00.445312                       1.24939
1082:   0b0.1.000..0111010     0     1       0       00.453125                       1.25428
1083:   0b0.1.000..0111011     0     1       0       00.460938                       1.25919
1084:   0b0.1.000..0111100     0     1       0       0 0.46875                       1.26412
1085:   0b0.1.000..0111101     0     1       0       00.476562                       1.26907
1086:   0b0.1.000..0111110     0     1       0       00.484375                       1.27403
1087:   0b0.1.000..0111111     0     1       0       00.492188                       1.27902
1088:   0b0.1.000..1000000     0     1       0       0     0.5                       1.28403
1089:   0b0.1.000..1000001     0     1       0       00.507812                       1.28905
1090:   0b0.1.000..1000010     0     1       0       00.515625                        1.2941
1091:   0b0.1.000..1000011     0     1       0       00.523438                       1.29916
1092:   0b0.1.000..1000100     0     1       0       0 0.53125                       1.30425
1093:   0b0.1.000..1000101     0     1       0       00.539062                       1.30935
1094:   0b0.1.000..1000110     0     1       0       00.546875                       1.31448
1095:   0b0.1.000..1000111     0     1       0       00.554688                       1.31962
1096:   0b0.1.000..1001000     0     1       0       0  0.5625                       1.32478
1097:   0b0.1.000..1001001     0     1       0       00.570312                       1.32997
1098:   0b0.1.000..1001010     0     1       0       00.578125                       1.33518
1099:   0b0.1.000..1001011     0     1       0       00.585938                        1.3404
1100:   0b0.1.000..1001100     0     1       0       0 0.59375                       1.34565
1101:   0b0.1.000..1001101     0     1       0       00.601562                       1.35091
1102:   0b0.1.000..1001110     0     1       0       00.609375                        1.3562
1103:   0b0.1.000..1001111     0     1       0       00.617188                       1.36151
1104:   0b0.1.000..1010000     0     1       0       0   0.625                       1.36684
1105:   0b0.1.000..1010001     0     1       0       00.632812                       1.37219
1106:   0b0.1.000..1010010     0     1       0       00.640625                       1.37756
1107:   0b0.1.000..1010011     0     1       0       00.648438                       1.38295
1108:   0b0.1.000..1010100     0     1       0       0 0.65625                       1.38836
1109:   0b0.1.000..1010101     0     1       0       00.664062                        1.3938
1110:   0b0.1.000..1010110     0     1       0       00.671875                       1.39925
1111:   0b0.1.000..1010111     0     1       0       00.679688                       1.40473
1112:   0b0.1.000..1011000     0     1       0       0  0.6875                       1.41023
1113:   0b0.1.000..1011001     0     1       0       00.695312                       1.41575
1114:   0b0.1.000..1011010     0     1       0       00.703125                       1.42129
1115:   0b0.1.000..1011011     0     1       0       00.710938                       1.42685
1116:   0b0.1.000..1011100     0     1       0       0 0.71875                       1.43243
1117:   0b0.1.000..1011101     0     1       0       00.726562                       1.43804
1118:   0b0.1.000..1011110     0     1       0       00.734375                       1.44367
1119:   0b0.1.000..1011111     0     1       0       00.742188                       1.44932
1120:   0b0.1.000..1100000     0     1       0       0    0.75                       1.45499
1121:   0b0.1.000..1100001     0     1       0       00.757812                       1.46069
1122:   0b0.1.000..1100010     0     1       0       00.765625                        1.4664
1123:   0b0.1.000..1100011     0     1       0       00.773438                       1.47214
1124:   0b0.1.000..1100100     0     1       0       0 0.78125                        1.4779
1125:   0b0.1.000..1100101     0     1       0       00.789062                       1.48369
1126:   0b0.1.000..1100110     0     1       0       00.796875                        1.4895
1127:   0b0.1.000..1100111     0     1       0       00.804688                       1.49533
1128:   0b0.1.000..1101000     0     1       0       0  0.8125                       1.50118
1129:   0b0.1.000..1101001     0     1       0       00.820312                       1.50705
1130:   0b0.1.000..1101010     0     1       0       00.828125                       1.51295
1131:   0b0.1.000..1101011     0     1       0       00.835938                       1.51887
1132:   0b0.1.000..1101100     0     1       0       0 0.84375                       1.52482
1133:   0b0.1.000..1101101     0     1       0       00.851562                       1.53079
1134:   0b0.1.000..1101110     0     1       0       00.859375                       1.53678
1135:   0b0.1.000..1101111     0     1       0       00.867188                       1.54279
1136:   0b0.1.000..1110000     0     1       0       0   0.875                       1.54883
1137:   0b0.1.000..1110001     0     1       0       00.882812                       1.55489
1138:   0b0.1.000..1110010     0     1       0       00.890625                       1.56098
1139:   0b0.1.000..1110011     0     1       0       00.898438                       1.56709
1140:   0b0.1.000..1110100     0     1       0       0 0.90625                       1.57322
1141:   0b0.1.000..1110101     0     1       0       00.914062                       1.57938
1142:   0b0.1.000..1110110     0     1       0       00.921875                       1.58556
1143:   0b0.1.000..1110111     0     1       0       00.929688                       1.59177
1144:   0b0.1.000..1111000     0     1       0       0  0.9375                         1.598
1145:   0b0.1.000..1111001     0     1       0       00.945312                       1.60425
1146:   0b0.1.000..1111010     0     1       0       00.953125                       1.61053
1147:   0b0.1.000..1111011     0     1       0       00.960938                       1.61683
1148:   0b0.1.000..1111100     0     1       0       0 0.96875                       1.62316
1149:   0b0.1.000..1111101     0     1       0       00.976562                       1.62951
1150:   0b0.1.000..1111110     0     1       0       00.984375                       1.63589
1151:   0b0.1.000..1111111     0     1       0       00.992188                       1.64229
1152:   0b0.1.001.0.000000     0     1       1       1       1                       1.64872
1153:   0b0.1.001.0.000001     0     1       1       1 1.01562                       1.66165
1154:   0b0.1.001.0.000010     0     1       1       1 1.03125                       1.67468
1155:   0b0.1.001.0.000011     0     1       1       1 1.04688                       1.68782
1156:   0b0.1.001.0.000100     0     1       1       1  1.0625                       1.70106
1157:   0b0.1.001.0.000101     0     1       1       1 1.07812                        1.7144
1158:   0b0.1.001.0.000110     0     1       1       1 1.09375                       1.72785
1159:   0b0.1.001.0.000111     0     1       1       1 1.10938                        1.7414
1160:   0b0.1.001.0.001000     0     1       1       1   1.125                       1.75505
1161:   0b0.1.001.0.001001     0     1       1       1 1.14062                       1.76882
1162:   0b0.1.001.0.001010     0     1       1       1 1.15625                       1.78269
1163:   0b0.1.001.0.001011     0     1       1       1 1.17188                       1.79667
1164:   0b0.1.001.0.001100     0     1       1       1  1.1875                       1.81077
1165:   0b0.1.001.0.001101     0     1       1       1 1.20312                       1.82497
1166:   0b0.1.001.0.001110     0     1       1       1 1.21875                       1.83928
1167:   0b0.1.001.0.001111     0     1       1       1 1.23438                       1.85371
1168:   0b0.1.001.0.010000     0     1       1       1    1.25                       1.86825
1169:   0b0.1.001.0.010001     0     1       1       1 1.26562                        1.8829
1170:   0b0.1.001.0.010010     0     1       1       1 1.28125                       1.89767
1171:   0b0.1.001.0.010011     0     1       1       1 1.29688                       1.91255
1172:   0b0.1.001.0.010100     0     1       1       1  1.3125                       1.92755
1173:   0b0.1.001.0.010101     0     1       1       1 1.32812                       1.94267
1174:   0b0.1.001.0.010110     0     1       1       1 1.34375                        1.9579
1175:   0b0.1.001.0.010111     0     1       1       1 1.35938                       1.97326
1176:   0b0.1.001.0.011000     0     1       1       1   1.375                       1.98874
1177:   0b0.1.001.0.011001     0     1       1       1 1.39062                       2.00434
1178:   0b0.1.001.0.011010     0     1       1       1 1.40625                       2.02006
1179:   0b0.1.001.0.011011     0     1       1       1 1.42188                        2.0359
1180:   0b0.1.001.0.011100     0     1       1       1  1.4375                       2.05187
1181:   0b0.1.001.0.011101     0     1       1       1 1.45312                       2.06796
1182:   0b0.1.001.0.011110     0     1       1       1 1.46875                       2.08418
1183:   0b0.1.001.0.011111     0     1       1       1 1.48438                       2.10053
1184:   0b0.1.001.0.100000     0     1       1       1     1.5                         2.117
1185:   0b0.1.001.0.100001     0     1       1       1 1.51562                        2.1336
1186:   0b0.1.001.0.100010     0     1       1       1 1.53125                       2.15034
1187:   0b0.1.001.0.100011     0     1       1       1 1.54688                        2.1672
1188:   0b0.1.001.0.100100     0     1       1       1  1.5625                        2.1842
1189:   0b0.1.001.0.100101     0     1       1       1 1.57812                       2.20133
1190:   0b0.1.001.0.100110     0     1       1       1 1.59375                        2.2186
1191:   0b0.1.001.0.100111     0     1       1       1 1.60938                         2.236
1192:   0b0.1.001.0.101000     0     1       1       1   1.625                       2.25353
1193:   0b0.1.001.0.101001     0     1       1       1 1.64062                       2.27121
1194:   0b0.1.001.0.101010     0     1       1       1 1.65625                       2.28902
1195:   0b0.1.001.0.101011     0     1       1       1 1.67188                       2.30698
1196:   0b0.1.001.0.101100     0     1       1       1  1.6875                       2.32507
1197:   0b0.1.001.0.101101     0     1       1       1 1.70312                       2.34331
1198:   0b0.1.001.0.101110     0     1       1       1 1.71875                       2.36168
1199:   0b0.1.001.0.101111     0     1       1       1 1.73438                       2.38021
1200:   0b0.1.001.0.110000     0     1       1       1    1.75                       2.39888
1201:   0b0.1.001.0.110001     0     1       1       1 1.76562                       2.41769
1202:   0b0.1.001.0.110010     0     1       1       1 1.78125                       2.43665
1203:   0b0.1.001.0.110011     0     1       1       1 1.79688                       2.45576
1204:   0b0.1.001.0.110100     0     1       1       1  1.8125                       2.47502
1205:   0b0.1.001.0.110101     0     1       1       1 1.82812                       2.49444
1206:   0b0.1.001.0.110110     0     1       1       1 1.84375                         2.514
1207:   0b0.1.001.0.110111     0     1       1       1 1.85938                       2.53372
1208:   0b0.1.001.0.111000     0     1       1       1   1.875                       2.55359
1209:   0b0.1.001.0.111001     0     1       1       1 1.89062                       2.57362
1210:   0b0.1.001.0.111010     0     1       1       1 1.90625                        2.5938
1211:   0b0.1.001.0.111011     0     1       1       1 1.92188                       2.61415
1212:   0b0.1.001.0.111100     0     1       1       1  1.9375                       2.63465
1213:   0b0.1.001.0.111101     0     1       1       1 1.95312                       2.65531
1214:   0b0.1.001.0.111110     0     1       1       1 1.96875                       2.67614
1215:   0b0.1.001.0.111111     0     1       1       1 1.98438                       2.69713
1216:   0b0.1.001.1.000000     0     1       1       2       2                       2.71828
1217:   0b0.1.001.1.000001     0     1       1       2 2.01562                        2.7396
1218:   0b0.1.001.1.000010     0     1       1       2 2.03125                       2.76109
1219:   0b0.1.001.1.000011     0     1       1       2 2.04688                       2.78274
1220:   0b0.1.001.1.000100     0     1       1       2  2.0625                       2.80457
1221:   0b0.1.001.1.000101     0     1       1       2 2.07812                       2.82657
1222:   0b0.1.001.1.000110     0     1       1       2 2.09375                       2.84873
1223:   0b0.1.001.1.000111     0     1       1       2 2.10938                       2.87108
1224:   0b0.1.001.1.001000     0     1       1       2   2.125                        2.8936
1225:   0b0.1.001.1.001001     0     1       1       2 2.14062                       2.91629
1226:   0b0.1.001.1.001010     0     1       1       2 2.15625                       2.93916
1227:   0b0.1.001.1.001011     0     1       1       2 2.17188                       2.96222
1228:   0b0.1.001.1.001100     0     1       1       2  2.1875                       2.98545
1229:   0b0.1.001.1.001101     0     1       1       2 2.20312                       3.00886
1230:   0b0.1.001.1.001110     0     1       1       2 2.21875                       3.03246
1231:   0b0.1.001.1.001111     0     1       1       2 2.23438                       3.05625
1232:   0b0.1.001.1.010000     0     1       1       2    2.25                       3.08022
1233:   0b0.1.001.1.010001     0     1       1       2 2.26562                       3.10438
1234:   0b0.1.001.1.010010     0     1       1       2 2.28125                       3.12872
1235:   0b0.1.001.1.010011     0     1       1       2 2.29688                       3.15326
1236:   0b0.1.001.1.010100     0     1       1       2  2.3125                       3.17799
1237:   0b0.1.001.1.010101     0     1       1       2 2.32812                       3.20292
1238:   0b0.1.001.1.010110     0     1       1       2 2.34375                       3.22804
1239:   0b0.1.001.1.010111     0     1       1       2 2.35938                       3.25336
1240:   0b0.1.001.1.011000     0     1       1       2   2.375                       3.27887
1241:   0b0.1.001.1.011001     0     1       1       2 2.39062                       3.30459
1242:   0b0.1.001.1.011010     0     1       1       2 2.40625                       3.33051
1243:   0b0.1.001.1.011011     0     1       1       2 2.42188                       3.35663
1244:   0b0.1.001.1.011100     0     1       1       2  2.4375                       3.38296
1245:   0b0.1.001.1.011101     0     1       1       2 2.45312                       3.40949
1246:   0b0.1.001.1.011110     0     1       1       2 2.46875                       3.43623
1247:   0b0.1.001.1.011111     0     1       1       2 2.48438                       3.46318
1248:   0b0.1.001.1.100000     0     1       1       2     2.5                       3.49034
1249:   0b0.1.001.1.100001     0     1       1       2 2.51562                       3.51772
1250:   0b0.1.001.1.100010     0     1       1       2 2.53125                       3.54531
1251:   0b0.1.001.1.100011     0     1       1       2 2.54688                       3.57311
1252:   0b0.1.001.1.100100     0     1       1       2  2.5625                       3.60114
1253:   0b0.1.001.1.100101     0     1       1       2 2.57812                       3.62938
1254:   0b0.1.001.1.100110     0     1       1       2 2.59375                       3.65785
1255:   0b0.1.001.1.100111     0     1       1       2 2.60938                       3.68654
1256:   0b0.1.001.1.101000     0     1       1       2   2.625                       3.71545
1257:   0b0.1.001.1.101001     0     1       1       2 2.64062                       3.74459
1258:   0b0.1.001.1.101010     0     1       1       2 2.65625                       3.77396
1259:   0b0.1.001.1.101011     0     1       1       2 2.67188                       3.80356
1260:   0b0.1.001.1.101100     0     1       1       2  2.6875                       3.83339
1261:   0b0.1.001.1.101101     0     1       1       2 2.70312                       3.86346
1262:   0b0.1.001.1.101110     0     1       1       2 2.71875                       3.89376
1263:   0b0.1.001.1.101111     0     1       1       2 2.73438                        3.9243
1264:   0b0.1.001.1.110000     0     1       1       2    2.75                       3.95508
1265:   0b0.1.001.1.110001     0     1       1       2 2.76562                        3.9861
1266:   0b0.1.001.1.110010     0     1       1       2 2.78125                       4.01736
1267:   0b0.1.001.1.110011     0     1       1       2 2.79688                       4.04887
1268:   0b0.1.001.1.110100     0     1       1       2  2.8125                       4.08062
1269:   0b0.1.001.1.110101     0     1       1       2 2.82812                       4.11263
1270:   0b0.1.001.1.110110     0     1       1       2 2.84375                       4.14488
1271:   0b0.1.001.1.110111     0     1       1       2 2.85938                       4.17739
1272:   0b0.1.001.1.111000     0     1       1       2   2.875                       4.21016
1273:   0b0.1.001.1.111001     0     1       1       2 2.89062                       4.24318
1274:   0b0.1.001.1.111010     0     1       1       2 2.90625                       4.27646
1275:   0b0.1.001.1.111011     0     1       1       2 2.92188                          4.31
1276:   0b0.1.001.1.111100     0     1       1       2  2.9375                        4.3438
1277:   0b0.1.001.1.111101     0     1       1       2 2.95312                       4.37787
1278:   0b0.1.001.1.111110     0     1       1       2 2.96875                       4.41221
1279:   0b0.1.001.1.111111     0     1       1       2 2.98438                       4.44681
1280:   0b0.1.010.00.00000     0     1       2       3       3                       4.48169
1281:   0b0.1.010.00.00001     0     1       2       3 3.03125                       4.55227
1282:   0b0.1.010.00.00010     0     1       2       3  3.0625                       4.62395
1283:   0b0.1.010.00.00011     0     1       2       3 3.09375                       4.69677
1284:   0b0.1.010.00.00100     0     1       2       3   3.125                       4.77073
1285:   0b0.1.010.00.00101     0     1       2       3 3.15625                       4.84586
1286:   0b0.1.010.00.00110     0     1       2       3  3.1875                       4.92217
1287:   0b0.1.010.00.00111     0     1       2       3 3.21875                       4.99969
1288:   0b0.1.010.00.01000     0     1       2       3    3.25                       5.07842
1289:   0b0.1.010.00.01001     0     1       2       3 3.28125                       5.15839
1290:   0b0.1.010.00.01010     0     1       2       3  3.3125                       5.23963
1291:   0b0.1.010.00.01011     0     1       2       3 3.34375                       5.32214
1292:   0b0.1.010.00.01100     0     1       2       3   3.375                       5.40595
1293:   0b0.1.010.00.01101     0     1       2       3 3.40625                       5.49108
1294:   0b0.1.010.00.01110     0     1       2       3  3.4375                       5.57755
1295:   0b0.1.010.00.01111     0     1       2       3 3.46875                       5.66539
1296:   0b0.1.010.00.10000     0     1       2       3     3.5                        5.7546
1297:   0b0.1.010.00.10001     0     1       2       3 3.53125                       5.84522
1298:   0b0.1.010.00.10010     0     1       2       3  3.5625                       5.93727
1299:   0b0.1.010.00.10011     0     1       2       3 3.59375                       6.03077
1300:   0b0.1.010.00.10100     0     1       2       3   3.625                       6.12574
1301:   0b0.1.010.00.10101     0     1       2       3 3.65625                       6.22221
1302:   0b0.1.010.00.10110     0     1       2       3  3.6875                       6.32019
1303:   0b0.1.010.00.10111     0     1       2       3 3.71875                       6.41972
1304:   0b0.1.010.00.11000     0     1       2       3    3.75                       6.52082
1305:   0b0.1.010.00.11001     0     1       2       3 3.78125                       6.62351
1306:   0b0.1.010.00.11010     0     1       2       3  3.8125                       6.72781
1307:   0b0.1.010.00.11011     0     1       2       3 3.84375                       6.83376
1308:   0b0.1.010.00.11100     0     1       2       3   3.875                       6.94138
1309:   0b0.1.010.00.11101     0     1       2       3 3.90625                       7.05069
1310:   0b0.1.010.00.11110     0     1       2       3  3.9375                       7.16172
1311:   0b0.1.010.00.11111     0     1       2       3 3.96875                        7.2745
1312:   0b0.1.010.01.00000     0     1       2       4       4                       7.38906
1313:   0b0.1.010.01.00001     0     1       2       4 4.03125                       7.50542
1314:   0b0.1.010.01.00010     0     1       2       4  4.0625                       7.62361
1315:   0b0.1.010.01.00011     0     1       2       4 4.09375                       7.74366
1316:   0b0.1.010.01.00100     0     1       2       4   4.125                       7.86561
1317:   0b0.1.010.01.00101     0     1       2       4 4.15625                       7.98947
1318:   0b0.1.010.01.00110     0     1       2       4  4.1875                       8.11529
1319:   0b0.1.010.01.00111     0     1       2       4 4.21875                       8.24309
1320:   0b0.1.010.01.01000     0     1       2       4    4.25                        8.3729
1321:   0b0.1.010.01.01001     0     1       2       4 4.28125                       8.50475
1322:   0b0.1.010.01.01010     0     1       2       4  4.3125                       8.63868
1323:   0b0.1.010.01.01011     0     1       2       4 4.34375                       8.77472
1324:   0b0.1.010.01.01100     0     1       2       4   4.375                        8.9129
1325:   0b0.1.010.01.01101     0     1       2       4 4.40625                       9.05326
1326:   0b0.1.010.01.01110     0     1       2       4  4.4375                       9.19583
1327:   0b0.1.010.01.01111     0     1       2       4 4.46875                       9.34064
1328:   0b0.1.010.01.10000     0     1       2       4     4.5                       9.48774
1329:   0b0.1.010.01.10001     0     1       2       4 4.53125                       9.63715
1330:   0b0.1.010.01.10010     0     1       2       4  4.5625                       9.78891
1331:   0b0.1.010.01.10011     0     1       2       4 4.59375                       9.94306
1332:   0b0.1.010.01.10100     0     1       2       4   4.625                       10.0996
1333:   0b0.1.010.01.10101     0     1       2       4 4.65625                       10.2587
1334:   0b0.1.010.01.10110     0     1       2       4  4.6875                       10.4202
1335:   0b0.1.010.01.10111     0     1       2       4 4.71875                       10.5843
1336:   0b0.1.010.01.11000     0     1       2       4    4.75                        10.751
1337:   0b0.1.010.01.11001     0     1       2       4 4.78125                       10.9203
1338:   0b0.1.010.01.11010     0     1       2       4  4.8125                       11.0923
1339:   0b0.1.010.01.11011     0     1       2       4 4.84375                        11.267
1340:   0b0.1.010.01.11100     0     1       2       4   4.875                       11.4444
1341:   0b0.1.010.01.11101     0     1       2       4 4.90625                       11.6246
1342:   0b0.1.010.01.11110     0     1       2       4  4.9375                       11.8077
1343:   0b0.1.010.01.11111     0     1       2       4 4.96875                       11.9936
1344:   0b0.1.010.10.00000     0     1       2       5       5                       12.1825
1345:   0b0.1.010.10.00001     0     1       2       5 5.03125                       12.3743
1346:   0b0.1.010.10.00010     0     1       2       5  5.0625                       12.5692
1347:   0b0.1.010.10.00011     0     1       2       5 5.09375                       12.7671
1348:   0b0.1.010.10.00100     0     1       2       5   5.125                       12.9682
1349:   0b0.1.010.10.00101     0     1       2       5 5.15625                       13.1724
1350:   0b0.1.010.10.00110     0     1       2       5  5.1875                       13.3799
1351:   0b0.1.010.10.00111     0     1       2       5 5.21875                       13.5906
1352:   0b0.1.010.10.01000     0     1       2       5    5.25                       13.8046
1353:   0b0.1.010.10.01001     0     1       2       5 5.28125                        14.022
1354:   0b0.1.010.10.01010     0     1       2       5  5.3125                       14.2428
1355:   0b0.1.010.10.01011     0     1       2       5 5.34375                       14.4671
1356:   0b0.1.010.10.01100     0     1       2       5   5.375                       14.6949
1357:   0b0.1.010.10.01101     0     1       2       5 5.40625                       14.9263
1358:   0b0.1.010.10.01110     0     1       2       5  5.4375                       15.1614
1359:   0b0.1.010.10.01111     0     1       2       5 5.46875                       15.4001
1360:   0b0.1.010.10.10000     0     1       2       5     5.5                       15.6426
1361:   0b0.1.010.10.10001     0     1       2       5 5.53125                        15.889
1362:   0b0.1.010.10.10010     0     1       2       5  5.5625                       16.1392
1363:   0b0.1.010.10.10011     0     1       2       5 5.59375                       16.3933
1364:   0b0.1.010.10.10100     0     1       2       5   5.625                       16.6515
1365:   0b0.1.010.10.10101     0     1       2       5 5.65625                       16.9137
1366:   0b0.1.010.10.10110     0     1       2       5  5.6875                       17.1801
1367:   0b0.1.010.10.10111     0     1       2       5 5.71875                       17.4506
1368:   0b0.1.010.10.11000     0     1       2       5    5.75                       17.7254
1369:   0b0.1.010.10.11001     0     1       2       5 5.78125                       18.0046
1370:   0b0.1.010.10.11010     0     1       2       5  5.8125                       18.2881
1371:   0b0.1.010.10.11011     0     1       2       5 5.84375                       18.5761
1372:   0b0.1.010.10.11100     0     1       2       5   5.875                       18.8686
1373:   0b0.1.010.10.11101     0     1       2       5 5.90625                       19.1658
1374:   0b0.1.010.10.11110     0     1       2       5  5.9375                       19.4676
1375:   0b0.1.010.10.11111     0     1       2       5 5.96875                       19.7741
1376:   0b0.1.010.11.00000     0     1       2       6       6                       20.0855
1377:   0b0.1.010.11.00001     0     1       2       6 6.03125                       20.4018
1378:   0b0.1.010.11.00010     0     1       2       6  6.0625                       20.7231
1379:   0b0.1.010.11.00011     0     1       2       6 6.09375                       21.0495
1380:   0b0.1.010.11.00100     0     1       2       6   6.125                       21.3809
1381:   0b0.1.010.11.00101     0     1       2       6 6.15625                       21.7176
1382:   0b0.1.010.11.00110     0     1       2       6  6.1875                       22.0596
1383:   0b0.1.010.11.00111     0     1       2       6 6.21875                        22.407
1384:   0b0.1.010.11.01000     0     1       2       6    6.25                       22.7599
1385:   0b0.1.010.11.01001     0     1       2       6 6.28125                       23.1183
1386:   0b0.1.010.11.01010     0     1       2       6  6.3125                       23.4824
1387:   0b0.1.010.11.01011     0     1       2       6 6.34375                       23.8522
1388:   0b0.1.010.11.01100     0     1       2       6   6.375                       24.2278
1389:   0b0.1.010.11.01101     0     1       2       6 6.40625                       24.6093
1390:   0b0.1.010.11.01110     0     1       2       6  6.4375                       24.9969
1391:   0b0.1.010.11.01111     0     1       2       6 6.46875                       25.3905
1392:   0b0.1.010.11.10000     0     1       2       6     6.5                       25.7903
1393:   0b0.1.010.11.10001     0     1       2       6 6.53125                       26.1965
1394:   0b0.1.010.11.10010     0     1       2       6  6.5625                        26.609
1395:   0b0.1.010.11.10011     0     1       2       6 6.59375                        27.028
1396:   0b0.1.010.11.10100     0     1       2       6   6.625                       27.4537
1397:   0b0.1.010.11.10101     0     1       2       6 6.65625                        27.886
1398:   0b0.1.010.11.10110     0     1       2       6  6.6875                       28.3251
1399:   0b0.1.010.11.10111     0     1       2       6 6.71875                       28.7712
1400:   0b0.1.010.11.11000     0     1       2       6    6.75                       29.2243
1401:   0b0.1.010.11.11001     0     1       2       6 6.78125                       29.6845
1402:   0b0.1.010.11.11010     0     1       2       6  6.8125                        30.152
1403:   0b0.1.010.11.11011     0     1       2       6 6.84375                       30.6268
1404:   0b0.1.010.11.11100     0     1       2       6   6.875                       31.1091
1405:   0b0.1.010.11.11101     0     1       2       6 6.90625                        31.599
1406:   0b0.1.010.11.11110     0     1       2       6  6.9375                       32.0966
1407:   0b0.1.010.11.11111     0     1       2       6 6.96875                        32.602
1408:   0b0.1.011.000.0000     0     1       3       7       7                       33.1155
1409:   0b0.1.011.000.0001     0     1       3       7  7.0625                       34.1666
1410:   0b0.1.011.000.0010     0     1       3       7   7.125                       35.2512
1411:   0b0.1.011.000.0011     0     1       3       7  7.1875                       36.3702
1412:   0b0.1.011.000.0100     0     1       3       7    7.25                       37.5247
1413:   0b0.1.011.000.0101     0     1       3       7  7.3125                       38.7159
1414:   0b0.1.011.000.0110     0     1       3       7   7.375                       39.9449
1415:   0b0.1.011.000.0111     0     1       3       7  7.4375                       41.2128
1416:   0b0.1.011.000.1000     0     1       3       7     7.5                       42.5211
1417:   0b0.1.011.000.1001     0     1       3       7  7.5625                       43.8708
1418:   0b0.1.011.000.1010     0     1       3       7   7.625                       45.2635
1419:   0b0.1.011.000.1011     0     1       3       7  7.6875                       46.7003
1420:   0b0.1.011.000.1100     0     1       3       7    7.75                       48.1827
1421:   0b0.1.011.000.1101     0     1       3       7  7.8125                       49.7122
1422:   0b0.1.011.000.1110     0     1       3       7   7.875                       51.2902
1423:   0b0.1.011.000.1111     0     1       3       7  7.9375                       52.9183
1424:   0b0.1.011.001.0000     0     1       3       8       8                       54.5982
1425:   0b0.1.011.001.0001     0     1       3       8  8.0625                       56.3313
1426:   0b0.1.011.001.0010     0     1       3       8   8.125                       58.1194
1427:   0b0.1.011.001.0011     0     1       3       8  8.1875                       59.9643
1428:   0b0.1.011.001.0100     0     1       3       8    8.25                       61.8678
1429:   0b0.1.011.001.0101     0     1       3       8  8.3125                       63.8317
1430:   0b0.1.011.001.0110     0     1       3       8   8.375                       65.8579
1431:   0b0.1.011.001.0111     0     1       3       8  8.4375                       67.9485
1432:   0b0.1.011.001.1000     0     1       3       8     8.5                       70.1054
1433:   0b0.1.011.001.1001     0     1       3       8  8.5625                       72.3308
1434:   0b0.1.011.001.1010     0     1       3       8   8.625                       74.6268
1435:   0b0.1.011.001.1011     0     1       3       8  8.6875                       76.9957
1436:   0b0.1.011.001.1100     0     1       3       8    8.75                       79.4398
1437:   0b0.1.011.001.1101     0     1       3       8  8.8125                       81.9615
1438:   0b0.1.011.001.1110     0     1       3       8   8.875                       84.5633
1439:   0b0.1.011.001.1111     0     1       3       8  8.9375                       87.2476
1440:   0b0.1.011.010.0000     0     1       3       9       9                       90.0171
1441:   0b0.1.011.010.0001     0     1       3       9  9.0625                       92.8746
1442:   0b0.1.011.010.0010     0     1       3       9   9.125                       95.8227
1443:   0b0.1.011.010.0011     0     1       3       9  9.1875                       98.8645
1444:   0b0.1.011.010.0100     0     1       3       9    9.25                       102.003
1445:   0b0.1.011.010.0101     0     1       3       9  9.3125                       105.241
1446:   0b0.1.011.010.0110     0     1       3       9   9.375                       108.581
1447:   0b0.1.011.010.0111     0     1       3       9  9.4375                       112.028
1448:   0b0.1.011.010.1000     0     1       3       9     9.5                       115.584
1449:   0b0.1.011.010.1001     0     1       3       9  9.5625                       119.253
1450:   0b0.1.011.010.1010     0     1       3       9   9.625                       123.039
1451:   0b0.1.011.010.1011     0     1       3       9  9.6875                       126.945
1452:   0b0.1.011.010.1100     0     1       3       9    9.75                       130.974
1453:   0b0.1.011.010.1101     0     1       3       9  9.8125                       135.132
1454:   0b0.1.011.010.1110     0     1       3       9   9.875                       139.421
1455:   0b0.1.011.010.1111     0     1       3       9  9.9375                       143.847
1456:   0b0.1.011.011.0000     0     1       3      10      10                       148.413
1457:   0b0.1.011.011.0001     0     1       3      10 10.0625                       153.124
1458:   0b0.1.011.011.0010     0     1       3      10  10.125                       157.985
1459:   0b0.1.011.011.0011     0     1       3      10 10.1875                           163
1460:   0b0.1.011.011.0100     0     1       3      10   10.25                       168.174
1461:   0b0.1.011.011.0101     0     1       3      10 10.3125                       173.513
1462:   0b0.1.011.011.0110     0     1       3      10  10.375                        179.02
1463:   0b0.1.011.011.0111     0     1       3      10 10.4375                       184.703
1464:   0b0.1.011.011.1000     0     1       3      10    10.5                       190.566
1465:   0b0.1.011.011.1001     0     1       3      10 10.5625                       196.615
1466:   0b0.1.011.011.1010     0     1       3      10  10.625                       202.857
1467:   0b0.1.011.011.1011     0     1       3      10 10.6875                       209.296
1468:   0b0.1.011.011.1100     0     1       3      10   10.75                        215.94
1469:   0b0.1.011.011.1101     0     1       3      10 10.8125                       222.795
1470:   0b0.1.011.011.1110     0     1       3      10  10.875                       229.867
1471:   0b0.1.011.011.1111     0     1       3      10 10.9375                       237.164
1472:   0b0.1.011.100.0000     0     1       3      11      11                       244.692
1473:   0b0.1.011.100.0001     0     1       3      11 11.0625                       252.459
1474:   0b0.1.011.100.0010     0     1       3      11  11.125                       260.473
1475:   0b0.1.011.100.0011     0     1       3      11 11.1875                       268.742
1476:   0b0.1.011.100.0100     0     1       3      11   11.25                       277.272
1477:   0b0.1.011.100.0101     0     1       3      11 11.3125                       286.074
1478:   0b0.1.011.100.0110     0     1       3      11  11.375                       295.155
1479:   0b0.1.011.100.0111     0     1       3      11 11.4375                       304.524
1480:   0b0.1.011.100.1000     0     1       3      11    11.5                       314.191
1481:   0b0.1.011.100.1001     0     1       3      11 11.5625                       324.164
1482:   0b0.1.011.100.1010     0     1       3      11  11.625                       334.454
1483:   0b0.1.011.100.1011     0     1       3      11 11.6875                       345.071
1484:   0b0.1.011.100.1100     0     1       3      11   11.75                       356.025
1485:   0b0.1.011.100.1101     0     1       3      11 11.8125                       367.326
1486:   0b0.1.011.100.1110     0     1       3      11  11.875                       378.986
1487:   0b0.1.011.100.1111     0     1       3      11 11.9375                       391.017
1488:   0b0.1.011.101.0000     0     1       3      12      12                       403.429
1489:   0b0.1.011.101.0001     0     1       3      12 12.0625                       416.235
1490:   0b0.1.011.101.0010     0     1       3      12  12.125                       429.448
1491:   0b0.1.011.101.0011     0     1       3      12 12.1875                        443.08
1492:   0b0.1.011.101.0100     0     1       3      12   12.25                       457.145
1493:   0b0.1.011.101.0101     0     1       3      12 12.3125                       471.656
1494:   0b0.1.011.101.0110     0     1       3      12  12.375                       486.628
1495:   0b0.1.011.101.0111     0     1       3      12 12.4375                       502.075
1496:   0b0.1.011.101.1000     0     1       3      12    12.5                       518.013
1497:   0b0.1.011.101.1001     0     1       3      12 12.5625                       534.456
1498:   0b0.1.011.101.1010     0     1       3      12  12.625                       551.422
1499:   0b0.1.011.101.1011     0     1       3      12 12.6875                       568.926
1500:   0b0.1.011.101.1100     0     1       3      12   12.75                       586.985
1501:   0b0.1.011.101.1101     0     1       3      12 12.8125                       605.618
1502:   0b0.1.011.101.1110     0     1       3      12  12.875                       624.843
1503:   0b0.1.011.101.1111     0     1       3      12 12.9375                       644.677
1504:   0b0.1.011.110.0000     0     1       3      13      13                       665.142
1505:   0b0.1.011.110.0001     0     1       3      13 13.0625                       686.255
1506:   0b0.1.011.110.0010     0     1       3      13  13.125                        708.04
1507:   0b0.1.011.110.0011     0     1       3      13 13.1875                       730.515
1508:   0b0.1.011.110.0100     0     1       3      13   13.25                       753.704
1509:   0b0.1.011.110.0101     0     1       3      13 13.3125                       777.629
1510:   0b0.1.011.110.0110     0     1       3      13  13.375                       802.314
1511:   0b0.1.011.110.0111     0     1       3      13 13.4375                       827.782
1512:   0b0.1.011.110.1000     0     1       3      13    13.5                       854.059
1513:   0b0.1.011.110.1001     0     1       3      13 13.5625                       881.169
1514:   0b0.1.011.110.1010     0     1       3      13  13.625                       909.141
1515:   0b0.1.011.110.1011     0     1       3      13 13.6875                           938
1516:   0b0.1.011.110.1100     0     1       3      13   13.75                       967.775
1517:   0b0.1.011.110.1101     0     1       3      13 13.8125                       998.496
1518:   0b0.1.011.110.1110     0     1       3      13  13.875                       1030.19
1519:   0b0.1.011.110.1111     0     1       3      13 13.9375                       1062.89
1520:   0b0.1.011.111.0000     0     1       3      14      14                       1096.63
1521:   0b0.1.011.111.0001     0     1       3      14 14.0625                       1131.44
1522:   0b0.1.011.111.0010     0     1       3      14  14.125                       1167.36
1523:   0b0.1.011.111.0011     0     1       3      14 14.1875                       1204.42
1524:   0b0.1.011.111.0100     0     1       3      14   14.25                       1242.65
1525:   0b0.1.011.111.0101     0     1       3      14 14.3125                       1282.09
1526:   0b0.1.011.111.0110     0     1       3      14  14.375                       1322.79
1527:   0b0.1.011.111.0111     0     1       3      14 14.4375                       1364.78
1528:   0b0.1.011.111.1000     0     1       3      14    14.5                        1408.1
1529:   0b0.1.011.111.1001     0     1       3      14 14.5625                        1452.8
1530:   0b0.1.011.111.1010     0     1       3      14  14.625                       1498.92
1531:   0b0.1.011.111.1011     0     1       3      14 14.6875                        1546.5
1532:   0b0.1.011.111.1100     0     1       3      14   14.75                       1595.59
1533:   0b0.1.011.111.1101     0     1       3      14 14.8125                       1646.24
1534:   0b0.1.011.111.1110     0     1       3      14  14.875                        1698.5
1535:   0b0.1.011.111.1111     0     1       3      14 14.9375                       1752.41
1536:   0b0.1.100.0000.000     0     1       4      15      15                       1808.04
1537:   0b0.1.100.0000.001     0     1       4      15  15.125                       1924.65
1538:   0b0.1.100.0000.010     0     1       4      15   15.25                       2048.78
1539:   0b0.1.100.0000.011     0     1       4      15  15.375                       2180.92
1540:   0b0.1.100.0000.100     0     1       4      15    15.5                       2321.57
1541:   0b0.1.100.0000.101     0     1       4      15  15.625                        2471.3
1542:   0b0.1.100.0000.110     0     1       4      15   15.75                       2630.69
1543:   0b0.1.100.0000.111     0     1       4      15  15.875                       2800.35
1544:   0b0.1.100.0001.000     0     1       4      16      16                       2980.96
1545:   0b0.1.100.0001.001     0     1       4      16  16.125                       3173.21
1546:   0b0.1.100.0001.010     0     1       4      16   16.25                       3377.87
1547:   0b0.1.100.0001.011     0     1       4      16  16.375                       3595.72
1548:   0b0.1.100.0001.100     0     1       4      16    16.5                       3827.63
1549:   0b0.1.100.0001.101     0     1       4      16  16.625                       4074.49
1550:   0b0.1.100.0001.110     0     1       4      16   16.75                       4337.27
1551:   0b0.1.100.0001.111     0     1       4      16  16.875                          4617
1552:   0b0.1.100.0010.000     0     1       4      17      17                       4914.77
1553:   0b0.1.100.0010.001     0     1       4      17  17.125                       5231.74
1554:   0b0.1.100.0010.010     0     1       4      17   17.25                       5569.16
1555:   0b0.1.100.0010.011     0     1       4      17  17.375                       5928.34
1556:   0b0.1.100.0010.100     0     1       4      17    17.5                       6310.69
1557:   0b0.1.100.0010.101     0     1       4      17  17.625                       6717.69
1558:   0b0.1.100.0010.110     0     1       4      17   17.75                       7150.95
1559:   0b0.1.100.0010.111     0     1       4      17  17.875                       7612.14
1560:   0b0.1.100.0011.000     0     1       4      18      18                       8103.08
1561:   0b0.1.100.0011.001     0     1       4      18  18.125                       8625.69
1562:   0b0.1.100.0011.010     0     1       4      18   18.25                          9182
1563:   0b0.1.100.0011.011     0     1       4      18  18.375                       9774.18
1564:   0b0.1.100.0011.100     0     1       4      18    18.5                       10404.6
1565:   0b0.1.100.0011.101     0     1       4      18  18.625                       11075.6
1566:   0b0.1.100.0011.110     0     1       4      18   18.75                       11789.9
1567:   0b0.1.100.0011.111     0     1       4      18  18.875                       12550.3
1568:   0b0.1.100.0100.000     0     1       4      19      19                       13359.7
1569:   0b0.1.100.0100.001     0     1       4      19  19.125                       14221.4
1570:   0b0.1.100.0100.010     0     1       4      19   19.25                       15138.6
1571:   0b0.1.100.0100.011     0     1       4      19  19.375                       16114.9
1572:   0b0.1.100.0100.100     0     1       4      19    19.5                       17154.2
1573:   0b0.1.100.0100.101     0     1       4      19  19.625                       18260.6
1574:   0b0.1.100.0100.110     0     1       4      19   19.75                       19438.3
1575:   0b0.1.100.0100.111     0     1       4      19  19.875                       20691.9
1576:   0b0.1.100.0101.000     0     1       4      20      20                       22026.5
1577:   0b0.1.100.0101.001     0     1       4      20  20.125                       23447.1
1578:   0b0.1.100.0101.010     0     1       4      20   20.25                       24959.3
1579:   0b0.1.100.0101.011     0     1       4      20  20.375                         26569
1580:   0b0.1.100.0101.100     0     1       4      20    20.5                       28282.5
1581:   0b0.1.100.0101.101     0     1       4      20  20.625                       30106.6
1582:   0b0.1.100.0101.110     0     1       4      20   20.75                       32048.3
1583:   0b0.1.100.0101.111     0     1       4      20  20.875                       34115.3
1584:   0b0.1.100.0110.000     0     1       4      21      21                       36315.5
1585:   0b0.1.100.0110.001     0     1       4      21  21.125                       38657.7
1586:   0b0.1.100.0110.010     0     1       4      21   21.25                       41150.9
1587:   0b0.1.100.0110.011     0     1       4      21  21.375                       43804.9
1588:   0b0.1.100.0110.100     0     1       4      21    21.5                         46630
1589:   0b0.1.100.0110.101     0     1       4      21  21.625                       49637.4
1590:   0b0.1.100.0110.110     0     1       4      21   21.75                       52838.7
1591:   0b0.1.100.0110.111     0     1       4      21  21.875                       56246.6
1592:   0b0.1.100.0111.000     0     1       4      22      22                       59874.1
1593:   0b0.1.100.0111.001     0     1       4      22  22.125                       63735.7
1594:   0b0.1.100.0111.010     0     1       4      22   22.25                       67846.3
1595:   0b0.1.100.0111.011     0     1       4      22  22.375                         72222
1596:   0b0.1.100.0111.100     0     1       4      22    22.5                       76879.9
1597:   0b0.1.100.0111.101     0     1       4      22  22.625                       81838.2
1598:   0b0.1.100.0111.110     0     1       4      22   22.75                       87116.4
1599:   0b0.1.100.0111.111     0     1       4      22  22.875                       92734.9
1600:   0b0.1.100.1000.000     0     1       4      23      23                       98715.8
1601:   0b0.1.100.1000.001     0     1       4      23  23.125                        105082
1602:   0b0.1.100.1000.010     0     1       4      23   23.25                        111860
1603:   0b0.1.100.1000.011     0     1       4      23  23.375                        119074
1604:   0b0.1.100.1000.100     0     1       4      23    23.5                        126754
1605:   0b0.1.100.1000.101     0     1       4      23  23.625                        134928
1606:   0b0.1.100.1000.110     0     1       4      23   23.75                        143631
1607:   0b0.1.100.1000.111     0     1       4      23  23.875                        152894
1608:   0b0.1.100.1001.000     0     1       4      24      24                        162755
1609:   0b0.1.100.1001.001     0     1       4      24  24.125                        173252
1610:   0b0.1.100.1001.010     0     1       4      24   24.25                        184425
1611:   0b0.1.100.1001.011     0     1       4      24  24.375                        196320
1612:   0b0.1.100.1001.100     0     1       4      24    24.5                        208981
1613:   0b0.1.100.1001.101     0     1       4      24  24.625                        222459
1614:   0b0.1.100.1001.110     0     1       4      24   24.75                        236807
1615:   0b0.1.100.1001.111     0     1       4      24  24.875                        252080
1616:   0b0.1.100.1010.000     0     1       4      25      25                        268337
1617:   0b0.1.100.1010.001     0     1       4      25  25.125                        285644
1618:   0b0.1.100.1010.010     0     1       4      25   25.25                        304066
1619:   0b0.1.100.1010.011     0     1       4      25  25.375                        323677
1620:   0b0.1.100.1010.100     0     1       4      25    25.5                        344552
1621:   0b0.1.100.1010.101     0     1       4      25  25.625                        366774
1622:   0b0.1.100.1010.110     0     1       4      25   25.75                        390428
1623:   0b0.1.100.1010.111     0     1       4      25  25.875                        415609
1624:   0b0.1.100.1011.000     0     1       4      26      26                        442413
1625:   0b0.1.100.1011.001     0     1       4      26  26.125                        470947
1626:   0b0.1.100.1011.010     0     1       4      26   26.25                        501320
1627:   0b0.1.100.1011.011     0     1       4      26  26.375                        533652
1628:   0b0.1.100.1011.100     0     1       4      26    26.5                        568070
1629:   0b0.1.100.1011.101     0     1       4      26  26.625                        604707
1630:   0b0.1.100.1011.110     0     1       4      26   26.75                        643708
1631:   0b0.1.100.1011.111     0     1       4      26  26.875                        685223
1632:   0b0.1.100.1100.000     0     1       4      27      27                        729416
1633:   0b0.1.100.1100.001     0     1       4      27  27.125                        776460
1634:   0b0.1.100.1100.010     0     1       4      27   27.25                        826537
1635:   0b0.1.100.1100.011     0     1       4      27  27.375                        879844
1636:   0b0.1.100.1100.100     0     1       4      27    27.5                        936589
1637:   0b0.1.100.1100.101     0     1       4      27  27.625                        996994
1638:   0b0.1.100.1100.110     0     1       4      27   27.75                   1.06129e+06
1639:   0b0.1.100.1100.111     0     1       4      27  27.875                   1.12974e+06
1640:   0b0.1.100.1101.000     0     1       4      28      28                    1.2026e+06
1641:   0b0.1.100.1101.001     0     1       4      28  28.125                   1.28017e+06
1642:   0b0.1.100.1101.010     0     1       4      28   28.25                   1.36273e+06
1643:   0b0.1.100.1101.011     0     1       4      28  28.375                   1.45062e+06
1644:   0b0.1.100.1101.100     0     1       4      28    28.5                   1.54417e+06
1645:   0b0.1.100.1101.101     0     1       4      28  28.625                   1.64377e+06
1646:   0b0.1.100.1101.110     0     1       4      28   28.75                   1.74978e+06
1647:   0b0.1.100.1101.111     0     1       4      28  28.875                   1.86263e+06
1648:   0b0.1.100.1110.000     0     1       4      29      29                   1.98276e+06
1649:   0b0.1.100.1110.001     0     1       4      29  29.125                   2.11064e+06
1650:   0b0.1.100.1110.010     0     1       4      29   29.25                   2.24676e+06
1651:   0b0.1.100.1110.011     0     1       4      29  29.375                   2.39166e+06
1652:   0b0.1.100.1110.100     0     1       4      29    29.5                   2.54591e+06
1653:   0b0.1.100.1110.101     0     1       4      29  29.625                   2.71011e+06
1654:   0b0.1.100.1110.110     0     1       4      29   29.75                    2.8849e+06
1655:   0b0.1.100.1110.111     0     1       4      29  29.875                   3.07096e+06
1656:   0b0.1.100.1111.000     0     1       4      30      30                   3.26902e+06
1657:   0b0.1.100.1111.001     0     1       4      30  30.125                   3.47985e+06
1658:   0b0.1.100.1111.010     0     1       4      30   30.25                   3.70428e+06
1659:   0b0.1.100.1111.011     0     1       4      30  30.375                   3.94319e+06
1660:   0b0.1.100.1111.100     0     1       4      30    30.5                    4.1975e+06
1661:   0b0.1.100.1111.101     0     1       4      30  30.625                   4.46822e+06
1662:   0b0.1.100.1111.110     0     1       4      30   30.75                   4.75639e+06
1663:   0b0.1.100.1111.111     0     1       4      30  30.875                   5.06315e+06
1664:   0b0.1.101.00000.00     0     1       5      31      31                    5.3897e+06
1665:   0b0.1.101.00000.01     0     1       5      31   31.25                   6.10733e+06
1666:   0b0.1.101.00000.10     0     1       5      31    31.5                   6.92051e+06
1667:   0b0.1.101.00000.11     0     1       5      31   31.75                   7.84197e+06
1668:   0b0.1.101.00001.00     0     1       5      32      32                   8.88611e+06
1669:   0b0.1.101.00001.01     0     1       5      32   32.25                   1.00693e+07
1670:   0b0.1.101.00001.10     0     1       5      32    32.5                     1.141e+07
1671:   0b0.1.101.00001.11     0     1       5      32   32.75                   1.29292e+07
1672:   0b0.1.101.00010.00     0     1       5      33      33                   1.46507e+07
1673:   0b0.1.101.00010.01     0     1       5      33   33.25                   1.66014e+07
1674:   0b0.1.101.00010.10     0     1       5      33    33.5                   1.88119e+07
1675:   0b0.1.101.00010.11     0     1       5      33   33.75                   2.13167e+07
1676:   0b0.1.101.00011.00     0     1       5      34      34                    2.4155e+07
1677:   0b0.1.101.00011.01     0     1       5      34   34.25                   2.73711e+07
1678:   0b0.1.101.00011.10     0     1       5      34    34.5                   3.10156e+07
1679:   0b0.1.101.00011.11     0     1       5      34   34.75                   3.51452e+07
1680:   0b0.1.101.00100.00     0     1       5      35      35                   3.98248e+07
1681:   0b0.1.101.00100.01     0     1       5      35   35.25                   4.51274e+07
1682:   0b0.1.101.00100.10     0     1       5      35    35.5                    5.1136e+07
1683:   0b0.1.101.00100.11     0     1       5      35   35.75                   5.79447e+07
1684:   0b0.1.101.00101.00     0     1       5      36      36                     6.566e+07
1685:   0b0.1.101.00101.01     0     1       5      36   36.25                   7.44025e+07
1686:   0b0.1.101.00101.10     0     1       5      36    36.5                   8.43091e+07
1687:   0b0.1.101.00101.11     0     1       5      36   36.75                   9.55347e+07
1688:   0b0.1.101.00110.00     0     1       5      37      37                   1.08255e+08
1689:   0b0.1.101.00110.01     0     1       5      37   37.25                   1.22669e+08
1690:   0b0.1.101.00110.10     0     1       5      37    37.5                   1.39002e+08
1691:   0b0.1.101.00110.11     0     1       5      37   37.75                    1.5751e+08
1692:   0b0.1.101.00111.00     0     1       5      38      38                   1.78482e+08
1693:   0b0.1.101.00111.01     0     1       5      38   38.25                   2.02247e+08
1694:   0b0.1.101.00111.10     0     1       5      38    38.5                   2.29176e+08
1695:   0b0.1.101.00111.11     0     1       5      38   38.75                    2.5969e+08
1696:   0b0.1.101.01000.00     0     1       5      39      39                   2.94268e+08
1697:   0b0.1.101.01000.01     0     1       5      39   39.25                   3.33449e+08
1698:   0b0.1.101.01000.10     0     1       5      39    39.5                   3.77847e+08
1699:   0b0.1.101.01000.11     0     1       5      39   39.75                   4.28157e+08
1700:   0b0.1.101.01001.00     0     1       5      40      40                   4.85165e+08
1701:   0b0.1.101.01001.01     0     1       5      40   40.25                   5.49764e+08
1702:   0b0.1.101.01001.10     0     1       5      40    40.5                   6.22964e+08
1703:   0b0.1.101.01001.11     0     1       5      40   40.75                   7.05911e+08
1704:   0b0.1.101.01010.00     0     1       5      41      41                   7.99902e+08
1705:   0b0.1.101.01010.01     0     1       5      41   41.25                   9.06408e+08
1706:   0b0.1.101.01010.10     0     1       5      41    41.5                   1.02709e+09
1707:   0b0.1.101.01010.11     0     1       5      41   41.75                   1.16385e+09
1708:   0b0.1.101.01011.00     0     1       5      42      42                   1.31882e+09
1709:   0b0.1.101.01011.01     0     1       5      42   42.25                   1.49441e+09
1710:   0b0.1.101.01011.10     0     1       5      42    42.5                   1.69339e+09
1711:   0b0.1.101.01011.11     0     1       5      42   42.75                   1.91887e+09
1712:   0b0.1.101.01100.00     0     1       5      43      43                   2.17436e+09
1713:   0b0.1.101.01100.01     0     1       5      43   43.25                   2.46387e+09
1714:   0b0.1.101.01100.10     0     1       5      43    43.5                   2.79193e+09
1715:   0b0.1.101.01100.11     0     1       5      43   43.75                   3.16367e+09
1716:   0b0.1.101.01101.00     0     1       5      44      44                   3.58491e+09
1717:   0b0.1.101.01101.01     0     1       5      44   44.25                   4.06224e+09
1718:   0b0.1.101.01101.10     0     1       5      44    44.5                   4.60312e+09
1719:   0b0.1.101.01101.11     0     1       5      44   44.75                   5.21602e+09
1720:   0b0.1.101.01110.00     0     1       5      45      45                   5.91052e+09
1721:   0b0.1.101.01110.01     0     1       5      45   45.25                    6.6975e+09
1722:   0b0.1.101.01110.10     0     1       5      45    45.5                   7.58926e+09
1723:   0b0.1.101.01110.11     0     1       5      45   45.75                   8.59976e+09
1724:   0b0.1.101.01111.00     0     1       5      46      46                    9.7448e+09
1725:   0b0.1.101.01111.01     0     1       5      46   46.25                   1.10423e+10
1726:   0b0.1.101.01111.10     0     1       5      46    46.5                   1.25126e+10
1727:   0b0.1.101.01111.11     0     1       5      46   46.75                   1.41786e+10
1728:   0b0.1.101.10000.00     0     1       5      47      47                   1.60665e+10
1729:   0b0.1.101.10000.01     0     1       5      47   47.25                   1.82057e+10
1730:   0b0.1.101.10000.10     0     1       5      47    47.5                   2.06297e+10
1731:   0b0.1.101.10000.11     0     1       5      47   47.75                   2.33766e+10
1732:   0b0.1.101.10001.00     0     1       5      48      48                   2.64891e+10
1733:   0b0.1.101.10001.01     0     1       5      48   48.25                   3.00161e+10
1734:   0b0.1.101.10001.10     0     1       5      48    48.5                   3.40127e+10
1735:   0b0.1.101.10001.11     0     1       5      48   48.75                   3.85414e+10
1736:   0b0.1.101.10010.00     0     1       5      49      49                   4.36732e+10
1737:   0b0.1.101.10010.01     0     1       5      49   49.25                   4.94882e+10
1738:   0b0.1.101.10010.10     0     1       5      49    49.5                   5.60775e+10
1739:   0b0.1.101.10010.11     0     1       5      49   49.75                   6.35441e+10
1740:   0b0.1.101.10011.00     0     1       5      50      50                   7.20049e+10
1741:   0b0.1.101.10011.01     0     1       5      50   50.25                   8.15922e+10
1742:   0b0.1.101.10011.10     0     1       5      50    50.5                   9.24561e+10
1743:   0b0.1.101.10011.11     0     1       5      50   50.75                   1.04767e+11
1744:   0b0.1.101.10100.00     0     1       5      51      51                   1.18716e+11
1745:   0b0.1.101.10100.01     0     1       5      51   51.25                   1.34523e+11
1746:   0b0.1.101.10100.10     0     1       5      51    51.5                   1.52434e+11
1747:   0b0.1.101.10100.11     0     1       5      51   51.75                   1.72731e+11
1748:   0b0.1.101.10101.00     0     1       5      52      52                    1.9573e+11
1749:   0b0.1.101.10101.01     0     1       5      52   52.25                   2.21791e+11
1750:   0b0.1.101.10101.10     0     1       5      52    52.5                   2.51322e+11
1751:   0b0.1.101.10101.11     0     1       5      52   52.75                   2.84785e+11
1752:   0b0.1.101.10110.00     0     1       5      53      53                   3.22704e+11
1753:   0b0.1.101.10110.01     0     1       5      53   53.25                   3.65671e+11
1754:   0b0.1.101.10110.10     0     1       5      53    53.5                    4.1436e+11
1755:   0b0.1.101.10110.11     0     1       5      53   53.75                   4.69531e+11
1756:   0b0.1.101.10111.00     0     1       5      54      54                   5.32048e+11
1757:   0b0.1.101.10111.01     0     1       5      54   54.25                    6.0289e+11
1758:   0b0.1.101.10111.10     0     1       5      54    54.5                   6.83163e+11
1759:   0b0.1.101.10111.11     0     1       5      54   54.75                   7.74126e+11
1760:   0b0.1.101.11000.00     0     1       5      55      55                   8.77199e+11
1761:   0b0.1.101.11000.01     0     1       5      55   55.25                   9.93997e+11
1762:   0b0.1.101.11000.10     0     1       5      55    55.5                   1.12635e+12
1763:   0b0.1.101.11000.11     0     1       5      55   55.75                   1.27632e+12
1764:   0b0.1.101.11001.00     0     1       5      56      56                   1.44626e+12
1765:   0b0.1.101.11001.01     0     1       5      56   56.25                   1.63882e+12
1766:   0b0.1.101.11001.10     0     1       5      56    56.5                   1.85703e+12
1767:   0b0.1.101.11001.11     0     1       5      56   56.75                   2.10429e+12
1768:   0b0.1.101.11010.00     0     1       5      57      57                   2.38447e+12
1769:   0b0.1.101.11010.01     0     1       5      57   57.25                   2.70196e+12
1770:   0b0.1.101.11010.10     0     1       5      57    57.5                   3.06173e+12
1771:   0b0.1.101.11010.11     0     1       5      57   57.75                   3.46939e+12
1772:   0b0.1.101.11011.00     0     1       5      58      58                   3.93133e+12
1773:   0b0.1.101.11011.01     0     1       5      58   58.25                   4.45479e+12
1774:   0b0.1.101.11011.10     0     1       5      58    58.5                   5.04793e+12
1775:   0b0.1.101.11011.11     0     1       5      58   58.75                   5.72006e+12
1776:   0b0.1.101.11100.00     0     1       5      59      59                   6.48167e+12
1777:   0b0.1.101.11100.01     0     1       5      59   59.25                    7.3447e+12
1778:   0b0.1.101.11100.10     0     1       5      59    59.5                   8.32263e+12
1779:   0b0.1.101.11100.11     0     1       5      59   59.75                   9.43078e+12
1780:   0b0.1.101.11101.00     0     1       5      60      60                   1.06865e+13
1781:   0b0.1.101.11101.01     0     1       5      60   60.25                   1.21094e+13
1782:   0b0.1.101.11101.10     0     1       5      60    60.5                   1.37217e+13
1783:   0b0.1.101.11101.11     0     1       5      60   60.75                   1.55487e+13
1784:   0b0.1.101.11110.00     0     1       5      61      61                    1.7619e+13
1785:   0b0.1.101.11110.01     0     1       5      61   61.25                    1.9965e+13
1786:   0b0.1.101.11110.10     0     1       5      61    61.5                   2.26233e+13
1787:   0b0.1.101.11110.11     0     1       5      61   61.75                   2.56355e+13
1788:   0b0.1.101.11111.00     0     1       5      62      62                   2.90488e+13
1789:   0b0.1.101.11111.01     0     1       5      62   62.25                   3.29167e+13
1790:   0b0.1.101.11111.10     0     1       5      62    62.5                   3.72995e+13
1791:   0b0.1.101.11111.11     0     1       5      62   62.75                   4.22658e+13
1792:   0b0.1.110.000000.0     0     1       6      63      63                   4.78935e+13
1793:   0b0.1.110.000000.1     0     1       6      63    63.5                   6.14964e+13
1794:   0b0.1.110.000001.0     0     1       6      64      64                    7.8963e+13
1795:   0b0.1.110.000001.1     0     1       6      64    64.5                    1.0139e+14
1796:   0b0.1.110.000010.0     0     1       6      65      65                   1.30188e+14
1797:   0b0.1.110.000010.1     0     1       6      65    65.5                   1.67165e+14
1798:   0b0.1.110.000011.0     0     1       6      66      66                   2.14644e+14
1799:   0b0.1.110.000011.1     0     1       6      66    66.5                   2.75608e+14
1800:   0b0.1.110.000100.0     0     1       6      67      67                   3.53887e+14
1801:   0b0.1.110.000100.1     0     1       6      67    67.5                     4.544e+14
1802:   0b0.1.110.000101.0     0     1       6      68      68                   5.83462e+14
1803:   0b0.1.110.000101.1     0     1       6      68    68.5                    7.4918e+14
1804:   0b0.1.110.000110.0     0     1       6      69      69                   9.61966e+14
1805:   0b0.1.110.000110.1     0     1       6      69    69.5                   1.23519e+15
1806:   0b0.1.110.000111.0     0     1       6      70      70                   1.58601e+15
1807:   0b0.1.110.000111.1     0     1       6      70    70.5                   2.03648e+15
1808:   0b0.1.110.001000.0     0     1       6      71      71                   2.61489e+15
1809:   0b0.1.110.001000.1     0     1       6      71    71.5                   3.35759e+15
1810:   0b0.1.110.001001.0     0     1       6      72      72                   4.31123e+15
1811:   0b0.1.110.001001.1     0     1       6      72    72.5                   5.53573e+15
1812:   0b0.1.110.001010.0     0     1       6      73      73                   7.10802e+15
1813:   0b0.1.110.001010.1     0     1       6      73    73.5                   9.12688e+15
1814:   0b0.1.110.001011.0     0     1       6      74      74                   1.17191e+16
1815:   0b0.1.110.001011.1     0     1       6      74    74.5                   1.50477e+16
1816:   0b0.1.110.001100.0     0     1       6      75      75                   1.93216e+16
1817:   0b0.1.110.001100.1     0     1       6      75    75.5                   2.48094e+16
1818:   0b0.1.110.001101.0     0     1       6      76      76                   3.18559e+16
1819:   0b0.1.110.001101.1     0     1       6      76    76.5                   4.09038e+16
1820:   0b0.1.110.001110.0     0     1       6      77      77                   5.25216e+16
1821:   0b0.1.110.001110.1     0     1       6      77    77.5                    6.7439e+16
1822:   0b0.1.110.001111.0     0     1       6      78      78                   8.65934e+16
1823:   0b0.1.110.001111.1     0     1       6      78    78.5                   1.11188e+17
1824:   0b0.1.110.010000.0     0     1       6      79      79                   1.42768e+17
1825:   0b0.1.110.010000.1     0     1       6      79    79.5                   1.83318e+17
1826:   0b0.1.110.010001.0     0     1       6      80      80                   2.35385e+17
1827:   0b0.1.110.010001.1     0     1       6      80    80.5                   3.02241e+17
1828:   0b0.1.110.010010.0     0     1       6      81      81                   3.88085e+17
1829:   0b0.1.110.010010.1     0     1       6      81    81.5                   4.98311e+17
1830:   0b0.1.110.010011.0     0     1       6      82      82                   6.39843e+17
1831:   0b0.1.110.010011.1     0     1       6      82    82.5                   8.21575e+17
1832:   0b0.1.110.010100.0     0     1       6      83      83                   1.05492e+18
1833:   0b0.1.110.010100.1     0     1       6      83    83.5                   1.35455e+18
1834:   0b0.1.110.010101.0     0     1       6      84      84                   1.73927e+18
1835:   0b0.1.110.010101.1     0     1       6      84    84.5                   2.23327e+18
1836:   0b0.1.110.010110.0     0     1       6      85      85                   2.86758e+18
1837:   0b0.1.110.010110.1     0     1       6      85    85.5                   3.68205e+18
1838:   0b0.1.110.010111.0     0     1       6      86      86                   4.72784e+18
1839:   0b0.1.110.010111.1     0     1       6      86    86.5                   6.07067e+18
1840:   0b0.1.110.011000.0     0     1       6      87      87                   7.79489e+18
1841:   0b0.1.110.011000.1     0     1       6      87    87.5                   1.00088e+19
1842:   0b0.1.110.011001.0     0     1       6      88      88                   1.28516e+19
1843:   0b0.1.110.011001.1     0     1       6      88    88.5                   1.65018e+19
1844:   0b0.1.110.011010.0     0     1       6      89      89                   2.11887e+19
1845:   0b0.1.110.011010.1     0     1       6      89    89.5                   2.72068e+19
1846:   0b0.1.110.011011.0     0     1       6      90      90                   3.49343e+19
1847:   0b0.1.110.011011.1     0     1       6      90    90.5                   4.48565e+19
1848:   0b0.1.110.011100.0     0     1       6      91      91                   5.75969e+19
1849:   0b0.1.110.011100.1     0     1       6      91    91.5                   7.39559e+19
1850:   0b0.1.110.011101.0     0     1       6      92      92                   9.49612e+19
1851:   0b0.1.110.011101.1     0     1       6      92    92.5                   1.21933e+20
1852:   0b0.1.110.011110.0     0     1       6      93      93                   1.56565e+20
1853:   0b0.1.110.011110.1     0     1       6      93    93.5                   2.01033e+20
1854:   0b0.1.110.011111.0     0     1       6      94      94                   2.58131e+20
1855:   0b0.1.110.011111.1     0     1       6      94    94.5                   3.31447e+20
1856:   0b0.1.110.100000.0     0     1       6      95      95                   4.25587e+20
1857:   0b0.1.110.100000.1     0     1       6      95    95.5                   5.46464e+20
1858:   0b0.1.110.100001.0     0     1       6      96      96                   7.01674e+20
1859:   0b0.1.110.100001.1     0     1       6      96    96.5                   9.00967e+20
1860:   0b0.1.110.100010.0     0     1       6      97      97                   1.15686e+21
1861:   0b0.1.110.100010.1     0     1       6      97    97.5                   1.48544e+21
1862:   0b0.1.110.100011.0     0     1       6      98      98                   1.90735e+21
1863:   0b0.1.110.100011.1     0     1       6      98    98.5                   2.44908e+21
1864:   0b0.1.110.100100.0     0     1       6      99      99                   3.14468e+21
1865:   0b0.1.110.100100.1     0     1       6      99    99.5                   4.03785e+21
1866:   0b0.1.110.100101.0     0     1       6     100     100                   5.18471e+21
1867:   0b0.1.110.100101.1     0     1       6     100   100.5                   6.65729e+21
1868:   0b0.1.110.100110.0     0     1       6     101     101                   8.54813e+21
1869:   0b0.1.110.100110.1     0     1       6     101   101.5                    1.0976e+22
1870:   0b0.1.110.100111.0     0     1       6     102     102                   1.40935e+22
1871:   0b0.1.110.100111.1     0     1       6     102   102.5                   1.80964e+22
1872:   0b0.1.110.101000.0     0     1       6     103     103                   2.32362e+22
1873:   0b0.1.110.101000.1     0     1       6     103   103.5                   2.98359e+22
1874:   0b0.1.110.101001.0     0     1       6     104     104                   3.83101e+22
1875:   0b0.1.110.101001.1     0     1       6     104   104.5                   4.91911e+22
1876:   0b0.1.110.101010.0     0     1       6     105     105                   6.31626e+22
1877:   0b0.1.110.101010.1     0     1       6     105   105.5                   8.11024e+22
1878:   0b0.1.110.101011.0     0     1       6     106     106                   1.04138e+23
1879:   0b0.1.110.101011.1     0     1       6     106   106.5                   1.33715e+23
1880:   0b0.1.110.101100.0     0     1       6     107     107                   1.71694e+23
1881:   0b0.1.110.101100.1     0     1       6     107   107.5                   2.20459e+23
1882:   0b0.1.110.101101.0     0     1       6     108     108                   2.83075e+23
1883:   0b0.1.110.101101.1     0     1       6     108   108.5                   3.63476e+23
1884:   0b0.1.110.101110.0     0     1       6     109     109                   4.66712e+23
1885:   0b0.1.110.101110.1     0     1       6     109   109.5                    5.9927e+23
1886:   0b0.1.110.101111.0     0     1       6     110     110                   7.69479e+23
1887:   0b0.1.110.101111.1     0     1       6     110   110.5                    9.8803e+23
1888:   0b0.1.110.110000.0     0     1       6     111     111                   1.26866e+24
1889:   0b0.1.110.110000.1     0     1       6     111   111.5                   1.62899e+24
1890:   0b0.1.110.110001.0     0     1       6     112     112                   2.09166e+24
1891:   0b0.1.110.110001.1     0     1       6     112   112.5                   2.68574e+24
1892:   0b0.1.110.110010.0     0     1       6     113     113                   3.44856e+24
1893:   0b0.1.110.110010.1     0     1       6     113   113.5                   4.42804e+24
1894:   0b0.1.110.110011.0     0     1       6     114     114                   5.68572e+24
1895:   0b0.1.110.110011.1     0     1       6     114   114.5                   7.30061e+24
1896:   0b0.1.110.110100.0     0     1       6     115     115                   9.37417e+24
1897:   0b0.1.110.110100.1     0     1       6     115   115.5                   1.20367e+25
1898:   0b0.1.110.110101.0     0     1       6     116     116                   1.54554e+25
1899:   0b0.1.110.110101.1     0     1       6     116   116.5                   1.98451e+25
1900:   0b0.1.110.110110.0     0     1       6     117     117                   2.54816e+25
1901:   0b0.1.110.110110.1     0     1       6     117   117.5                   3.27191e+25
1902:   0b0.1.110.110111.0     0     1       6     118     118                   4.20121e+25
1903:   0b0.1.110.110111.1     0     1       6     118   118.5                   5.39446e+25
1904:   0b0.1.110.111000.0     0     1       6     119     119                   6.92662e+25
1905:   0b0.1.110.111000.1     0     1       6     119   119.5                   8.89396e+25
1906:   0b0.1.110.111001.0     0     1       6     120     120                   1.14201e+26
1907:   0b0.1.110.111001.1     0     1       6     120   120.5                   1.46637e+26
1908:   0b0.1.110.111010.0     0     1       6     121     121                   1.88285e+26
1909:   0b0.1.110.111010.1     0     1       6     121   121.5                   2.41763e+26
1910:   0b0.1.110.111011.0     0     1       6     122     122                    3.1043e+26
1911:   0b0.1.110.111011.1     0     1       6     122   122.5                     3.986e+26
1912:   0b0.1.110.111100.0     0     1       6     123     123                   5.11812e+26
1913:   0b0.1.110.111100.1     0     1       6     123   123.5                    6.5718e+26
1914:   0b0.1.110.111101.0     0     1       6     124     124                   8.43836e+26
1915:   0b0.1.110.111101.1     0     1       6     124   124.5                   1.08351e+27
1916:   0b0.1.110.111110.0     0     1       6     125     125                   1.39125e+27
1917:   0b0.1.110.111110.1     0     1       6     125   125.5                    1.7864e+27
1918:   0b0.1.110.111111.0     0     1       6     126     126                   2.29378e+27
1919:   0b0.1.110.111111.1     0     1       6     126   126.5                   2.94528e+27
1920:   0b0.1.111.0000000.     0     1       7     127     127                   3.78181e+27
1921:   0b0.1.111.0000001.     0     1       7     128     128                   6.23515e+27
1922:   0b0.1.111.0000010.     0     1       7     129     129                     1.028e+28
1923:   0b0.1.111.0000011.     0     1       7     130     130                   1.69489e+28
1924:   0b0.1.111.0000100.     0     1       7     131     131                    2.7944e+28
1925:   0b0.1.111.0000101.     0     1       7     132     132                   4.60719e+28
1926:   0b0.1.111.0000110.     0     1       7     133     133                   7.59597e+28
1927:   0b0.1.111.0000111.     0     1       7     134     134                   1.25236e+29
1928:   0b0.1.111.0001000.     0     1       7     135     135                    2.0648e+29
1929:   0b0.1.111.0001001.     0     1       7     136     136                   3.40428e+29
1930:   0b0.1.111.0001010.     0     1       7     137     137                    5.6127e+29
1931:   0b0.1.111.0001011.     0     1       7     138     138                   9.25378e+29
1932:   0b0.1.111.0001100.     0     1       7     139     139                   1.52569e+30
1933:   0b0.1.111.0001101.     0     1       7     140     140                   2.51544e+30
1934:   0b0.1.111.0001110.     0     1       7     141     141                   4.14726e+30
1935:   0b0.1.111.0001111.     0     1       7     142     142                   6.83767e+30
1936:   0b0.1.111.0010000.     0     1       7     143     143                   1.12734e+31
1937:   0b0.1.111.0010001.     0     1       7     144     144                   1.85867e+31
1938:   0b0.1.111.0010010.     0     1       7     145     145                   3.06443e+31
1939:   0b0.1.111.0010011.     0     1       7     146     146                   5.05239e+31
1940:   0b0.1.111.0010100.     0     1       7     147     147                   8.32999e+31
1941:   0b0.1.111.0010101.     0     1       7     148     148                   1.37338e+32
1942:   0b0.1.111.0010110.     0     1       7     149     149                   2.26433e+32
1943:   0b0.1.111.0010111.     0     1       7     150     150                   3.73324e+32
1944:   0b0.1.111.0011000.     0     1       7     151     151                   6.15508e+32
1945:   0b0.1.111.0011001.     0     1       7     152     152                    1.0148e+33
1946:   0b0.1.111.0011010.     0     1       7     153     153                   1.67312e+33
1947:   0b0.1.111.0011011.     0     1       7     154     154                   2.75851e+33
1948:   0b0.1.111.0011100.     0     1       7     155     155                   4.54802e+33
1949:   0b0.1.111.0011101.     0     1       7     156     156                   7.49842e+33
1950:   0b0.1.111.0011110.     0     1       7     157     157                   1.23628e+34
1951:   0b0.1.111.0011111.     0     1       7     158     158                   2.03828e+34
1952:   0b0.1.111.0100000.     0     1       7     159     159                   3.36056e+34
1953:   0b0.1.111.0100001.     0     1       7     160     160                   5.54062e+34
1954:   0b0.1.111.0100010.     0     1       7     161     161                   9.13494e+34
1955:   0b0.1.111.0100011.     0     1       7     162     162                    1.5061e+35
1956:   0b0.1.111.0100100.     0     1       7     163     163                   2.48313e+35
1957:   0b0.1.111.0100101.     0     1       7     164     164                     4.094e+35
1958:   0b0.1.111.0100110.     0     1       7     165     165                   6.74986e+35
1959:   0b0.1.111.0100111.     0     1       7     166     166                   1.11286e+36
1960:   0b0.1.111.0101000.     0     1       7     167     167                    1.8348e+36
1961:   0b0.1.111.0101001.     0     1       7     168     168                   3.02508e+36
1962:   0b0.1.111.0101010.     0     1       7     169     169                   4.98751e+36
1963:   0b0.1.111.0101011.     0     1       7     170     170                   8.22301e+36
1964:   0b0.1.111.0101100.     0     1       7     171     171                   1.35575e+37
1965:   0b0.1.111.0101101.     0     1       7     172     172                   2.23525e+37
1966:   0b0.1.111.0101110.     0     1       7     173     173                    3.6853e+37
1967:   0b0.1.111.0101111.     0     1       7     174     174                   6.07603e+37
1968:   0b0.1.111.0110000.     0     1       7     175     175                   1.00177e+38
1969:   0b0.1.111.0110001.     0     1       7     176     176                   1.65164e+38
1970:   0b0.1.111.0110010.     0     1       7     177     177                   2.72309e+38
1971:   0b0.1.111.0110011.     0     1       7     178     178                   4.48961e+38
1972:   0b0.1.111.0110100.     0     1       7     179     179                   7.40212e+38
1973:   0b0.1.111.0110101.     0     1       7     180     180                    1.2204e+39
1974:   0b0.1.111.0110110.     0     1       7     181     181                    2.0121e+39
1975:   0b0.1.111.0110111.     0     1       7     182     182                    3.3174e+39
1976:   0b0.1.111.0111000.     0     1       7     183     183                   5.46947e+39
1977:   0b0.1.111.0111001.     0     1       7     184     184                   9.01763e+39
1978:   0b0.1.111.0111010.     0     1       7     185     185                   1.48676e+40
1979:   0b0.1.111.0111011.     0     1       7     186     186                   2.45125e+40
1980:   0b0.1.111.0111100.     0     1       7     187     187                   4.04142e+40
1981:   0b0.1.111.0111101.     0     1       7     188     188                   6.66318e+40
1982:   0b0.1.111.0111110.     0     1       7     189     189                   1.09857e+41
1983:   0b0.1.111.0111111.     0     1       7     190     190                   1.81124e+41
1984:   0b0.1.111.1000000.     0     1       7     191     191                   2.98623e+41
1985:   0b0.1.111.1000001.     0     1       7     192     192                   4.92346e+41
1986:   0b0.1.111.1000010.     0     1       7     193     193                   8.11741e+41
1987:   0b0.1.111.1000011.     0     1       7     194     194                   1.33833e+42
1988:   0b0.1.111.1000100.     0     1       7     195     195                   2.20654e+42
1989:   0b0.1.111.1000101.     0     1       7     196     196                   3.63797e+42
1990:   0b0.1.111.1000110.     0     1       7     197     197                     5.998e+42
1991:   0b0.1.111.1000111.     0     1       7     198     198                   9.88903e+42
1992:   0b0.1.111.1001000.     0     1       7     199     199                   1.63043e+43
1993:   0b0.1.111.1001001.     0     1       7     200     200                   2.68812e+43
1994:   0b0.1.111.1001010.     0     1       7     201     201                   4.43196e+43
1995:   0b0.1.111.1001011.     0     1       7     202     202                   7.30706e+43
1996:   0b0.1.111.1001100.     0     1       7     203     203                   1.20473e+44
1997:   0b0.1.111.1001101.     0     1       7     204     204                   1.98626e+44
1998:   0b0.1.111.1001110.     0     1       7     205     205                    3.2748e+44
1999:   0b0.1.111.1001111.     0     1       7     206     206                   5.39923e+44
2000:   0b0.1.111.1010000.     0     1       7     207     207                   8.90182e+44
2001:   0b0.1.111.1010001.     0     1       7     208     208                   1.46766e+45
2002:   0b0.1.111.1010010.     0     1       7     209     209                   2.41977e+45
2003:   0b0.1.111.1010011.     0     1       7     210     210                   3.98952e+45
2004:   0b0.1.111.1010100.     0     1       7     211     211                   6.57761e+45
2005:   0b0.1.111.1010101.     0     1       7     212     212                   1.08446e+46
2006:   0b0.1.111.1010110.     0     1       7     213     213                   1.78798e+46
2007:   0b0.1.111.1010111.     0     1       7     214     214                   2.94788e+46
2008:   0b0.1.111.1011000.     0     1       7     215     215                   4.86023e+46
2009:   0b0.1.111.1011001.     0     1       7     216     216                   8.01316e+46
2010:   0b0.1.111.1011010.     0     1       7     217     217                   1.32115e+47
2011:   0b0.1.111.1011011.     0     1       7     218     218                    2.1782e+47
2012:   0b0.1.111.1011100.     0     1       7     219     219                   3.59125e+47
2013:   0b0.1.111.1011101.     0     1       7     220     220                   5.92097e+47
2014:   0b0.1.111.1011110.     0     1       7     221     221                   9.76203e+47
2015:   0b0.1.111.1011111.     0     1       7     222     222                   1.60949e+48
2016:   0b0.1.111.1100000.     0     1       7     223     223                    2.6536e+48
2017:   0b0.1.111.1100001.     0     1       7     224     224                   4.37504e+48
2018:   0b0.1.111.1100010.     0     1       7     225     225                   7.21322e+48
2019:   0b0.1.111.1100011.     0     1       7     226     226                   1.18926e+49
2020:   0b0.1.111.1100100.     0     1       7     227     227                   1.96076e+49
2021:   0b0.1.111.1100101.     0     1       7     228     228                   3.23274e+49
2022:   0b0.1.111.1100110.     0     1       7     229     229                   5.32989e+49
2023:   0b0.1.111.1100111.     0     1       7     230     230                    8.7875e+49
2024:   0b0.1.111.1101000.     0     1       7     231     231                   1.44881e+50
2025:   0b0.1.111.1101001.     0     1       7     232     232                   2.38869e+50
2026:   0b0.1.111.1101010.     0     1       7     233     233                   3.93829e+50
2027:   0b0.1.111.1101011.     0     1       7     234     234                   6.49313e+50
2028:   0b0.1.111.1101100.     0     1       7     235     235                   1.07054e+51
2029:   0b0.1.111.1101101.     0     1       7     236     236                   1.76502e+51
2030:   0b0.1.111.1101110.     0     1       7     237     237                   2.91002e+51
2031:   0b0.1.111.1101111.     0     1       7     238     238                   4.79781e+51
2032:   0b0.1.111.1110000.     0     1       7     239     239                   7.91026e+51
2033:   0b0.1.111.1110001.     0     1       7     240     240                   1.30418e+52
2034:   0b0.1.111.1110010.     0     1       7     241     241                   2.15023e+52
2035:   0b0.1.111.1110011.     0     1       7     242     242                   3.54513e+52
2036:   0b0.1.111.1110100.     0     1       7     243     243                   5.84493e+52
2037:   0b0.1.111.1110101.     0     1       7     244     244                   9.63667e+52
2038:   0b0.1.111.1110110.     0     1       7     245     245                   1.58882e+53
2039:   0b0.1.111.1110111.     0     1       7     246     246                   2.61952e+53
2040:   0b0.1.111.1111000.     0     1       7     247     247                   4.31885e+53
2041:   0b0.1.111.1111001.     0     1       7     248     248                   7.12059e+53
2042:   0b0.1.111.1111010.     0     1       7     249     249                   1.17399e+54
2043:   0b0.1.111.1111011.     0     1       7     250     250                   1.93558e+54
2044:   0b0.1.111.1111100.     0     1       7     251     251                   3.19123e+54
2045:   0b0.1.111.1111101.     0     1       7     252     252                   5.26144e+54
2046:   0b0.1.111.1111110.     0     1       7     253     253                   8.67465e+54
2047:   0b0.1.111.1111111.     0     1       7     254     254                   1.43021e+55
2048:   0b1.0.000.0000000.     1                                                         NaR
2049:   0b1.1.111.1111111.     1     1       7     254     254                  -1.43021e+55
2050:   0b1.1.111.1111110.     1     1       7     253     253                  -8.67465e+54
2051:   0b1.1.111.1111101.     1     1       7     252     252                  -5.26144e+54
2052:   0b1.1.111.1111100.     1     1       7     251     251                  -3.19123e+54
2053:   0b1.1.111.1111011.     1     1       7     250     250                  -1.93558e+54
2054:   0b1.1.111.1111010.     1     1       7     249     249                  -1.17399e+54
2055:   0b1.1.111.1111001.     1     1       7     248     248                  -7.12059e+53
2056:   0b1.1.111.1111000.     1     1       7     247     247                  -4.31885e+53
2057:   0b1.1.111.1110111.     1     1       7     246     246                  -2.61952e+53
2058:   0b1.1.111.1110110.     1     1       7     245     245                  -1.58882e+53
2059:   0b1.1.111.1110101.     1     1       7     244     244                  -9.63667e+52
2060:   0b1.1.111.1110100.     1     1       7     243     243                  -5.84493e+52
2061:   0b1.1.111.1110011.     1     1       7     242     242                  -3.54513e+52
2062:   0b1.1.111.1110010.     1     1       7     241     241                  -2.15023e+52
2063:   0b1.1.111.1110001.     1     1       7     240     240                  -1.30418e+52
2064:   0b1.1.111.1110000.     1     1       7     239     239                  -7.91026e+51
2065:   0b1.1.111.1101111.     1     1       7     238     238                  -4.79781e+51
2066:   0b1.1.111.1101110.     1     1       7     237     237                  -2.91002e+51
2067:   0b1.1.111.1101101.     1     1       7     236     236                  -1.76502e+51
2068:   0b1.1.111.1101100.     1     1       7     235     235                  -1.07054e+51
2069:   0b1.1.111.1101011.     1     1       7     234     234                  -6.49313e+50
2070:   0b1.1.111.1101010.     1     1       7     233     233                  -3.93829e+50
2071:   0b1.1.111.1101001.     1     1       7     232     232                  -2.38869e+50
2072:   0b1.1.111.1101000.     1     1       7     231     231                  -1.44881e+50
2073:   0b1.1.111.1100111.     1     1       7     230     230                   -8.7875e+49
2074:   0b1.1.111.1100110.     1     1       7     229     229                  -5.32989e+49
2075:   0b1.1.111.1100101.     1     1       7     228     228                  -3.23274e+49
2076:   0b1.1.111.1100100.     1     1       7     227     227                  -1.96076e+49
2077:   0b1.1.111.1100011.     1     1       7     226     226                  -1.18926e+49
2078:   0b1.1.111.1100010.     1     1       7     225     225                  -7.21322e+48
2079:   0b1.1.111.1100001.     1     1       7     224     224                  -4.37504e+48
2080:   0b1.1.111.1100000.     1     1       7     223     223                   -2.6536e+48
2081:   0b1.1.111.1011111.     1     1       7     222     222                  -1.60949e+48
2082:   0b1.1.111.1011110.     1     1       7     221     221                  -9.76203e+47
2083:   0b1.1.111.1011101.     1     1       7     220     220                  -5.92097e+47
2084:   0b1.1.111.1011100.     1     1       7     219     219                  -3.59125e+47
2085:   0b1.1.111.1011011.     1     1       7     218     218                   -2.1782e+47
2086:   0b1.1.111.1011010.     1     1       7     217     217                  -1.32115e+47
2087:   0b1.1.111.1011001.     1     1       7     216     216                  -8.01316e+46
2088:   0b1.1.111.1011000.     1     1       7     215     215                  -4.86023e+46
2089:   0b1.1.111.1010111.     1     1       7     214     214                  -2.94788e+46
2090:   0b1.1.111.1010110.     1     1       7     213     213                  -1.78798e+46
2091:   0b1.1.111.1010101.     1     1       7     212     212                  -1.08446e+46
2092:   0b1.1.111.1010100.     1     1       7     211     211                  -6.57761e+45
2093:   0b1.1.111.1010011.     1     1       7     210     210                  -3.98952e+45
2094:   0b1.1.111.1010010.     1     1       7     209     209                  -2.41977e+45
2095:   0b1.1.111.1010001.     1     1       7     208     208                  -1.46766e+45
2096:   0b1.1.111.1010000.     1     1       7     207     207                  -8.90182e+44
2097:   0b1.1.111.1001111.     1     1       7     206     206                  -5.39923e+44
2098:   0b1.1.111.1001110.     1     1       7     205     205                   -3.2748e+44
2099:   0b1.1.111.1001101.     1     1       7     204     204                  -1.98626e+44
2100:   0b1.1.111.1001100.     1     1       7     203     203                  -1.20473e+44
2101:   0b1.1.111.1001011.     1     1       7     202     202                  -7.30706e+43
2102:   0b1.1.111.1001010.     1     1       7     201     201                  -4.43196e+43
2103:   0b1.1.111.1001001.     1     1       7     200     200                  -2.68812e+43
2104:   0b1.1.111.1001000.     1     1       7     199     199                  -1.63043e+43
2105:   0b1.1.111.1000111.     1     1       7     198     198                  -9.88903e+42
2106:   0b1.1.111.1000110.     1     1       7     197     197                    -5.998e+42
2107:   0b1.1.111.1000101.     1     1       7     196     196                  -3.63797e+42
2108:   0b1.1.111.1000100.     1     1       7     195     195                  -2.20654e+42
2109:   0b1.1.111.1000011.     1     1       7     194     194                  -1.33833e+42
2110:   0b1.1.111.1000010.     1     1       7     193     193                  -8.11741e+41
2111:   0b1.1.111.1000001.     1     1       7     192     192                  -4.92346e+41
2112:   0b1.1.111.1000000.     1     1       7     191     191                  -2.98623e+41
2113:   0b1.1.111.0111111.     1     1       7     190     190                  -1.81124e+41
2114:   0b1.1.111.0111110.     1     1       7     189     189                  -1.09857e+41
2115:   0b1.1.111.0111101.     1     1       7     188     188                  -6.66318e+40
2116:   0b1.1.111.0111100.     1     1       7     187     187                  -4.04142e+40
2117:   0b1.1.111.0111011.     1     1       7     186     186                  -2.45125e+40
2118:   0b1.1.111.0111010.     1     1       7     185     185                  -1.48676e+40
2119:   0b1.1.111.0111001.     1     1       7     184     184                  -9.01763e+39
2120:   0b1.1.111.0111000.     1     1       7     183     183                  -5.46947e+39
2121:   0b1.1.111.0110111.     1     1       7     182     182                   -3.3174e+39
2122:   0b1.1.111.0110110.     1     1       7     181     181                   -2.0121e+39
2123:   0b1.1.111.0110101.     1     1       7     180     180                   -1.2204e+39
2124:   0b1.1.111.0110100.     1     1       7     179     179                  -7.40212e+38
2125:   0b1.1.111.0110011.     1     1       7     178     178                  -4.48961e+38
2126:   0b1.1.111.0110010.     1     1       7     177     177                  -2.72309e+38
2127:   0b1.1.111.0110001.     1     1       7     176     176                  -1.65164e+38
2128:   0b1.1.111.0110000.     1     1       7     175     175                  -1.00177e+38
2129:   0b1.1.111.0101111.     1     1       7     174     174                  -6.07603e+37
2130:   0b1.1.111.0101110.     1     1       7     173     173                   -3.6853e+37
2131:   0b1.1.111.0101101.     1     1       7     172     172                  -2.23525e+37
2132:   0b1.1.111.0101100.     1     1       7     171     171                  -1.35575e+37
2133:   0b1.1.111.0101011.     1     1       7     170     170                  -8.22301e+36
2134:   0b1.1.111.0101010.     1     1       7     169     169                  -4.98751e+36
2135:   0b1.1.111.0101001.     1     1       7     168     168                  -3.02508e+36
2136:   0b1.1.111.0101000.     1     1       7     167     167                   -1.8348e+36
2137:   0b1.1.111.0100111.     1     1       7     166     166                  -1.11286e+36
2138:   0b1.1.111.0100110.     1     1       7     165     165                  -6.74986e+35
2139:   0b1.1.111.0100101.     1     1       7     164     164                    -4.094e+35
2140:   0b1.1.111.0100100.     1     1       7     163     163                  -2.48313e+35
2141:   0b1.1.111.0100011.     1     1       7     162     162                   -1.5061e+35
2142:   0b1.1.111.0100010.     1     1       7     161     161                  -9.13494e+34
2143:   0b1.1.111.0100001.     1     1       7     160     160                  -5.54062e+34
2144:   0b1.1.111.0100000.     1     1       7     159     159                  -3.36056e+34
2145:   0b1.1.111.0011111.     1     1       7     158     158                  -2.03828e+34
2146:   0b1.1.111.0011110.     1     1       7     157     157                  -1.23628e+34
2147:   0b1.1.111.0011101.     1     1       7     156     156                  -7.49842e+33
2148:   0b1.1.111.0011100.     1     1       7     155     155                  -4.54802e+33
2149:   0b1.1.111.0011011.     1     1       7     154     154                  -2.75851e+33
2150:   0b1.1.111.0011010.     1     1       7     153     153                  -1.67312e+33
2151:   0b1.1.111.0011001.     1     1       7     152     152                   -1.0148e+33
2152:   0b1.1.111.0011000.     1     1       7     151     151                  -6.15508e+32
2153:   0b1.1.111.0010111.     1     1       7     150     150                  -3.73324e+32
2154:   0b1.1.111.0010110.     1     1       7     149     149                  -2.26433e+32
2155:   0b1.1.111.0010101.     1     1       7     148     148                  -1.37338e+32
2156:   0b1.1.111.0010100.     1     1       7     147     147                  -8.32999e+31
2157:   0b1.1.111.0010011.     1     1       7     146     146                  -5.05239e+31
2158:   0b1.1.111.0010010.     1     1       7     145     145                  -3.06443e+31
2159:   0b1.1.111.0010001.     1     1       7     144     144                  -1.85867e+31
2160:   0b1.1.111.0010000.     1     1       7     143     143                  -1.12734e+31
2161:   0b1.1.111.0001111.     1     1       7     142     142                  -6.83767e+30
2162:   0b1.1.111.0001110.     1     1       7     141     141                  -4.14726e+30
2163:   0b1.1.111.0001101.     1     1       7     140     140                  -2.51544e+30
2164:   0b1.1.111.0001100.     1     1       7     139     139                  -1.52569e+30
2165:   0b1.1.111.0001011.     1     1       7     138     138                  -9.25378e+29
2166:   0b1.1.111.0001010.     1     1       7     137     137                   -5.6127e+29
2167:   0b1.1.111.0001001.     1     1       7     136     136                  -3.40428e+29
2168:   0b1.1.111.0001000.     1     1       7     135     135                   -2.0648e+29
2169:   0b1.1.111.0000111.     1     1       7     134     134                  -1.25236e+29
2170:   0b1.1.111.0000110.     1     1       7     133     133                  -7.59597e+28
2171:   0b1.1.111.0000101.     1     1       7     132     132                  -4.60719e+28
2172:   0b1.1.111.0000100.     1     1       7     131     131                   -2.7944e+28
2173:   0b1.1.111.0000011.     1     1       7     130     130                  -1.69489e+28
2174:   0b1.1.111.0000010.     1     1       7     129     129                    -1.028e+28
2175:   0b1.1.111.0000001.     1     1       7     128     128                  -6.23515e+27
2176:   0b1.1.111.0000000.     1     1       7     127     127                  -3.78181e+27
2177:   0b1.1.110.111111.1     1     1       6     126   126.5                  -2.94528e+27
2178:   0b1.1.110.111111.0     1     1       6     126     126                  -2.29378e+27
2179:   0b1.1.110.111110.1     1     1       6     125   125.5                   -1.7864e+27
2180:   0b1.1.110.111110.0     1     1       6     125     125                  -1.39125e+27
2181:   0b1.1.110.111101.1     1     1       6     124   124.5                  -1.08351e+27
2182:   0b1.1.110.111101.0     1     1       6     124     124                  -8.43836e+26
2183:   0b1.1.110.111100.1     1     1       6     123   123.5                   -6.5718e+26
2184:   0b1.1.110.111100.0     1     1       6     123     123                  -5.11812e+26
2185:   0b1.1.110.111011.1     1     1       6     122   122.5                    -3.986e+26
2186:   0b1.1.110.111011.0     1     1       6     122     122                   -3.1043e+26
2187:   0b1.1.110.111010.1     1     1       6     121   121.5                  -2.41763e+26
2188:   0b1.1.110.111010.0     1     1       6     121     121                  -1.88285e+26
2189:   0b1.1.110.111001.1     1     1       6     120   120.5                  -1.46637e+26
2190:   0b1.1.110.111001.0     1     1       6     120     120                  -1.14201e+26
2191:   0b1.1.110.111000.1     1     1       6     119   119.5                  -8.89396e+25
2192:   0b1.1.110.111000.0     1     1       6     119     119                  -6.92662e+25
2193:   0b1.1.110.110111.1     1     1       6     118   118.5                  -5.39446e+25
2194:   0b1.1.110.110111.0     1     1       6     118     118                  -4.20121e+25
2195:   0b1.1.110.110110.1     1     1       6     117   117.5                  -3.27191e+25
2196:   0b1.1.110.110110.0     1     1       6     117     117                  -2.54816e+25
2197:   0b1.1.110.110101.1     1     1       6     116   116.5                  -1.98451e+25
2198:   0b1.1.110.110101.0     1     1       6     116     116                  -1.54554e+25
2199:   0b1.1.110.110100.1     1     1       6     115   115.5                  -1.20367e+25
2200:   0b1.1.110.110100.0     1     1       6     115     115                  -9.37417e+24
2201:   0b1.1.110.110011.1     1     1       6     114   114.5                  -7.30061e+24
2202:   0b1.1.110.110011.0     1     1       6     114     114                  -5.68572e+24
2203:   0b1.1.110.110010.1     1     1       6     113   113.5                  -4.42804e+24
2204:   0b1.1.110.110010.0     1     1       6     113     113                  -3.44856e+24
2205:   0b1.1.110.110001.1     1     1       6     112   112.5                  -2.68574e+24
2206:   0b1.1.110.110001.0     1     1       6     112     112                  -2.09166e+24
2207:   0b1.1.110.110000.1     1     1       6     111   111.5                  -1.62899e+24
2208:   0b1.1.110.110000.0     1     1       6     111     111                  -1.26866e+24
2209:   0b1.1.110.101111.1     1     1       6     110   110.5                   -9.8803e+23
2210:   0b1.1.110.101111.0     1     1       6     110     110                  -7.69479e+23
2211:   0b1.1.110.101110.1     1     1       6     109   109.5                   -5.9927e+23
2212:   0b1.1.110.101110.0     1     1       6     109     109                  -4.66712e+23
2213:   0b1.1.110.101101.1     1     1       6     108   108.5                  -3.63476e+23
2214:   0b1.1.110.101101.0     1     1       6     108     108                  -2.83075e+23
2215:   0b1.1.110.101100.1     1     1       6     107   107.5                  -2.20459e+23
2216:   0b1.1.110.101100.0     1     1       6     107     107                  -1.71694e+23
2217:   0b1.1.110.101011.1     1     1       6     106   106.5                  -1.33715e+23
2218:   0b1.1.110.101011.0     1     1       6     106     106                  -1.04138e+23
2219:   0b1.1.110.101010.1     1     1       6     105   105.5                  -8.11024e+22
2220:   0b1.1.110.101010.0     1     1       6     105     105                  -6.31626e+22
2221:   0b1.1.110.101001.1     1     1       6     104   104.5                  -4.91911e+22
2222:   0b1.1.110.101001.0     1     1       6     104     104                  -3.83101e+22
2223:   0b1.1.110.101000.1     1     1       6     103   103.5                  -2.98359e+22
2224:   0b1.1.110.101000.0     1     1       6     103     103                  -2.32362e+22
2225:   0b1.1.110.100111.1     1     1       6     102   102.5                  -1.80964e+22
2226:   0b1.1.110.100111.0     1     1       6     102     102                  -1.40935e+22
2227:   0b1.1.110.100110.1     1     1       6     101   101.5                   -1.0976e+22
2228:   0b1.1.110.100110.0     1     1       6     101     101                  -8.54813e+21
2229:   0b1.1.110.100101.1     1     1       6     100   100.5                  -6.65729e+21
2230:   0b1.1.110.100101.0     1     1       6     100     100                  -5.18471e+21
2231:   0b1.1.110.100100.1     1     1       6      99    99.5                  -4.03785e+21
2232:   0b1.1.110.100100.0     1     1       6      99      99                  -3.14468e+21
2233:   0b1.1.110.100011.1     1     1       6      98    98.5                  -2.44908e+21
2234:   0b1.1.110.100011.0     1     1       6      98      98                  -1.90735e+21
2235:   0b1.1.110.100010.1     1     1       6      97    97.5                  -1.48544e+21
2236:   0b1.1.110.100010.0     1     1       6      97      97                  -1.15686e+21
2237:   0b1.1.110.100001.1     1     1       6      96    96.5                  -9.00967e+20
2238:   0b1.1.110.100001.0     1     1       6      96      96                  -7.01674e+20
2239:   0b1.1.110.100000.1     1     1       6      95    95.5                  -5.46464e+20
2240:   0b1.1.110.100000.0     1     1       6      95      95                  -4.25587e+20
2241:   0b1.1.110.011111.1     1     1       6      94    94.5                  -3.31447e+20
2242:   0b1.1.110.011111.0     1     1       6      94      94                  -2.58131e+20
2243:   0b1.1.110.011110.1     1     1       6      93    93.5                  -2.01033e+20
2244:   0b1.1.110.011110.0     1     1       6      93      93                  -1.56565e+20
2245:   0b1.1.110.011101.1     1     1       6      92    92.5                  -1.21933e+20
2246:   0b1.1.110.011101.0     1     1       6      92      92                  -9.49612e+19
2247:   0b1.1.110.011100.1     1     1       6      91    91.5                  -7.39559e+19
2248:   0b1.1.110.011100.0     1     1       6      91      91                  -5.75969e+19
2249:   0b1.1.110.011011.1     1     1       6      90    90.5                  -4.48565e+19
2250:   0b1.1.110.011011.0     1     1       6      90      90                  -3.49343e+19
2251:   0b1.1.110.011010.1     1     1       6      89    89.5                  -2.72068e+19
2252:   0b1.1.110.011010.0     1     1       6      89      89                  -2.11887e+19
2253:   0b1.1.110.011001.1     1     1       6      88    88.5                  -1.65018e+19
2254:   0b1.1.110.011001.0     1     1       6      88      88                  -1.28516e+19
2255:   0b1.1.110.011000.1     1     1       6      87    87.5                  -1.00088e+19
2256:   0b1.1.110.011000.0     1     1       6      87      87                  -7.79489e+18
2257:   0b1.1.110.010111.1     1     1       6      86    86.5                  -6.07067e+18
2258:   0b1.1.110.010111.0     1     1       6      86      86                  -4.72784e+18
2259:   0b1.1.110.010110.1     1     1       6      85    85.5                  -3.68205e+18
2260:   0b1.1.110.010110.0     1     1       6      85      85                  -2.86758e+18
2261:   0b1.1.110.010101.1     1     1       6      84    84.5                  -2.23327e+18
2262:   0b1.1.110.010101.0     1     1       6      84      84                  -1.73927e+18
2263:   0b1.1.110.010100.1     1     1       6      83    83.5                  -1.35455e+18
2264:   0b1.1.110.010100.0     1     1       6      83      83                  -1.05492e+18
2265:   0b1.1.110.010011.1     1     1       6      82    82.5                  -8.21575e+17
2266:   0b1.1.110.010011.0     1     1       6      82      82                  -6.39843e+17
2267:   0b1.1.110.010010.1     1     1       6      81    81.5                  -4.98311e+17
2268:   0b1.1.110.010010.0     1     1       6      81      81                  -3.88085e+17
2269:   0b1.1.110.010001.1     1     1       6      80    80.5                  -3.02241e+17
2270:   0b1.1.110.010001.0     1     1       6      80      80                  -2.35385e+17
2271:   0b1.1.110.010000.1     1     1       6      79    79.5                  -1.83318e+17
2272:   0b1.1.110.010000.0     1     1       6      79      79                  -1.42768e+17
2273:   0b1.1.110.001111.1     1     1       6      78    78.5                  -1.11188e+17
2274:   0b1.1.110.001111.0     1     1       6      78      78                  -8.65934e+16
2275:   0b1.1.110.001110.1     1     1       6      77    77.5                   -6.7439e+16
2276:   0b1.1.110.001110.0     1     1       6      77      77                  -5.25216e+16
2277:   0b1.1.110.001101.1     1     1       6      76    76.5                  -4.09038e+16
2278:   0b1.1.110.001101.0     1     1       6      76      76                  -3.18559e+16
2279:   0b1.1.110.001100.1     1     1       6      75    75.5                  -2.48094e+16
2280:   0b1.1.110.001100.0     1     1       6      75      75                  -1.93216e+16
2281:   0b1.1.110.001011.1     1     1       6      74    74.5                  -1.50477e+16
2282:   0b1.1.110.001011.0     1     1       6      74      74                  -1.17191e+16
2283:   0b1.1.110.001010.1     1     1       6      73    73.5                  -9.12688e+15
2284:   0b1.1.110.001010.0     1     1       6      73      73                  -7.10802e+15
2285:   0b1.1.110.001001.1     1     1       6      72    72.5                  -5.53573e+15
2286:   0b1.1.110.001001.0     1     1       6      72      72                  -4.31123e+15
2287:   0b1.1.110.001000.1     1     1       6      71    71.5                  -3.35759e+15
2288:   0b1.1.110.001000.0     1     1       6      71      71                  -2.61489e+15
2289:   0b1.1.110.000111.1     1     1       6      70    70.5                  -2.03648e+15
2290:   0b1.1.110.000111.0     1     1       6      70      70                  -1.58601e+15
2291:   0b1.1.110.000110.1     1     1       6      69    69.5                  -1.23519e+15
2292:   0b1.1.110.000110.0     1     1       6      69      69                  -9.61966e+14
2293:   0b1.1.110.000101.1     1     1       6      68    68.5                   -7.4918e+14
2294:   0b1.1.110.000101.0     1     1       6      68      68                  -5.83462e+14
2295:   0b1.1.110.000100.1     1     1       6      67    67.5                    -4.544e+14
2296:   0b1.1.110.000100.0     1     1       6      67      67                  -3.53887e+14
2297:   0b1.1.110.000011.1     1     1       6      66    66.5                  -2.75608e+14
2298:   0b1.1.110.000011.0     1     1       6      66      66                  -2.14644e+14
2299:   0b1.1.110.000010.1     1     1       6      65    65.5                  -1.67165e+14
2300:   0b1.1.110.000010.0     1     1       6      65      65                  -1.30188e+14
2301:   0b1.1.110.000001.1     1     1       6      64    64.5                   -1.0139e+14
2302:   0b1.1.110.000001.0     1     1       6      64      64                   -7.8963e+13
2303:   0b1.1.110.000000.1     1     1       6      63    63.5                  -6.14964e+13
2304:   0b1.1.110.000000.0     1     1       6      63      63                  -4.78935e+13
2305:   0b1.1.101.11111.11     1     1       5      62   62.75                  -4.22658e+13
2306:   0b1.1.101.11111.10     1     1       5      62    62.5                  -3.72995e+13
2307:   0b1.1.101.11111.01     1     1       5      62   62.25                  -3.29167e+13
2308:   0b1.1.101.11111.00     1     1       5      62      62                  -2.90488e+13
2309:   0b1.1.101.11110.11     1     1       5      61   61.75                  -2.56355e+13
2310:   0b1.1.101.11110.10     1     1       5      61    61.5                  -2.26233e+13
2311:   0b1.1.101.11110.01     1     1       5      61   61.25                   -1.9965e+13
2312:   0b1.1.101.11110.00     1     1       5      61      61                   -1.7619e+13
2313:   0b1.1.101.11101.11     1     1       5      60   60.75                  -1.55487e+13
2314:   0b1.1.101.11101.10     1     1       5      60    60.5                  -1.37217e+13
2315:   0b1.1.101.11101.01     1     1       5      60   60.25                  -1.21094e+13
2316:   0b1.1.101.11101.00     1     1       5      60      60                  -1.06865e+13
2317:   0b1.1.101.11100.11     1     1       5      59   59.75                  -9.43078e+12
2318:   0b1.1.101.11100.10     1     1       5      59    59.5                  -8.32263e+12
2319:   0b1.1.101.11100.01     1     1       5      59   59.25                   -7.3447e+12
2320:   0b1.1.101.11100.00     1     1       5      59      59                  -6.48167e+12
2321:   0b1.1.101.11011.11     1     1       5      58   58.75                  -5.72006e+12
2322:   0b1.1.101.11011.10     1     1       5      58    58.5                  -5.04793e+12
2323:   0b1.1.101.11011.01     1     1       5      58   58.25                  -4.45479e+12
2324:   0b1.1.101.11011.00     1     1       5      58      58                  -3.93133e+12
2325:   0b1.1.101.11010.11     1     1       5      57   57.75                  -3.46939e+12
2326:   0b1.1.101.11010.10     1     1       5      57    57.5                  -3.06173e+12
2327:   0b1.1.101.11010.01     1     1       5      57   57.25                  -2.70196e+12
2328:   0b1.1.101.11010.00     1     1       5      57      57                  -2.38447e+12
2329:   0b1.1.101.11001.11     1     1       5      56   56.75                  -2.10429e+12
2330:   0b1.1.101.11001.10     1     1       5      56    56.5                  -1.85703e+12
2331:   0b1.1.101.11001.01     1     1       5      56   56.25                  -1.63882e+12
2332:   0b1.1.101.11001.00     1     1       5      56      56                  -1.44626e+12
2333:   0b1.1.101.11000.11     1     1       5      55   55.75                  -1.27632e+12
2334:   0b1.1.101.11000.10     1     1       5      55    55.5                  -1.12635e+12
2335:   0b1.1.101.11000.01     1     1       5      55   55.25                  -9.93997e+11
2336:   0b1.1.101.11000.00     1     1       5      55      55                  -8.77199e+11
2337:   0b1.1.101.10111.11     1     1       5      54   54.75                  -7.74126e+11
2338:   0b1.1.101.10111.10     1     1       5      54    54.5                  -6.83163e+11
2339:   0b1.1.101.10111.01     1     1       5      54   54.25                   -6.0289e+11
2340:   0b1.1.101.10111.00     1     1       5      54      54                  -5.32048e+11
2341:   0b1.1.101.10110.11     1     1       5      53   53.75                  -4.69531e+11
2342:   0b1.1.101.10110.10     1     1       5      53    53.5                   -4.1436e+11
2343:   0b1.1.101.10110.01     1     1       5      53   53.25                  -3.65671e+11
2344:   0b1.1.101.10110.00     1     1       5      53      53                  -3.22704e+11
2345:   0b1.1.101.10101.11     1     1       5      52   52.75                  -2.84785e+11
2346:   0b1.1.101.10101.10     1     1       5      52    52.5                  -2.51322e+11
2347:   0b1.1.101.10101.01     1     1       5      52   52.25                  -2.21791e+11
2348:   0b1.1.101.10101.00     1     1       5      52      52                   -1.9573e+11
2349:   0b1.1.101.10100.11     1     1       5      51   51.75                  -1.72731e+11
2350:   0b1.1.101.10100.10     1     1       5      51    51.5                  -1.52434e+11
2351:   0b1.1.101.10100.01     1     1       5      51   51.25                  -1.34523e+11
2352:   0b1.1.101.10100.00     1     1       5      51      51                  -1.18716e+11
2353:   0b1.1.101.10011.11     1     1       5      50   50.75                  -1.04767e+11
2354:   0b1.1.101.10011.10     1     1       5      50    50.5                  -9.24561e+10
2355:   0b1.1.101.10011.01     1     1       5      50   50.25                  -8.15922e+10
2356:   0b1.1.101.10011.00     1     1       5      50      50                  -7.20049e+10
2357:   0b1.1.101.10010.11     1     1       5      49   49.75                  -6.35441e+10
2358:   0b1.1.101.10010.10     1     1       5      49    49.5                  -5.60775e+10
2359:   0b1.1.101.10010.01     1     1       5      49   49.25                  -4.94882e+10
2360:   0b1.1.101.10010.00     1     1       5      49      49                  -4.36732e+10
2361:   0b1.1.101.10001.11     1     1       5      48   48.75                  -3.85414e+10
2362:   0b1.1.101.10001.10     1     1       5      48    48.5                  -3.40127e+10
2363:   0b1.1.101.10001.01     1     1       5      48   48.25                  -3.00161e+10
2364:   0b1.1.101.10001.00     1     1       5      48      48                  -2.64891e+10
2365:   0b1.1.101.10000.11     1     1       5      47   47.75                  -2.33766e+10
2366:   0b1.1.101.10000.10     1     1       5      47    47.5                  -2.06297e+10
2367:   0b1.1.101.10000.01     1     1       5      47   47.25                  -1.82057e+10
2368:   0b1.1.101.10000.00     1     1       5      47      47                  -1.60665e+10
2369:   0b1.1.101.01111.11     1     1       5      46   46.75                  -1.41786e+10
2370:   0b1.1.101.01111.10     1     1       5      46    46.5                  -1.25126e+10
2371:   0b1.1.101.01111.01     1     1       5      46   46.25                  -1.10423e+10
2372:   0b1.1.101.01111.00     1     1       5      46      46                   -9.7448e+09
2373:   0b1.1.101.01110.11     1     1       5      45   45.75                  -8.59976e+09
2374:   0b1.1.101.01110.10     1     1       5      45    45.5                  -7.58926e+09
2375:   0b1.1.101.01110.01     1     1       5      45   45.25                   -6.6975e+09
2376:   0b1.1.101.01110.00     1     1       5      45      45                  -5.91052e+09
2377:   0b1.1.101.01101.11     1     1       5      44   44.75                  -5.21602e+09
2378:   0b1.1.101.01101.10     1     1       5      44    44.5                  -4.60312e+09
2379:   0b1.1.101.01101.01     1     1       5      44   44.25                  -4.06224e+09
2380:   0b1.1.101.01101.00     1     1       5      44      44                  -3.58491e+09
2381:   0b1.1.101.01100.11     1     1       5      43   43.75                  -3.16367e+09
2382:   0b1.1.101.01100.10     1     1       5      43    43.5                  -2.79193e+09
2383:   0b1.1.101.01100.01     1     1       5      43   43.25                  -2.46387e+09
2384:   0b1.1.101.01100.00     1     1       5      43      43                  -2.17436e+09
2385:   0b1.1.101.01011.11     1     1       5      42   42.75                  -1.91887e+09
2386:   0b1.1.101.01011.10     1     1       5      42    42.5                  -1.69339e+09
2387:   0b1.1.101.01011.01     1     1       5      42   42.25                  -1.49441e+09
2388:   0b1.1.101.01011.00     1     1       5      42      42                  -1.31882e+09
2389:   0b1.1.101.01010.11     1     1       5      41   41.75                  -1.16385e+09
2390:   0b1.1.101.01010.10     1     1       5      41    41.5                  -1.02709e+09
2391:   0b1.1.101.01010.01     1     1       5      41   41.25                  -9.06408e+08
2392:   0b1.1.101.01010.00     1     1       5      41      41                  -7.99902e+08
2393:   0b1.1.101.01001.11     1     1       5      40   40.75                  -7.05911e+08
2394:   0b1.1.101.01001.10     1     1       5      40    40.5                  -6.22964e+08
2395:   0b1.1.101.01001.01     1     1       5      40   40.25                  -5.49764e+08
2396:   0b1.1.101.01001.00     1     1       5      40      40                  -4.85165e+08
2397:   0b1.1.101.01000.11     1     1       5      39   39.75                  -4.28157e+08
2398:   0b1.1.101.01000.10     1     1       5      39    39.5                  -3.77847e+08
2399:   0b1.1.101.01000.01     1     1       5      39   39.25                  -3.33449e+08
2400:   0b1.1.101.01000.00     1     1       5      39      39                  -2.94268e+08
2401:   0b1.1.101.00111.11     1     1       5      38   38.75                   -2.5969e+08
2402:   0b1.1.101.00111.10     1     1       5      38    38.5                  -2.29176e+08
2403:   0b1.1.101.00111.01     1     1       5      38   38.25                  -2.02247e+08
2404:   0b1.1.101.00111.00     1     1       5      38      38                  -1.78482e+08
2405:   0b1.1.101.00110.11     1     1       5      37   37.75                   -1.5751e+08
2406:   0b1.1.101.00110.10     1     1       5      37    37.5                  -1.39002e+08
2407:   0b1.1.101.00110.01     1     1       5      37   37.25                  -1.22669e+08
2408:   0b1.1.101.00110.00     1     1       5      37      37                  -1.08255e+08
2409:   0b1.1.101.00101.11     1     1       5      36   36.75                  -9.55347e+07
2410:   0b1.1.101.00101.10     1     1       5      36    36.5                  -8.43091e+07
2411:   0b1.1.101.00101.01     1     1       5      36   36.25                  -7.44025e+07
2412:   0b1.1.101.00101.00     1     1       5      36      36                    -6.566e+07
2413:   0b1.1.101.00100.11     1     1       5      35   35.75                  -5.79447e+07
2414:   0b1.1.101.00100.10     1     1       5      35    35.5                   -5.1136e+07
2415:   0b1.1.101.00100.01     1     1       5      35   35.25                  -4.51274e+07
2416:   0b1.1.101.00100.00     1     1       5      35      35                  -3.98248e+07
2417:   0b1.1.101.00011.11     1     1       5      34   34.75                  -3.51452e+07
2418:   0b1.1.101.00011.10     1     1       5      34    34.5                  -3.10156e+07
2419:   0b1.1.101.00011.01     1     1       5      34   34.25                  -2.73711e+07
2420:   0b1.1.101.00011.00     1     1       5      34      34                   -2.4155e+07
2421:   0b1.1.101.00010.11     1     1       5      33   33.75                  -2.13167e+07
2422:   0b1.1.101.00010.10     1     1       5      33    33.5                  -1.88119e+07
2423:   0b1.1.101.00010.01     1     1       5      33   33.25                  -1.66014e+07
2424:   0b1.1.101.00010.00     1     1       5      33      33                  -1.46507e+07
2425:   0b1.1.101.00001.11     1     1       5      32   32.75                  -1.29292e+07
2426:   0b1.1.101.00001.10     1     1       5      32    32.5                    -1.141e+07
2427:   0b1.1.101.00001.01     1     1       5      32   32.25                  -1.00693e+07
2428:   0b1.1.101.00001.00     1     1       5      32      32                  -8.88611e+06
2429:   0b1.1.101.00000.11     1     1       5      31   31.75                  -7.84197e+06
2430:   0b1.1.101.00000.10     1     1       5      31    31.5                  -6.92051e+06
2431:   0b1.1.101.00000.01     1     1       5      31   31.25                  -6.10733e+06
2432:   0b1.1.101.00000.00     1     1       5      31      31                   -5.3897e+06
2433:   0b1.1.100.1111.111     1     1       4      30  30.875                  -5.06315e+06
2434:   0b1.1.100.1111.110     1     1       4      30   30.75                  -4.75639e+06
2435:   0b1.1.100.1111.101     1     1       4      30  30.625                  -4.46822e+06
2436:   0b1.1.100.1111.100     1     1       4      30    30.5                   -4.1975e+06
2437:   0b1.1.100.1111.011     1     1       4      30  30.375                  -3.94319e+06
2438:   0b1.1.100.1111.010     1     1       4      30   30.25                  -3.70428e+06
2439:   0b1.1.100.1111.001     1     1       4      30  30.125                  -3.47985e+06
2440:   0b1.1.100.1111.000     1     1       4      30      30                  -3.26902e+06
2441:   0b1.1.100.1110.111     1     1       4      29  29.875                  -3.07096e+06
2442:   0b1.1.100.1110.110     1     1       4      29   29.75                   -2.8849e+06
2443:   0b1.1.100.1110.101     1     1       4      29  29.625                  -2.71011e+06
2444:   0b1.1.100.1110.100     1     1       4      29    29.5                  -2.54591e+06
2445:   0b1.1.100.1110.011     1     1       4      29  29.375                  -2.39166e+06
2446:   0b1.1.100.1110.010     1     1       4      29   29.25                  -2.24676e+06
2447:   0b1.1.100.1110.001     1     1       4      29  29.125                  -2.11064e+06
2448:   0b1.1.100.1110.000     1     1       4      29      29                  -1.98276e+06
2449:   0b1.1.100.1101.111     1     1       4      28  28.875                  -1.86263e+06
2450:   0b1.1.100.1101.110     1     1       4      28   28.75                  -1.74978e+06
2451:   0b1.1.100.1101.101     1     1       4      28  28.625                  -1.64377e+06
2452:   0b1.1.100.1101.100     1     1       4      28    28.5                  -1.54417e+06
2453:   0b1.1.100.1101.011     1     1       4      28  28.375                  -1.45062e+06
2454:   0b1.1.100.1101.010     1     1       4      28   28.25                  -1.36273e+06
2455:   0b1.1.100.1101.001     1     1       4      28  28.125                  -1.28017e+06
2456:   0b1.1.100.1101.000     1     1       4      28      28                   -1.2026e+06
2457:   0b1.1.100.1100.111     1     1       4      27  27.875                  -1.12974e+06
2458:   0b1.1.100.1100.110     1     1       4      27   27.75                  -1.06129e+06
2459:   0b1.1.100.1100.101     1     1       4      27  27.625                       -996994
2460:   0b1.1.100.1100.100     1     1       4      27    27.5                       -936589
2461:   0b1.1.100.1100.011     1     1       4      27  27.375                       -879844
2462:   0b1.1.100.1100.010     1     1       4      27   27.25                       -826537
2463:   0b1.1.100.1100.001     1     1       4      27  27.125                       -776460
2464:   0b1.1.100.1100.000     1     1       4      27      27                       -729416
2465:   0b1.1.100.1011.111     1     1       4      26  26.875                       -685223
2466:   0b1.1.100.1011.110     1     1       4      26   26.75                       -643708
2467:   0b1.1.100.1011.101     1     1       4      26  26.625                       -604707
2468:   0b1.1.100.1011.100     1     1       4      26    26.5                       -568070
2469:   0b1.1.100.1011.011     1     1       4      26  26.375                       -533652
2470:   0b1.1.100.1011.010     1     1       4      26   26.25                       -501320
2471:   0b1.1.100.1011.001     1     1       4      26  26.125                       -470947
2472:   0b1.1.100.1011.000     1     1       4      26      26                       -442413
2473:   0b1.1.100.1010.111     1     1       4      25  25.875                       -415609
2474:   0b1.1.100.1010.110     1     1       4      25   25.75                       -390428
2475:   0b1.1.100.1010.101     1     1       4      25  25.625                       -366774
2476:   0b1.1.100.1010.100     1     1       4      25    25.5                       -344552
2477:   0b1.1.100.1010.011     1     1       4      25  25.375                       -323677
2478:   0b1.1.100.1010.010     1     1       4      25   25.25                       -304066
2479:   0b1.1.100.1010.001     1     1       4      25  25.125                       -285644
2480:   0b1.1.100.1010.000     1     1       4      25      25                       -268337
2481:   0b1.1.100.1001.111     1     1       4      24  24.875                       -252080
2482:   0b1.1.100.1001.110     1     1       4      24   24.75                       -236807
2483:   0b1.1.100.1001.101     1     1       4      24  24.625                       -222459
2484:   0b1.1.100.1001.100     1     1       4      24    24.5                       -208981
2485:   0b1.1.100.1001.011     1     1       4      24  24.375                       -196320
2486:   0b1.1.100.1001.010     1     1       4      24   24.25                       -184425
2487:   0b1.1.100.1001.001     1     1       4      24  24.125                       -173252
2488:   0b1.1.100.1001.000     1     1       4      24      24                       -162755
2489:   0b1.1.100.1000.111     1     1       4      23  23.875                       -152894
2490:   0b1.1.100.1000.110     1     1       4      23   23.75                       -143631
2491:   0b1.1.100.1000.101     1     1       4      23  23.625                       -134928
2492:   0b1.1.100.1000.100     1     1       4      23    23.5                       -126754
2493:   0b1.1.100.1000.011     1     1       4      23  23.375                       -119074
2494:   0b1.1.100.1000.010     1     1       4      23   23.25                       -111860
2495:   0b1.1.100.1000.001     1     1       4      23  23.125                       -105082
2496:   0b1.1.100.1000.000     1     1       4      23      23                      -98715.8
2497:   0b1.1.100.0111.111     1     1       4      22  22.875                      -92734.9
2498:   0b1.1.100.0111.110     1     1       4      22   22.75                      -87116.4
2499:   0b1.1.100.0111.101     1     1       4      22  22.625                      -81838.2
2500:   0b1.1.100.0111.100     1     1       4      22    22.5                      -76879.9
2501:   0b1.1.100.0111.011     1     1       4      22  22.375                        -72222
2502:   0b1.1.100.0111.010     1     1       4      22   22.25                      -67846.3
2503:   0b1.1.100.0111.001     1     1       4      22  22.125                      -63735.7
2504:   0b1.1.100.0111.000     1     1       4      22      22                      -59874.1
2505:   0b1.1.100.0110.111     1     1       4      21  21.875                      -56246.6
2506:   0b1.1.100.0110.110     1     1       4      21   21.75                      -52838.7
2507:   0b1.1.100.0110.101     1     1       4      21  21.625                      -49637.4
2508:   0b1.1.100.0110.100     1     1       4      21    21.5                        -46630
2509:   0b1.1.100.0110.011     1     1       4      21  21.375                      -43804.9
2510:   0b1.1.100.0110.010     1     1       4      21   21.25                      -41150.9
2511:   0b1.1.100.0110.001     1     1       4      21  21.125                      -38657.7
2512:   0b1.1.100.0110.000     1     1       4      21      21                      -36315.5
2513:   0b1.1.100.0101.111     1     1       4      20  20.875                      -34115.3
2514:   0b1.1.100.0101.110     1     1       4      20   20.75                      -32048.3
2515:   0b1.1.100.0101.101     1     1       4      20  20.625                      -30106.6
2516:   0b1.1.100.0101.100     1     1       4      20    20.5                      -28282.5
2517:   0b1.1.100.0101.011     1     1       4      20  20.375                        -26569
2518:   0b1.1.100.0101.010     1     1       4      20   20.25                      -24959.3
2519:   0b1.1.100.0101.001     1     1       4      20  20.125                      -23447.1
2520:   0b1.1.100.0101.000     1     1       4      20      20                      -22026.5
2521:   0b1.1.100.0100.111     1     1       4      19  19.875                      -20691.9
2522:   0b1.1.100.0100.110     1     1       4      19   19.75                      -19438.3
2523:   0b1.1.100.0100.101     1     1       4      19  19.625                      -18260.6
2524:   0b1.1.100.0100.100     1     1       4      19    19.5                      -17154.2
2525:   0b1.1.100.0100.011     1     1       4      19  19.375                      -16114.9
2526:   0b1.1.100.0100.010     1     1       4      19   19.25                      -15138.6
2527:   0b1.1.100.0100.001     1     1       4      19  19.125                      -14221.4
2528:   0b1.1.100.0100.000     1     1       4      19      19                      -13359.7
2529:   0b1.1.100.0011.111     1     1       4      18  18.875                      -12550.3
2530:   0b1.1.100.0011.110     1     1       4      18   18.75                      -11789.9
2531:   0b1.1.100.0011.101     1     1       4      18  18.625                      -11075.6
2532:   0b1.1.100.0011.100     1     1       4      18    18.5                      -10404.6
2533:   0b1.1.100.0011.011     1     1       4      18  18.375                      -9774.18
2534:   0b1.1.100.0011.010     1     1       4      18   18.25                         -9182
2535:   0b1.1.100.0011.001     1     1       4      18  18.125                      -8625.69
2536:   0b1.1.100.0011.000     1     1       4      18      18                      -8103.08
2537:   0b1.1.100.0010.111     1     1       4      17  17.875                      -7612.14
2538:   0b1.1.100.0010.110     1     1       4      17   17.75                      -7150.95
2539:   0b1.1.100.0010.101     1     1       4      17  17.625                      -6717.69
2540:   0b1.1.100.0010.100     1     1       4      17    17.5                      -6310.69
2541:   0b1.1.100.0010.011     1     1       4      17  17.375                      -5928.34
2542:   0b1.1.100.0010.010     1     1       4      17   17.25                      -5569.16
2543:   0b1.1.100.0010.001     1     1       4      17  17.125                      -5231.74
2544:   0b1.1.100.0010.000     1     1       4      17      17                      -4914.77
2545:   0b1.1.100.0001.111     1     1       4      16  16.875                         -4617
2546:   0b1.1.100.0001.110     1     1       4      16   16.75                      -4337.27
2547:   0b1.1.100.0001.101     1     1       4      16  16.625                      -4074.49
2548:   0b1.1.100.0001.100     1     1       4      16    16.5                      -3827.63
2549:   0b1.1.100.0001.011     1     1       4      16  16.375                      -3595.72
2550:   0b1.1.100.0001.010     1     1       4      16   16.25                      -3377.87
2551:   0b1.1.100.0001.001     1     1       4      16  16.125                      -3173.21
2552:   0b1.1.100.0001.000     1     1       4      16      16                      -2980.96
2553:   0b1.1.100.0000.111     1     1       4      15  15.875                      -2800.35
2554:   0b1.1.100.0000.110     1     1       4      15   15.75                      -2630.69
2555:   0b1.1.100.0000.101     1     1       4      15  15.625                       -2471.3
2556:   0b1.1.100.0000.100     1     1       4      15    15.5                      -2321.57
2557:   0b1.1.100.0000.011     1     1       4      15  15.375                      -2180.92
2558:   0b1.1.100.0000.010     1     1       4      15   15.25                      -2048.78
2559:   0b1.1.100.0000.001     1     1       4      15  15.125                      -1924.65
2560:   0b1.1.100.0000.000     1     1       4      15      15                      -1808.04
2561:   0b1.1.011.111.1111     1     1       3      14 14.9375                      -1752.41
2562:   0b1.1.011.111.1110     1     1       3      14  14.875                       -1698.5
2563:   0b1.1.011.111.1101     1     1       3      14 14.8125                      -1646.24
2564:   0b1.1.011.111.1100     1     1       3      14   14.75                      -1595.59
2565:   0b1.1.011.111.1011     1     1       3      14 14.6875                       -1546.5
2566:   0b1.1.011.111.1010     1     1       3      14  14.625                      -1498.92
2567:   0b1.1.011.111.1001     1     1       3      14 14.5625                       -1452.8
2568:   0b1.1.011.111.1000     1     1       3      14    14.5                       -1408.1
2569:   0b1.1.011.111.0111     1     1       3      14 14.4375                      -1364.78
2570:   0b1.1.011.111.0110     1     1       3      14  14.375                      -1322.79
2571:   0b1.1.011.111.0101     1     1       3      14 14.3125                      -1282.09
2572:   0b1.1.011.111.0100     1     1       3      14   14.25                      -1242.65
2573:   0b1.1.011.111.0011     1     1       3      14 14.1875                      -1204.42
2574:   0b1.1.011.111.0010     1     1       3      14  14.125                      -1167.36
2575:   0b1.1.011.111.0001     1     1       3      14 14.0625                      -1131.44
2576:   0b1.1.011.111.0000     1     1       3      14      14                      -1096.63
2577:   0b1.1.011.110.1111     1     1       3      13 13.9375                      -1062.89
2578:   0b1.1.011.110.1110     1     1       3      13  13.875                      -1030.19
2579:   0b1.1.011.110.1101     1     1       3      13 13.8125                      -998.496
2580:   0b1.1.011.110.1100     1     1       3      13   13.75                      -967.775
2581:   0b1.1.011.110.1011     1     1       3      13 13.6875                          -938
2582:   0b1.1.011.110.1010     1     1       3      13  13.625                      -909.141
2583:   0b1.1.011.110.1001     1     1       3      13 13.5625                      -881.169
2584:   0b1.1.011.110.1000     1     1       3      13    13.5                      -854.059
2585:   0b1.1.011.110.0111     1     1       3      13 13.4375                      -827.782
2586:   0b1.1.011.110.0110     1     1       3      13  13.375                      -802.314
2587:   0b1.1.011.110.0101     1     1       3      13 13.3125                      -777.629
2588:   0b1.1.011.110.0100     1     1       3      13   13.25                      -753.704
2589:   0b1.1.011.110.0011     1     1       3      13 13.1875                      -730.515
2590:   0b1.1.011.110.0010     1     1       3      13  13.125                       -708.04
2591:   0b1.1.011.110.0001     1     1       3      13 13.0625                      -686.255
2592:   0b1.1.011.110.0000     1     1       3      13      13                      -665.142
2593:   0b1.1.011.101.1111     1     1       3      12 12.9375                      -644.677
2594:   0b1.1.011.101.1110     1     1       3      12  12.875                      -624.843
2595:   0b1.1.011.101.1101     1     1       3      12 12.8125                      -605.618
2596:   0b1.1.011.101.1100     1     1       3      12   12.75                      -586.985
2597:   0b1.1.011.101.1011     1     1       3      12 12.6875                      -568.926
2598:   0b1.1.011.101.1010     1     1       3      12  12.625                      -551.422
2599:   0b1.1.011.101.1001     1     1       3      12 12.5625                      -534.456
2600:   0b1.1.011.101.1000     1     1       3      12    12.5                      -518.013
2601:   0b1.1.011.101.0111     1     1       3      12 12.4375                      -502.075
2602:   0b1.1.011.101.0110     1     1       3      12  12.375                      -486.628
2603:   0b1.1.011.101.0101     1     1       3      12 12.3125                      -471.656
2604:   0b1.1.011.101.0100     1     1       3      12   12.25                      -457.145
2605:   0b1.1.011.101.0011     1     1       3      12 12.1875                       -443.08
2606:   0b1.1.011.101.0010     1     1       3      12  12.125                      -429.448
2607:   0b1.1.011.101.0001     1     1       3      12 12.0625                      -416.235
2608:   0b1.1.011.101.0000     1     1       3      12      12                      -403.429
2609:   0b1.1.011.100.1111     1     1       3      11 11.9375                      -391.017
2610:   0b1.1.011.100.1110     1     1       3      11  11.875                      -378.986
2611:   0b1.1.011.100.1101     1     1       3      11 11.8125                      -367.326
2612:   0b1.1.011.100.1100     1     1       3      11   11.75                      -356.025
2613:   0b1.1.011.100.1011     1     1       3      11 11.6875                      -345.071
2614:   0b1.1.011.100.1010     1     1       3      11  11.625                      -334.454
2615:   0b1.1.011.100.1001     1     1       3      11 11.5625                      -324.164
2616:   0b1.1.011.100.1000     1     1       3      11    11.5                      -314.191
2617:   0b1.1.011.100.0111     1     1       3      11 11.4375                      -304.524
2618:   0b1.1.011.100.0110     1     1       3      11  11.375                      -295.155
2619:   0b1.1.011.100.0101     1     1       3      11 11.3125                      -286.074
2620:   0b1.1.011.100.0100     1     1       3      11   11.25                      -277.272
2621:   0b1.1.011.100.0011     1     1       3      11 11.1875                      -268.742
2622:   0b1.1.011.100.0010     1     1       3      11  11.125                      -260.473
2623:   0b1.1.011.100.0001     1     1       3      11 11.0625                      -252.459
2624:   0b1.1.011.100.0000     1     1       3      11      11                      -244.692
2625:   0b1.1.011.011.1111     1     1       3      10 10.9375                      -237.164
2626:   0b1.1.011.011.1110     1     1       3      10  10.875                      -229.867
2627:   0b1.1.011.011.1101     1     1       3      10 10.8125                      -222.795
2628:   0b1.1.011.011.1100     1     1       3      10   10.75                       -215.94
2629:   0b1.1.011.011.1011     1     1       3      10 10.6875                      -209.296
2630:   0b1.1.011.011.1010     1     1       3      10  10.625                      -202.857
2631:   0b1.1.011.011.1001     1     1       3      10 10.5625                      -196.615
2632:   0b1.1.011.011.1000     1     1       3      10    10.5                      -190.566
2633:   0b1.1.011.011.0111     1     1       3      10 10.4375                      -184.703
2634:   0b1.1.011.011.0110     1     1       3      10  10.375                       -179.02
2635:   0b1.1.011.011.0101     1     1       3      10 10.3125                      -173.513
2636:   0b1.1.011.011.0100     1     1       3      10   10.25                      -168.174
2637:   0b1.1.011.011.0011     1     1       3      10 10.1875                          -163
2638:   0b1.1.011.011.0010     1     1       3      10  10.125                      -157.985
2639:   0b1.1.011.011.0001     1     1       3      10 10.0625                      -153.124
2640:   0b1.1.011.011.0000     1     1       3      10      10                      -148.413
2641:   0b1.1.011.010.1111     1     1       3       9  9.9375                      -143.847
2642:   0b1.1.011.010.1110     1     1       3       9   9.875                      -139.421
2643:   0b1.1.011.010.1101     1     1       3       9  9.8125                      -135.132
2644:   0b1.1.011.010.1100     1     1       3       9    9.75                      -130.974
2645:   0b1.1.011.010.1011     1     1       3       9  9.6875                      -126.945
2646:   0b1.1.011.010.1010     1     1       3       9   9.625                      -123.039
2647:   0b1.1.011.010.1001     1     1       3       9  9.5625                      -119.253
2648:   0b1.1.011.010.1000     1     1       3       9     9.5                      -115.584
2649:   0b1.1.011.010.0111     1     1       3       9  9.4375                      -112.028
2650:   0b1.1.011.010.0110     1     1       3       9   9.375                      -108.581
2651:   0b1.1.011.010.0101     1     1       3       9  9.3125                      -105.241
2652:   0b1.1.011.010.0100     1     1       3       9    9.25                      -102.003
2653:   0b1.1.011.010.0011     1     1       3       9  9.1875                      -98.8645
2654:   0b1.1.011.010.0010     1     1       3       9   9.125                      -95.8227
2655:   0b1.1.011.010.0001     1     1       3       9  9.0625                      -92.8746
2656:   0b1.1.011.010.0000     1     1       3       9       9                      -90.0171
2657:   0b1.1.011.001.1111     1     1       3       8  8.9375                      -87.2476
2658:   0b1.1.011.001.1110     1     1       3       8   8.875                      -84.5633
2659:   0b1.1.011.001.1101     1     1       3       8  8.8125                      -81.9615
2660:   0b1.1.011.001.1100     1     1       3       8    8.75                      -79.4398
2661:   0b1.1.011.001.1011     1     1       3       8  8.6875                      -76.9957
2662:   0b1.1.011.001.1010     1     1       3       8   8.625                      -74.6268
2663:   0b1.1.011.001.1001     1     1       3       8  8.5625                      -72.3308
2664:   0b1.1.011.001.1000     1     1       3       8     8.5                      -70.1054
2665:   0b1.1.011.001.0111     1     1       3       8  8.4375                      -67.9485
2666:   0b1.1.011.001.0110     1     1       3       8   8.375                      -65.8579
2667:   0b1.1.011.001.0101     1     1       3       8  8.3125                      -63.8317
2668:   0b1.1.011.001.0100     1     1       3       8    8.25                      -61.8678
2669:   0b1.1.011.001.0011     1     1       3       8  8.1875                      -59.9643
2670:   0b1.1.011.001.0010     1     1       3       8   8.125                      -58.1194
2671:   0b1.1.011.001.0001     1     1       3       8  8.0625                      -56.3313
2672:   0b1.1.011.001.0000     1     1       3       8       8                      -54.5982
2673:   0b1.1.011.000.1111     1     1       3       7  7.9375                      -52.9183
2674:   0b1.1.011.000.1110     1     1       3       7   7.875                      -51.2902
2675:   0b1.1.011.000.1101     1     1       3       7  7.8125                      -49.7122
2676:   0b1.1.011.000.1100     1     1       3       7    7.75                      -48.1827
2677:   0b1.1.011.000.1011     1     1       3       7  7.6875                      -46.7003
2678:   0b1.1.011.000.1010     1     1       3       7   7.625                      -45.2635
2679:   0b1.1.011.000.1001     1     1       3       7  7.5625                      -43.8708
2680:   0b1.1.011.000.1000     1     1       3       7     7.5                      -42.5211
2681:   0b1.1.011.000.0111     1     1       3       7  7.4375                      -41.2128
2682:   0b1.1.011.000.0110     1     1       3       7   7.375                      -39.9449
2683:   0b1.1.011.000.0101     1     1       3       7  7.3125                      -38.7159
2684:   0b1.1.011.000.0100     1     1       3       7    7.25                      -37.5247
2685:   0b1.1.011.000.0011     1     1       3       7  7.1875                      -36.3702
2686:   0b1.1.011.000.0010     1     1       3       7   7.125                      -35.2512
2687:   0b1.1.011.000.0001     1     1       3       7  7.0625                      -34.1666
2688:   0b1.1.011.000.0000     1     1       3       7       7                      -33.1155
2689:   0b1.1.010.11.11111     1     1       2       6 6.96875                       -32.602
2690:   0b1.1.010.11.11110     1     1       2       6  6.9375                      -32.0966
2691:   0b1.1.010.11.11101     1     1       2       6 6.90625                       -31.599
2692:   0b1.1.010.11.11100     1     1       2       6   6.875                      -31.1091
2693:   0b1.1.010.11.11011     1     1       2       6 6.84375                      -30.6268
2694:   0b1.1.010.11.11010     1     1       2       6  6.8125                       -30.152
2695:   0b1.1.010.11.11001     1     1       2       6 6.78125                      -29.6845
2696:   0b1.1.010.11.11000     1     1       2       6    6.75                      -29.2243
2697:   0b1.1.010.11.10111     1     1       2       6 6.71875                      -28.7712
2698:   0b1.1.010.11.10110     1     1       2       6  6.6875                      -28.3251
2699:   0b1.1.010.11.10101     1     1       2       6 6.65625                       -27.886
2700:   0b1.1.010.11.10100     1     1       2       6   6.625                      -27.4537
2701:   0b1.1.010.11.10011     1     1       2       6 6.59375                       -27.028
2702:   0b1.1.010.11.10010     1     1       2       6  6.5625                       -26.609
2703:   0b1.1.010.11.10001     1     1       2       6 6.53125                      -26.1965
2704:   0b1.1.010.11.10000     1     1       2       6     6.5                      -25.7903
2705:   0b1.1.010.11.01111     1     1       2       6 6.46875                      -25.3905
2706:   0b1.1.010.11.01110     1     1       2       6  6.4375                      -24.9969
2707:   0b1.1.010.11.01101     1     1       2       6 6.40625                      -24.6093
2708:   0b1.1.010.11.01100     1     1       2       6   6.375                      -24.2278
2709:   0b1.1.010.11.01011     1     1       2       6 6.34375                      -23.8522
2710:   0b1.1.010.11.01010     1     1       2       6  6.3125                      -23.4824
2711:   0b1.1.010.11.01001     1     1       2       6 6.28125                      -23.1183
2712:   0b1.1.010.11.01000     1     1       2       6    6.25                      -22.7599
2713:   0b1.1.010.11.00111     1     1       2       6 6.21875                       -22.407
2714:   0b1.1.010.11.00110     1     1       2       6  6.1875                      -22.0596
2715:   0b1.1.010.11.00101     1     1       2       6 6.15625                      -21.7176
2716:   0b1.1.010.11.00100     1     1       2       6   6.125                      -21.3809
2717:   0b1.1.010.11.00011     1     1       2       6 6.09375                      -21.0495
2718:   0b1.1.010.11.00010     1     1       2       6  6.0625                      -20.7231
2719:   0b1.1.010.11.00001     1     1       2       6 6.03125                      -20.4018
2720:   0b1.1.010.11.00000     1     1       2       6       6                      -20.0855
2721:   0b1.1.010.10.11111     1     1       2       5 5.96875                      -19.7741
2722:   0b1.1.010.10.11110     1     1       2       5  5.9375                      -19.4676
2723:   0b1.1.010.10.11101     1     1       2       5 5.90625                      -19.1658
2724:   0b1.1.010.10.11100     1     1       2       5   5.875                      -18.8686
2725:   0b1.1.010.10.11011     1     1       2       5 5.84375                      -18.5761
2726:   0b1.1.010.10.11010     1     1       2       5  5.8125                      -18.2881
2727:   0b1.1.010.10.11001     1     1       2       5 5.78125                      -18.0046
2728:   0b1.1.010.10.11000     1     1       2       5    5.75                      -17.7254
2729:   0b1.1.010.10.10111     1     1       2       5 5.71875                      -17.4506
2730:   0b1.1.010.10.10110     1     1       2       5  5.6875                      -17.1801
2731:   0b1.1.010.10.10101     1     1       2       5 5.65625                      -16.9137
2732:   0b1.1.010.10.10100     1     1       2       5   5.625                      -16.6515
2733:   0b1.1.010.10.10011     1     1       2       5 5.59375                      -16.3933
2734:   0b1.1.010.10.10010     1     1       2       5  5.5625                      -16.1392
2735:   0b1.1.010.10.10001     1     1       2       5 5.53125                       -15.889
2736:   0b1.1.010.10.10000     1     1       2       5     5.5                      -15.6426
2737:   0b1.1.010.10.01111     1     1       2       5 5.46875                      -15.4001
2738:   0b1.1.010.10.01110     1     1       2       5  5.4375                      -15.1614
2739:   0b1.1.010.10.01101     1     1       2       5 5.40625                      -14.9263
2740:   0b1.1.010.10.01100     1     1       2       5   5.375                      -14.6949
2741:   0b1.1.010.10.01011     1     1       2       5 5.34375                      -14.4671
2742:   0b1.1.010.10.01010     1     1       2       5  5.3125                      -14.2428
2743:   0b1.1.010.10.01001     1     1       2       5 5.28125                       -14.022
2744:   0b1.1.010.10.01000     1     1       2       5    5.25                      -13.8046
2745:   0b1.1.010.10.00111     1     1       2       5 5.21875                      -13.5906
2746:   0b1.1.010.10.00110     1     1       2       5  5.1875                      -13.3799
2747:   0b1.1.010.10.00101     1     1       2       5 5.15625                      -13.1724
2748:   0b1.1.010.10.00100     1     1       2       5   5.125                      -12.9682
2749:   0b1.1.010.10.00011     1     1       2       5 5.09375                      -12.7671
2750:   0b1.1.010.10.00010     1     1       2       5  5.0625                      -12.5692
2751:   0b1.1.010.10.00001     1     1       2       5 5.03125                      -12.3743
2752:   0b1.1.010.10.00000     1     1       2       5       5                      -12.1825
2753:   0b1.1.010.01.11111     1     1       2       4 4.96875                      -11.9936
2754:   0b1.1.010.01.11110     1     1       2       4  4.9375                      -11.8077
2755:   0b1.1.010.01.11101     1     1       2       4 4.90625                      -11.6246
2756:   0b1.1.010.01.11100     1     1       2       4   4.875                      -11.4444
2757:   0b1.1.010.01.11011     1     1       2       4 4.84375                       -11.267
2758:   0b1.1.010.01.11010     1     1       2       4  4.8125                      -11.0923
2759:   0b1.1.010.01.11001     1     1       2       4 4.78125                      -10.9203
2760:   0b1.1.010.01.11000     1     1       2       4    4.75                       -10.751
2761:   0b1.1.010.01.10111     1     1       2       4 4.71875                      -10.5843
2762:   0b1.1.010.01.10110     1     1       2       4  4.6875                      -10.4202
2763:   0b1.1.010.01.10101     1     1       2       4 4.65625                      -10.2587
2764:   0b1.1.010.01.10100     1     1       2       4   4.625                      -10.0996
2765:   0b1.1.010.01.10011     1     1       2       4 4.59375                      -9.94306
2766:   0b1.1.010.01.10010     1     1       2       4  4.5625                      -9.78891
2767:   0b1.1.010.01.10001     1     1       2       4 4.53125                      -9.63715
2768:   0b1.1.010.01.10000     1     1       2       4     4.5                      -9.48774
2769:   0b1.1.010.01.01111     1     1       2       4 4.46875                      -9.34064
2770:   0b1.1.010.01.01110     1     1       2       4  4.4375                      -9.19583
2771:   0b1.1.010.01.01101     1     1       2       4 4.40625                      -9.05326
2772:   0b1.1.010.01.01100     1     1       2       4   4.375                       -8.9129
2773:   0b1.1.010.01.01011     1     1       2       4 4.34375                      -8.77472
2774:   0b1.1.010.01.01010     1     1       2       4  4.3125                      -8.63868
2775:   0b1.1.010.01.01001     1     1       2       4 4.28125                      -8.50475
2776:   0b1.1.010.01.01000     1     1       2       4    4.25                       -8.3729
2777:   0b1.1.010.01.00111     1     1       2       4 4.21875                      -8.24309
2778:   0b1.1.010.01.00110     1     1       2       4  4.1875                      -8.11529
2779:   0b1.1.010.01.00101     1     1       2       4 4.15625                      -7.98947
2780:   0b1.1.010.01.00100     1     1       2       4   4.125                      -7.86561
2781:   0b1.1.010.01.00011     1     1       2       4 4.09375                      -7.74366
2782:   0b1.1.010.01.00010     1     1       2       4  4.0625                      -7.62361
2783:   0b1.1.010.01.00001     1     1       2       4 4.03125                      -7.50542
2784:   0b1.1.010.01.00000     1     1       2       4       4                      -7.38906
2785:   0b1.1.010.00.11111     1     1       2       3 3.96875                       -7.2745
2786:   0b1.1.010.00.11110     1     1       2       3  3.9375                      -7.16172
2787:   0b1.1.010.00.11101     1     1       2       3 3.90625                      -7.05069
2788:   0b1.1.010.00.11100     1     1       2       3   3.875                      -6.94138
2789:   0b1.1.010.00.11011     1     1       2       3 3.84375                      -6.83376
2790:   0b1.1.010.00.11010     1     1       2       3  3.8125                      -6.72781
2791:   0b1.1.010.00.11001     1     1       2       3 3.78125                      -6.62351
2792:   0b1.1.010.00.11000     1     1       2       3    3.75                      -6.52082
2793:   0b1.1.010.00.10111     1     1       2       3 3.71875                      -6.41972
2794:   0b1.1.010.00.10110     1     1       2       3  3.6875                      -6.32019
2795:   0b1.1.010.00.10101     1     1       2       3 3.65625                      -6.22221
2796:   0b1.1.010.00.10100     1     1       2       3   3.625                      -6.12574
2797:   0b1.1.010.00.10011     1     1       2       3 3.59375                      -6.03077
2798:   0b1.1.010.00.10010     1     1       2       3  3.5625                      -5.93727
2799:   0b1.1.010.00.10001     1     1       2       3 3.53125                      -5.84522
2800:   0b1.1.010.00.10000     1     1       2       3     3.5                       -5.7546
2801:   0b1.1.010.00.01111     1     1       2       3 3.46875                      -5.66539
2802:   0b1.1.010.00.01110     1     1       2       3  3.4375                      -5.57755
2803:   0b1.1.010.00.01101     1     1       2       3 3.40625                      -5.49108
2804:   0b1.1.010.00.01100     1     1       2       3   3.375                      -5.40595
2805:   0b1.1.010.00.01011     1     1       2       3 3.34375                      -5.32214
2806:   0b1.1.010.00.01010     1     1       2       3  3.3125                      -5.23963
2807:   0b1.1.010.00.01001     1     1       2       3 3.28125                      -5.15839
2808:   0b1.1.010.00.01000     1     1       2       3    3.25                      -5.07842
2809:   0b1.1.010.00.00111     1     1       2       3 3.21875                      -4.99969
2810:   0b1.1.010.00.00110     1     1       2       3  3.1875                      -4.92217
2811:   0b1.1.010.00.00101     1     1       2       3 3.15625                      -4.84586
2812:   0b1.1.010.00.00100     1     1       2       3   3.125                      -4.77073
2813:   0b1.1.010.00.00011     1     1       2       3 3.09375                      -4.69677
2814:   0b1.1.010.00.00010     1     1       2       3  3.0625                      -4.62395
2815:   0b1.1.010.00.00001     1     1       2       3 3.03125                      -4.55227
2816:   0b1.1.010.00.00000     1     1       2       3       3                      -4.48169
2817:   0b1.1.001.1.111111     1     1       1       2 2.98438                      -4.44681
2818:   0b1.1.001.1.111110     1     1       1       2 2.96875                      -4.41221
2819:   0b1.1.001.1.111101     1     1       1       2 2.95312                      -4.37787
2820:   0b1.1.001.1.111100     1     1       1       2  2.9375                       -4.3438
2821:   0b1.1.001.1.111011     1     1       1       2 2.92188                         -4.31
2822:   0b1.1.001.1.111010     1     1       1       2 2.90625                      -4.27646
2823:   0b1.1.001.1.111001     1     1       1       2 2.89062                      -4.24318
2824:   0b1.1.001.1.111000     1     1       1       2   2.875                      -4.21016
2825:   0b1.1.001.1.110111     1     1       1       2 2.85938                      -4.17739
2826:   0b1.1.001.1.110110     1     1       1       2 2.84375                      -4.14488
2827:   0b1.1.001.1.110101     1     1       1       2 2.82812                      -4.11263
2828:   0b1.1.001.1.110100     1     1       1       2  2.8125                      -4.08062
2829:   0b1.1.001.1.110011     1     1       1       2 2.79688                      -4.04887
2830:   0b1.1.001.1.110010     1     1       1       2 2.78125                      -4.01736
2831:   0b1.1.001.1.110001     1     1       1       2 2.76562                       -3.9861
2832:   0b1.1.001.1.110000     1     1       1       2    2.75                      -3.95508
2833:   0b1.1.001.1.101111     1     1       1       2 2.73438                       -3.9243
2834:   0b1.1.001.1.101110     1     1       1       2 2.71875                      -3.89376
2835:   0b1.1.001.1.101101     1     1       1       2 2.70312                      -3.86346
2836:   0b1.1.001.1.101100     1     1       1       2  2.6875                      -3.83339
2837:   0b1.1.001.1.101011     1     1       1       2 2.67188                      -3.80356
2838:   0b1.1.001.1.101010     1     1       1       2 2.65625                      -3.77396
2839:   0b1.1.001.1.101001     1     1       1       2 2.64062                      -3.74459
2840:   0b1.1.001.1.101000     1     1       1       2   2.625                      -3.71545
2841:   0b1.1.001.1.100111     1     1       1       2 2.60938                      -3.68654
2842:   0b1.1.001.1.100110     1     1       1       2 2.59375                      -3.65785
2843:   0b1.1.001.1.100101     1     1       1       2 2.57812                      -3.62938
2844:   0b1.1.001.1.100100     1     1       1       2  2.5625                      -3.60114
2845:   0b1.1.001.1.100011     1     1       1       2 2.54688                      -3.57311
2846:   0b1.1.001.1.100010     1     1       1       2 2.53125                      -3.54531
2847:   0b1.1.001.1.100001     1     1       1       2 2.51562                      -3.51772
2848:   0b1.1.001.1.100000     1     1       1       2     2.5                      -3.49034
2849:   0b1.1.001.1.011111     1     1       1       2 2.48438                      -3.46318
2850:   0b1.1.001.1.011110     1     1       1       2 2.46875                      -3.43623
2851:   0b1.1.001.1.011101     1     1       1       2 2.45312                      -3.40949
2852:   0b1.1.001.1.011100     1     1       1       2  2.4375                      -3.38296
2853:   0b1.1.001.1.011011     1     1       1       2 2.42188                      -3.35663
2854:   0b1.1.001.1.011010     1     1       1       2 2.40625                      -3.33051
2855:   0b1.1.001.1.011001     1     1       1       2 2.39062                      -3.30459
2856:   0b1.1.001.1.011000     1     1       1       2   2.375                      -3.27887
2857:   0b1.1.001.1.010111     1     1       1       2 2.35938                      -3.25336
2858:   0b1.1.001.1.010110     1     1       1       2 2.34375                      -3.22804
2859:   0b1.1.001.1.010101     1     1       1       2 2.32812                      -3.20292
2860:   0b1.1.001.1.010100     1     1       1       2  2.3125                      -3.17799
2861:   0b1.1.001.1.010011     1     1       1       2 2.29688                      -3.15326
2862:   0b1.1.001.1.010010     1     1       1       2 2.28125                      -3.12872
2863:   0b1.1.001.1.010001     1     1       1       2 2.26562                      -3.10438
2864:   0b1.1.001.1.010000     1     1       1       2    2.25                      -3.08022
2865:   0b1.1.001.1.001111     1     1       1       2 2.23438                      -3.05625
2866:   0b1.1.001.1.001110     1     1       1       2 2.21875                      -3.03246
2867:   0b1.1.001.1.001101     1     1       1       2 2.20312                      -3.00886
2868:   0b1.1.001.1.001100     1     1       1       2  2.1875                      -2.98545
2869:   0b1.1.001.1.001011     1     1       1       2 2.17188                      -2.96222
2870:   0b1.1.001.1.001010     1     1       1       2 2.15625                      -2.93916
2871:   0b1.1.001.1.001001     1     1       1       2 2.14062                      -2.91629
2872:   0b1.1.001.1.001000     1     1       1       2   2.125                       -2.8936
2873:   0b1.1.001.1.000111     1     1       1       2 2.10938                      -2.87108
2874:   0b1.1.001.1.000110     1     1       1       2 2.09375                      -2.84873
2875:   0b1.1.001.1.000101     1     1       1       2 2.07812                      -2.82657
2876:   0b1.1.001.1.000100     1     1       1       2  2.0625                      -2.80457
2877:   0b1.1.001.1.000011     1     1       1       2 2.04688                      -2.78274
2878:   0b1.1.001.1.000010     1     1       1       2 2.03125                      -2.76109
2879:   0b1.1.001.1.000001     1     1       1       2 2.01562                       -2.7396
2880:   0b1.1.001.1.000000     1     1       1       2       2                      -2.71828
2881:   0b1.1.001.0.111111     1     1       1       1 1.98438                      -2.69713
2882:   0b1.1.001.0.111110     1     1       1       1 1.96875                      -2.67614
2883:   0b1.1.001.0.111101     1     1       1       1 1.95312                      -2.65531
2884:   0b1.1.001.0.111100     1     1       1       1  1.9375                      -2.63465
2885:   0b1.1.001.0.111011     1     1       1       1 1.92188                      -2.61415
2886:   0b1.1.001.0.111010     1     1       1       1 1.90625                       -2.5938
2887:   0b1.1.001.0.111001     1     1       1       1 1.89062                      -2.57362
2888:   0b1.1.001.0.111000     1     1       1       1   1.875                      -2.55359
2889:   0b1.1.001.0.110111     1     1       1       1 1.85938                      -2.53372
2890:   0b1.1.001.0.110110     1     1       1       1 1.84375                        -2.514
2891:   0b1.1.001.0.110101     1     1       1       1 1.82812                      -2.49444
2892:   0b1.1.001.0.110100     1     1       1       1  1.8125                      -2.47502
2893:   0b1.1.001.0.110011     1     1       1       1 1.79688                      -2.45576
2894:   0b1.1.001.0.110010     1     1       1       1 1.78125                      -2.43665
2895:   0b1.1.001.0.110001     1     1       1       1 1.76562                      -2.41769
2896:   0b1.1.001.0.110000     1     1       1       1    1.75                      -2.39888
2897:   0b1.1.001.0.101111     1     1       1       1 1.73438                      -2.38021
2898:   0b1.1.001.0.101110     1     1       1       1 1.71875                      -2.36168
2899:   0b1.1.001.0.101101     1     1       1       1 1.70312                      -2.34331
2900:   0b1.1.001.0.101100     1     1       1       1  1.6875                      -2.32507
2901:   0b1.1.001.0.101011     1     1       1       1 1.67188                      -2.30698
2902:   0b1.1.001.0.101010     1     1       1       1 1.65625                      -2.28902
2903:   0b1.1.001.0.101001     1     1       1       1 1.64062                      -2.27121
2904:   0b1.1.001.0.101000     1     1       1       1   1.625                      -2.25353
2905:   0b1.1.001.0.100111     1     1       1       1 1.60938                        -2.236
2906:   0b1.1.001.0.100110     1     1       1       1 1.59375                       -2.2186
2907:   0b1.1.001.0.100101     1     1       1       1 1.57812                      -2.20133
2908:   0b1.1.001.0.100100     1     1       1       1  1.5625                       -2.1842
2909:   0b1.1.001.0.100011     1     1       1       1 1.54688                       -2.1672
2910:   0b1.1.001.0.100010     1     1       1       1 1.53125                      -2.15034
2911:   0b1.1.001.0.100001     1     1       1       1 1.51562                       -2.1336
2912:   0b1.1.001.0.100000     1     1       1       1     1.5                        -2.117
2913:   0b1.1.001.0.011111     1     1       1       1 1.48438                      -2.10053
2914:   0b1.1.001.0.011110     1     1       1       1 1.46875                      -2.08418
2915:   0b1.1.001.0.011101     1     1       1       1 1.45312                      -2.06796
2916:   0b1.1.001.0.011100     1     1       1       1  1.4375                      -2.05187
2917:   0b1.1.001.0.011011     1     1       1       1 1.42188                       -2.0359
2918:   0b1.1.001.0.011010     1     1       1       1 1.40625                      -2.02006
2919:   0b1.1.001.0.011001     1     1       1       1 1.39062                      -2.00434
2920:   0b1.1.001.0.011000     1     1       1       1   1.375                      -1.98874
2921:   0b1.1.001.0.010111     1     1       1       1 1.35938                      -1.97326
2922:   0b1.1.001.0.010110     1     1       1       1 1.34375                       -1.9579
2923:   0b1.1.001.0.010101     1     1       1       1 1.32812                      -1.94267
2924:   0b1.1.001.0.010100     1     1       1       1  1.3125                      -1.92755
2925:   0b1.1.001.0.010011     1     1       1       1 1.29688                      -1.91255
2926:   0b1.1.001.0.010010     1     1       1       1 1.28125                      -1.89767
2927:   0b1.1.001.0.010001     1     1       1       1 1.26562                       -1.8829
2928:   0b1.1.001.0.010000     1     1       1       1    1.25                      -1.86825
2929:   0b1.1.001.0.001111     1     1       1       1 1.23438                      -1.85371
2930:   0b1.1.001.0.001110     1     1       1       1 1.21875                      -1.83928
2931:   0b1.1.001.0.001101     1     1       1       1 1.20312                      -1.82497
2932:   0b1.1.001.0.001100     1     1       1       1  1.1875                      -1.81077
2933:   0b1.1.001.0.001011     1     1       1       1 1.17188                      -1.79667
2934:   0b1.1.001.0.001010     1     1       1       1 1.15625                      -1.78269
2935:   0b1.1.001.0.001001     1     1       1       1 1.14062                      -1.76882
2936:   0b1.1.001.0.001000     1     1       1       1   1.125                      -1.75505
2937:   0b1.1.001.0.000111     1     1       1       1 1.10938                       -1.7414
2938:   0b1.1.001.0.000110     1     1       1       1 1.09375                      -1.72785
2939:   0b1.1.001.0.000101     1     1       1       1 1.07812                       -1.7144
2940:   0b1.1.001.0.000100     1     1       1       1  1.0625                      -1.70106
2941:   0b1.1.001.0.000011     1     1       1       1 1.04688                      -1.68782
2942:   0b1.1.001.0.000010     1     1       1       1 1.03125                      -1.67468
2943:   0b1.1.001.0.000001     1     1       1       1 1.01562                      -1.66165
2944:   0b1.1.001.0.000000     1     1       1       1       1                      -1.64872
2945:   0b1.1.000..1111111     1     1       0       00.992188                      -1.64229
2946:   0b1.1.000..1111110     1     1       0       00.984375                      -1.63589
2947:   0b1.1.000..1111101     1     1       0       00.976562                      -1.62951
2948:   0b1.1.000..1111100     1     1       0       0 0.96875                      -1.62316
2949:   0b1.1.000..1111011     1     1       0       00.960938                      -1.61683
2950:   0b1.1.000..1111010     1     1       0       00.953125                      -1.61053
2951:   0b1.1.000..1111001     1     1       0       00.945312                      -1.60425
2952:   0b1.1.000..1111000     1     1       0       0  0.9375                        -1.598
2953:   0b1.1.000..1110111     1     1       0       00.929688                      -1.59177
2954:   0b1.1.000..1110110     1     1       0       00.921875                      -1.58556
2955:   0b1.1.000..1110101     1     1       0       00.914062                      -1.57938
2956:   0b1.1.000..1110100     1     1       0       0 0.90625                      -1.57322
2957:   0b1.1.000..1110011     1     1       0       00.898438                      -1.56709
2958:   0b1.1.000..1110010     1     1       0       00.890625                      -1.56098
2959:   0b1.1.000..1110001     1     1       0       00.882812                      -1.55489
2960:   0b1.1.000..1110000     1     1       0       0   0.875                      -1.54883
2961:   0b1.1.000..1101111     1     1       0       00.867188                      -1.54279
2962:   0b1.1.000..1101110     1     1       0       00.859375                      -1.53678
2963:   0b1.1.000..1101101     1     1       0       00.851562                      -1.53079
2964:   0b1.1.000..1101100     1     1       0       0 0.84375                      -1.52482
2965:   0b1.1.000..1101011     1     1       0       00.835938                      -1.51887
2966:   0b1.1.000..1101010     1     1       0       00.828125                      -1.51295
2967:   0b1.1.000..1101001     1     1       0       00.820312                      -1.50705
2968:   0b1.1.000..1101000     1     1       0       0  0.8125                      -1.50118
2969:   0b1.1.000..1100111     1     1       0       00.804688                      -1.49533
2970:   0b1.1.000..1100110     1     1       0       00.796875                       -1.4895
2971:   0b1.1.000..1100101     1     1       0       00.789062                      -1.48369
2972:   0b1.1.000..1100100     1     1       0       0 0.78125                       -1.4779
2973:   0b1.1.000..1100011     1     1       0       00.773438                      -1.47214
2974:   0b1.1.000..1100010     1     1       0       00.765625                       -1.4664
2975:   0b1.1.000..1100001     1     1       0       00.757812                      -1.46069
2976:   0b1.1.000..1100000     1     1       0       0    0.75                      -1.45499
2977:   0b1.1.000..1011111     1     1       0       00.742188                      -1.44932
2978:   0b1.1.000..1011110     1     1       0       00.734375                      -1.44367
2979:   0b1.1.000..1011101     1     1       0       00.726562                      -1.43804
2980:   0b1.1.000..1011100     1     1       0       0 0.71875                      -1.43243
2981:   0b1.1.000..1011011     1     1       0       00.710938                      -1.42685
2982:   0b1.1.000..1011010     1     1       0       00.703125                      -1.42129
2983:   0b1.1.000..1011001     1     1       0       00.695312                      -1.41575
2984:   0b1.1.000..1011000     1     1       0       0  0.6875                      -1.41023
2985:   0b1.1.000..1010111     1     1       0       00.679688                      -1.40473
2986:   0b1.1.000..1010110     1     1       0       00.671875                      -1.39925
2987:   0b1.1.000..1010101     1     1       0       00.664062                       -1.3938
2988:   0b1.1.000..1010100     1     1       0       0 0.65625                      -1.38836
2989:   0b1.1.000..1010011     1     1       0       00.648438                      -1.38295
2990:   0b1.1.000..1010010     1     1       0       00.640625                      -1.37756
2991:   0b1.1.000..1010001     1     1       0       00.632812                      -1.37219
2992:   0b1.1.000..1010000     1     1       0       0   0.625                      -1.36684
2993:   0b1.1.000..1001111     1     1       0       00.617188                      -1.36151
2994:   0b1.1.000..1001110     1     1       0       00.609375                       -1.3562
2995:   0b1.1.000..1001101     1     1       0       00.601562                      -1.35091
2996:   0b1.1.000..1001100     1     1       0       0 0.59375                      -1.34565
2997:   0b1.1.000..1001011     1     1       0       00.585938                       -1.3404
2998:   0b1.1.000..1001010     1     1       0       00.578125                      -1.33518
2999:   0b1.1.000..1001001     1     1       0       00.570312                      -1.32997
3000:   0b1.1.000..1001000     1     1       0       0  0.5625                      -1.32478
3001:   0b1.1.000..1000111     1     1       0       00.554688                      -1.31962
3002:   0b1.1.000..1000110     1     1       0       00.546875                      -1.31448
3003:   0b1.1.000..1000101     1     1       0       00.539062                      -1.30935
3004:   0b1.1.000..1000100     1     1       0       0 0.53125                      -1.30425
3005:   0b1.1.000..1000011     1     1       0       00.523438                      -1.29916
3006:   0b1.1.000..1000010     1     1       0       00.515625                       -1.2941
3007:   0b1.1.000..1000001     1     1       0       00.507812                      -1.28905
3008:   0b1.1.000..1000000     1     1       0       0     0.5                      -1.28403
3009:   0b1.1.000..0111111     1     1       0       00.492188                      -1.27902
3010:   0b1.1.000..0111110     1     1       0       00.484375                      -1.27403
3011:   0b1.1.000..0111101     1     1       0       00.476562                      -1.26907
3012:   0b1.1.000..0111100     1     1       0       0 0.46875                      -1.26412
3013:   0b1.1.000..0111011     1     1       0       00.460938                      -1.25919
3014:   0b1.1.000..0111010     1     1       0       00.453125                      -1.25428
3015:   0b1.1.000..0111001     1     1       0       00.445312                      -1.24939
3016:   0b1.1.000..0111000     1     1       0       0  0.4375                      -1.24452
3017:   0b1.1.000..0110111     1     1       0       00.429688                      -1.23967
3018:   0b1.1.000..0110110     1     1       0       00.421875                      -1.23484
3019:   0b1.1.000..0110101     1     1       0       00.414062                      -1.23002
3020:   0b1.1.000..0110100     1     1       0       0 0.40625                      -1.22523
3021:   0b1.1.000..0110011     1     1       0       00.398438                      -1.22045
3022:   0b1.1.000..0110010     1     1       0       00.390625                      -1.21569
3023:   0b1.1.000..0110001     1     1       0       00.382812                      -1.21095
3024:   0b1.1.000..0110000     1     1       0       0   0.375                      -1.20623
3025:   0b1.1.000..0101111     1     1       0       00.367188                      -1.20153
3026:   0b1.1.000..0101110     1     1       0       00.359375                      -1.19684
3027:   0b1.1.000..0101101     1     1       0       00.351562                      -1.19218
3028:   0b1.1.000..0101100     1     1       0       0 0.34375                      -1.18753
3029:   0b1.1.000..0101011     1     1       0       00.335938                       -1.1829
3030:   0b1.1.000..0101010     1     1       0       00.328125                      -1.17829
3031:   0b1.1.000..0101001     1     1       0       00.320312                      -1.17369
3032:   0b1.1.000..0101000     1     1       0       0  0.3125                      -1.16912
3033:   0b1.1.000..0100111     1     1       0       00.304688                      -1.16456
3034:   0b1.1.000..0100110     1     1       0       00.296875                      -1.16002
3035:   0b1.1.000..0100101     1     1       0       00.289062                       -1.1555
3036:   0b1.1.000..0100100     1     1       0       0 0.28125                      -1.15099
3037:   0b1.1.000..0100011     1     1       0       00.273438                      -1.14651
3038:   0b1.1.000..0100010     1     1       0       00.265625                      -1.14204
3039:   0b1.1.000..0100001     1     1       0       00.257812                      -1.13758
3040:   0b1.1.000..0100000     1     1       0       0    0.25                      -1.13315
3041:   0b1.1.000..0011111     1     1       0       00.242188                      -1.12873
3042:   0b1.1.000..0011110     1     1       0       00.234375                      -1.12433
3043:   0b1.1.000..0011101     1     1       0       00.226562                      -1.11995
3044:   0b1.1.000..0011100     1     1       0       0 0.21875                      -1.11558
3045:   0b1.1.000..0011011     1     1       0       00.210938                      -1.11123
3046:   0b1.1.000..0011010     1     1       0       00.203125                       -1.1069
3047:   0b1.1.000..0011001     1     1       0       00.195312                      -1.10258
3048:   0b1.1.000..0011000     1     1       0       0  0.1875                      -1.09829
3049:   0b1.1.000..0010111     1     1       0       00.179688                        -1.094
3050:   0b1.1.000..0010110     1     1       0       00.171875                      -1.08974
3051:   0b1.1.000..0010101     1     1       0       00.164062                      -1.08549
3052:   0b1.1.000..0010100     1     1       0       0 0.15625                      -1.08126
3053:   0b1.1.000..0010011     1     1       0       00.148438                      -1.07704
3054:   0b1.1.000..0010010     1     1       0       00.140625                      -1.07284
3055:   0b1.1.000..0010001     1     1       0       00.132812                      -1.06866
3056:   0b1.1.000..0010000     1     1       0       0   0.125                      -1.06449
3057:   0b1.1.000..0001111     1     1       0       00.117188                      -1.06034
3058:   0b1.1.000..0001110     1     1       0       00.109375                      -1.05621
3059:   0b1.1.000..0001101     1     1       0       00.101562                      -1.05209
3060:   0b1.1.000..0001100     1     1       0       0 0.09375                      -1.04799
3061:   0b1.1.000..0001011     1     1       0       00.0859375                      -1.04391
3062:   0b1.1.000..0001010     1     1       0       00.078125                      -1.03984
3063:   0b1.1.000..0001001     1     1       0       00.0703125                      -1.03578
3064:   0b1.1.000..0001000     1     1       0       0  0.0625                      -1.03174
3065:   0b1.1.000..0000111     1     1       0       00.0546875                      -1.02772
3066:   0b1.1.000..0000110     1     1       0       00.046875                      -1.02371
3067:   0b1.1.000..0000101     1     1       0       00.0390625                      -1.01972
3068:   0b1.1.000..0000100     1     1       0       0 0.03125                      -1.01575
3069:   0b1.1.000..0000011     1     1       0       00.0234375                      -1.01179
3070:   0b1.1.000..0000010     1     1       0       00.015625                      -1.00784
3071:   0b1.1.000..0000001     1     1       0       00.0078125                      -1.00391
3072:   0b1.1.000..0000000     1     1       0       0       0                            -1
3073:   0b1.0.111..1111111     1     0       7      -1-0.0078125                     -0.996101
3074:   0b1.0.111..1111110     1     0       7      -1-0.015625                     -0.992218
3075:   0b1.0.111..1111101     1     0       7      -1-0.0234375                      -0.98835
3076:   0b1.0.111..1111100     1     0       7      -1-0.03125                     -0.984496
3077:   0b1.0.111..1111011     1     0       7      -1-0.0390625                     -0.980658
3078:   0b1.0.111..1111010     1     0       7      -1-0.046875                     -0.976835
3079:   0b1.0.111..1111001     1     0       7      -1-0.0546875                     -0.973027
3080:   0b1.0.111..1111000     1     0       7      -1 -0.0625                     -0.969233
3081:   0b1.0.111..1110111     1     0       7      -1-0.0703125                     -0.965455
3082:   0b1.0.111..1110110     1     0       7      -1-0.078125                     -0.961691
3083:   0b1.0.111..1110101     1     0       7      -1-0.0859375                     -0.957941
3084:   0b1.0.111..1110100     1     0       7      -1-0.09375                     -0.954207
3085:   0b1.0.111..1110011     1     0       7      -1-0.101562                     -0.950487
3086:   0b1.0.111..1110010     1     0       7      -1-0.109375                     -0.946781
3087:   0b1.0.111..1110001     1     0       7      -1-0.117188                      -0.94309
3088:   0b1.0.111..1110000     1     0       7      -1  -0.125                     -0.939413
3089:   0b1.0.111..1101111     1     0       7      -1-0.132812                     -0.935751
3090:   0b1.0.111..1101110     1     0       7      -1-0.140625                     -0.932102
3091:   0b1.0.111..1101101     1     0       7      -1-0.148438                     -0.928469
3092:   0b1.0.111..1101100     1     0       7      -1-0.15625                     -0.924849
3093:   0b1.0.111..1101011     1     0       7      -1-0.164062                     -0.921243
3094:   0b1.0.111..1101010     1     0       7      -1-0.171875                     -0.917652
3095:   0b1.0.111..1101001     1     0       7      -1-0.179688                     -0.914074
3096:   0b1.0.111..1101000     1     0       7      -1 -0.1875                      -0.91051
3097:   0b1.0.111..1100111     1     0       7      -1-0.195312                     -0.906961
3098:   0b1.0.111..1100110     1     0       7      -1-0.203125                     -0.903425
3099:   0b1.0.111..1100101     1     0       7      -1-0.210938                     -0.899903
3100:   0b1.0.111..1100100     1     0       7      -1-0.21875                     -0.896394
3101:   0b1.0.111..1100011     1     0       7      -1-0.226562                     -0.892899
3102:   0b1.0.111..1100010     1     0       7      -1-0.234375                     -0.889418
3103:   0b1.0.111..1100001     1     0       7      -1-0.242188                     -0.885951
3104:   0b1.0.111..1100000     1     0       7      -1   -0.25                     -0.882497
3105:   0b1.0.111..1011111     1     0       7      -1-0.257812                     -0.879056
3106:   0b1.0.111..1011110     1     0       7      -1-0.265625                     -0.875629
3107:   0b1.0.111..1011101     1     0       7      -1-0.273438                     -0.872216
3108:   0b1.0.111..1011100     1     0       7      -1-0.28125                     -0.868815
3109:   0b1.0.111..1011011     1     0       7      -1-0.289062                     -0.865428
3110:   0b1.0.111..1011010     1     0       7      -1-0.296875                     -0.862054
3111:   0b1.0.111..1011001     1     0       7      -1-0.304688                     -0.858693
3112:   0b1.0.111..1011000     1     0       7      -1 -0.3125                     -0.855345
3113:   0b1.0.111..1010111     1     0       7      -1-0.320312                     -0.852011
3114:   0b1.0.111..1010110     1     0       7      -1-0.328125                     -0.848689
3115:   0b1.0.111..1010101     1     0       7      -1-0.335938                      -0.84538
3116:   0b1.0.111..1010100     1     0       7      -1-0.34375                     -0.842084
3117:   0b1.0.111..1010011     1     0       7      -1-0.351562                     -0.838801
3118:   0b1.0.111..1010010     1     0       7      -1-0.359375                     -0.835531
3119:   0b1.0.111..1010001     1     0       7      -1-0.367188                     -0.832274
3120:   0b1.0.111..1010000     1     0       7      -1  -0.375                     -0.829029
3121:   0b1.0.111..1001111     1     0       7      -1-0.382812                     -0.825797
3122:   0b1.0.111..1001110     1     0       7      -1-0.390625                     -0.822578
3123:   0b1.0.111..1001101     1     0       7      -1-0.398438                     -0.819371
3124:   0b1.0.111..1001100     1     0       7      -1-0.40625                     -0.816176
3125:   0b1.0.111..1001011     1     0       7      -1-0.414062                     -0.812994
3126:   0b1.0.111..1001010     1     0       7      -1-0.421875                     -0.809825
3127:   0b1.0.111..1001001     1     0       7      -1-0.429688                     -0.806667
3128:   0b1.0.111..1001000     1     0       7      -1 -0.4375                     -0.803523
3129:   0b1.0.111..1000111     1     0       7      -1-0.445312                      -0.80039
3130:   0b1.0.111..1000110     1     0       7      -1-0.453125                      -0.79727
3131:   0b1.0.111..1000101     1     0       7      -1-0.460938                     -0.794161
3132:   0b1.0.111..1000100     1     0       7      -1-0.46875                     -0.791065
3133:   0b1.0.111..1000011     1     0       7      -1-0.476562                     -0.787981
3134:   0b1.0.111..1000010     1     0       7      -1-0.484375                     -0.784909
3135:   0b1.0.111..1000001     1     0       7      -1-0.492188                     -0.781849
3136:   0b1.0.111..1000000     1     0       7      -1    -0.5                     -0.778801
3137:   0b1.0.111..0111111     1     0       7      -1-0.507812                     -0.775765
3138:   0b1.0.111..0111110     1     0       7      -1-0.515625                      -0.77274
3139:   0b1.0.111..0111101     1     0       7      -1-0.523438                     -0.769727
3140:   0b1.0.111..0111100     1     0       7      -1-0.53125                     -0.766727
3141:   0b1.0.111..0111011     1     0       7      -1-0.539062                     -0.763737
3142:   0b1.0.111..0111010     1     0       7      -1-0.546875                      -0.76076
3143:   0b1.0.111..0111001     1     0       7      -1-0.554688                     -0.757794
3144:   0b1.0.111..0111000     1     0       7      -1 -0.5625                      -0.75484
3145:   0b1.0.111..0110111     1     0       7      -1-0.570312                     -0.751897
3146:   0b1.0.111..0110110     1     0       7      -1-0.578125                     -0.748965
3147:   0b1.0.111..0110101     1     0       7      -1-0.585938                     -0.746045
3148:   0b1.0.111..0110100     1     0       7      -1-0.59375                     -0.743137
3149:   0b1.0.111..0110011     1     0       7      -1-0.601562                      -0.74024
3150:   0b1.0.111..0110010     1     0       7      -1-0.609375                     -0.737354
3151:   0b1.0.111..0110001     1     0       7      -1-0.617188                     -0.734479
3152:   0b1.0.111..0110000     1     0       7      -1  -0.625                     -0.731616
3153:   0b1.0.111..0101111     1     0       7      -1-0.632812                     -0.728763
3154:   0b1.0.111..0101110     1     0       7      -1-0.640625                     -0.725922
3155:   0b1.0.111..0101101     1     0       7      -1-0.648438                     -0.723092
3156:   0b1.0.111..0101100     1     0       7      -1-0.65625                     -0.720273
3157:   0b1.0.111..0101011     1     0       7      -1-0.664062                     -0.717465
3158:   0b1.0.111..0101010     1     0       7      -1-0.671875                     -0.714668
3159:   0b1.0.111..0101001     1     0       7      -1-0.679688                     -0.711882
3160:   0b1.0.111..0101000     1     0       7      -1 -0.6875                     -0.709106
3161:   0b1.0.111..0100111     1     0       7      -1-0.695312                     -0.706342
3162:   0b1.0.111..0100110     1     0       7      -1-0.703125                     -0.703588
3163:   0b1.0.111..0100101     1     0       7      -1-0.710938                     -0.700845
3164:   0b1.0.111..0100100     1     0       7      -1-0.71875                     -0.698113
3165:   0b1.0.111..0100011     1     0       7      -1-0.726562                     -0.695391
3166:   0b1.0.111..0100010     1     0       7      -1-0.734375                      -0.69268
3167:   0b1.0.111..0100001     1     0       7      -1-0.742188                     -0.689979
3168:   0b1.0.111..0100000     1     0       7      -1   -0.75                     -0.687289
3169:   0b1.0.111..0011111     1     0       7      -1-0.757812                      -0.68461
3170:   0b1.0.111..0011110     1     0       7      -1-0.765625                     -0.681941
3171:   0b1.0.111..0011101     1     0       7      -1-0.773438                     -0.679282
3172:   0b1.0.111..0011100     1     0       7      -1-0.78125                     -0.676634
3173:   0b1.0.111..0011011     1     0       7      -1-0.789062                     -0.673996
3174:   0b1.0.111..0011010     1     0       7      -1-0.796875                     -0.671368
3175:   0b1.0.111..0011001     1     0       7      -1-0.804688                     -0.668751
3176:   0b1.0.111..0011000     1     0       7      -1 -0.8125                     -0.666144
3177:   0b1.0.111..0010111     1     0       7      -1-0.820312                     -0.663547
3178:   0b1.0.111..0010110     1     0       7      -1-0.828125                      -0.66096
3179:   0b1.0.111..0010101     1     0       7      -1-0.835938                     -0.658383
3180:   0b1.0.111..0010100     1     0       7      -1-0.84375                     -0.655816
3181:   0b1.0.111..0010011     1     0       7      -1-0.851562                     -0.653259
3182:   0b1.0.111..0010010     1     0       7      -1-0.859375                     -0.650712
3183:   0b1.0.111..0010001     1     0       7      -1-0.867188                     -0.648176
3184:   0b1.0.111..0010000     1     0       7      -1  -0.875                     -0.645649
3185:   0b1.0.111..0001111     1     0       7      -1-0.882812                     -0.643131
3186:   0b1.0.111..0001110     1     0       7      -1-0.890625                     -0.640624
3187:   0b1.0.111..0001101     1     0       7      -1-0.898438                     -0.638126
3188:   0b1.0.111..0001100     1     0       7      -1-0.90625                     -0.635639
3189:   0b1.0.111..0001011     1     0       7      -1-0.914062                     -0.633161
3190:   0b1.0.111..0001010     1     0       7      -1-0.921875                     -0.630692
3191:   0b1.0.111..0001001     1     0       7      -1-0.929688                     -0.628233
3192:   0b1.0.111..0001000     1     0       7      -1 -0.9375                     -0.625784
3193:   0b1.0.111..0000111     1     0       7      -1-0.945312                     -0.623344
3194:   0b1.0.111..0000110     1     0       7      -1-0.953125                     -0.620914
3195:   0b1.0.111..0000101     1     0       7      -1-0.960938                     -0.618493
3196:   0b1.0.111..0000100     1     0       7      -1-0.96875                     -0.616082
3197:   0b1.0.111..0000011     1     0       7      -1-0.976562                      -0.61368
3198:   0b1.0.111..0000010     1     0       7      -1-0.984375                     -0.611288
3199:   0b1.0.111..0000001     1     0       7      -1-0.992188                     -0.608905
3200:   0b1.0.111..0000000     1     0       7      -1      -1                     -0.606531
3201:   0b1.0.110.1.111111     1     0       6      -2-1.01562                     -0.601811
3202:   0b1.0.110.1.111110     1     0       6      -2-1.03125                     -0.597127
3203:   0b1.0.110.1.111101     1     0       6      -2-1.04688                      -0.59248
3204:   0b1.0.110.1.111100     1     0       6      -2 -1.0625                      -0.58787
3205:   0b1.0.110.1.111011     1     0       6      -2-1.07812                     -0.583295
3206:   0b1.0.110.1.111010     1     0       6      -2-1.09375                     -0.578756
3207:   0b1.0.110.1.111001     1     0       6      -2-1.10938                     -0.574252
3208:   0b1.0.110.1.111000     1     0       6      -2  -1.125                     -0.569783
3209:   0b1.0.110.1.110111     1     0       6      -2-1.14062                     -0.565349
3210:   0b1.0.110.1.110110     1     0       6      -2-1.15625                     -0.560949
3211:   0b1.0.110.1.110101     1     0       6      -2-1.17188                     -0.556584
3212:   0b1.0.110.1.110100     1     0       6      -2 -1.1875                     -0.552252
3213:   0b1.0.110.1.110011     1     0       6      -2-1.20312                     -0.547955
3214:   0b1.0.110.1.110010     1     0       6      -2-1.21875                     -0.543691
3215:   0b1.0.110.1.110001     1     0       6      -2-1.23438                      -0.53946
3216:   0b1.0.110.1.110000     1     0       6      -2   -1.25                     -0.535261
3217:   0b1.0.110.1.101111     1     0       6      -2-1.26562                     -0.531096
3218:   0b1.0.110.1.101110     1     0       6      -2-1.28125                     -0.526963
3219:   0b1.0.110.1.101101     1     0       6      -2-1.29688                     -0.522862
3220:   0b1.0.110.1.101100     1     0       6      -2 -1.3125                     -0.518793
3221:   0b1.0.110.1.101011     1     0       6      -2-1.32812                     -0.514756
3222:   0b1.0.110.1.101010     1     0       6      -2-1.34375                      -0.51075
3223:   0b1.0.110.1.101001     1     0       6      -2-1.35938                     -0.506775
3224:   0b1.0.110.1.101000     1     0       6      -2  -1.375                     -0.502832
3225:   0b1.0.110.1.100111     1     0       6      -2-1.39062                     -0.498919
3226:   0b1.0.110.1.100110     1     0       6      -2-1.40625                     -0.495036
3227:   0b1.0.110.1.100101     1     0       6      -2-1.42188                     -0.491183
3228:   0b1.0.110.1.100100     1     0       6      -2 -1.4375                     -0.487361
3229:   0b1.0.110.1.100011     1     0       6      -2-1.45312                     -0.483568
3230:   0b1.0.110.1.100010     1     0       6      -2-1.46875                     -0.479805
3231:   0b1.0.110.1.100001     1     0       6      -2-1.48438                     -0.476071
3232:   0b1.0.110.1.100000     1     0       6      -2    -1.5                     -0.472367
3233:   0b1.0.110.1.011111     1     0       6      -2-1.51562                     -0.468691
3234:   0b1.0.110.1.011110     1     0       6      -2-1.53125                     -0.465043
3235:   0b1.0.110.1.011101     1     0       6      -2-1.54688                     -0.461424
3236:   0b1.0.110.1.011100     1     0       6      -2 -1.5625                     -0.457833
3237:   0b1.0.110.1.011011     1     0       6      -2-1.57812                      -0.45427
3238:   0b1.0.110.1.011010     1     0       6      -2-1.59375                     -0.450735
3239:   0b1.0.110.1.011001     1     0       6      -2-1.60938                     -0.447228
3240:   0b1.0.110.1.011000     1     0       6      -2  -1.625                     -0.443747
3241:   0b1.0.110.1.010111     1     0       6      -2-1.64062                     -0.440294
3242:   0b1.0.110.1.010110     1     0       6      -2-1.65625                     -0.436868
3243:   0b1.0.110.1.010101     1     0       6      -2-1.67188                     -0.433468
3244:   0b1.0.110.1.010100     1     0       6      -2 -1.6875                     -0.430095
3245:   0b1.0.110.1.010011     1     0       6      -2-1.70312                     -0.426748
3246:   0b1.0.110.1.010010     1     0       6      -2-1.71875                     -0.423427
3247:   0b1.0.110.1.010001     1     0       6      -2-1.73438                     -0.420132
3248:   0b1.0.110.1.010000     1     0       6      -2   -1.75                     -0.416862
3249:   0b1.0.110.1.001111     1     0       6      -2-1.76562                     -0.413618
3250:   0b1.0.110.1.001110     1     0       6      -2-1.78125                     -0.410399
3251:   0b1.0.110.1.001101     1     0       6      -2-1.79688                     -0.407205
3252:   0b1.0.110.1.001100     1     0       6      -2 -1.8125                     -0.404037
3253:   0b1.0.110.1.001011     1     0       6      -2-1.82812                     -0.400892
3254:   0b1.0.110.1.001010     1     0       6      -2-1.84375                     -0.397773
3255:   0b1.0.110.1.001001     1     0       6      -2-1.85938                     -0.394677
3256:   0b1.0.110.1.001000     1     0       6      -2  -1.875                     -0.391606
3257:   0b1.0.110.1.000111     1     0       6      -2-1.89062                     -0.388558
3258:   0b1.0.110.1.000110     1     0       6      -2-1.90625                     -0.385534
3259:   0b1.0.110.1.000101     1     0       6      -2-1.92188                     -0.382534
3260:   0b1.0.110.1.000100     1     0       6      -2 -1.9375                     -0.379557
3261:   0b1.0.110.1.000011     1     0       6      -2-1.95312                     -0.376603
3262:   0b1.0.110.1.000010     1     0       6      -2-1.96875                     -0.373673
3263:   0b1.0.110.1.000001     1     0       6      -2-1.98438                     -0.370765
3264:   0b1.0.110.1.000000     1     0       6      -2      -2                     -0.367879
3265:   0b1.0.110.0.111111     1     0       6      -3-2.01562                     -0.365017
3266:   0b1.0.110.0.111110     1     0       6      -3-2.03125                     -0.362176
3267:   0b1.0.110.0.111101     1     0       6      -3-2.04688                     -0.359358
3268:   0b1.0.110.0.111100     1     0       6      -3 -2.0625                     -0.356561
3269:   0b1.0.110.0.111011     1     0       6      -3-2.07812                     -0.353786
3270:   0b1.0.110.0.111010     1     0       6      -3-2.09375                     -0.351033
3271:   0b1.0.110.0.111001     1     0       6      -3-2.10938                     -0.348301
3272:   0b1.0.110.0.111000     1     0       6      -3  -2.125                     -0.345591
3273:   0b1.0.110.0.110111     1     0       6      -3-2.14062                     -0.342901
3274:   0b1.0.110.0.110110     1     0       6      -3-2.15625                     -0.340233
3275:   0b1.0.110.0.110101     1     0       6      -3-2.17188                     -0.337585
3276:   0b1.0.110.0.110100     1     0       6      -3 -2.1875                     -0.334958
3277:   0b1.0.110.0.110011     1     0       6      -3-2.20312                     -0.332351
3278:   0b1.0.110.0.110010     1     0       6      -3-2.21875                     -0.329765
3279:   0b1.0.110.0.110001     1     0       6      -3-2.23438                     -0.327199
3280:   0b1.0.110.0.110000     1     0       6      -3   -2.25                     -0.324652
3281:   0b1.0.110.0.101111     1     0       6      -3-2.26562                     -0.322126
3282:   0b1.0.110.0.101110     1     0       6      -3-2.28125                     -0.319619
3283:   0b1.0.110.0.101101     1     0       6      -3-2.29688                     -0.317132
3284:   0b1.0.110.0.101100     1     0       6      -3 -2.3125                     -0.314664
3285:   0b1.0.110.0.101011     1     0       6      -3-2.32812                     -0.312215
3286:   0b1.0.110.0.101010     1     0       6      -3-2.34375                     -0.309786
3287:   0b1.0.110.0.101001     1     0       6      -3-2.35938                     -0.307375
3288:   0b1.0.110.0.101000     1     0       6      -3  -2.375                     -0.304983
3289:   0b1.0.110.0.100111     1     0       6      -3-2.39062                     -0.302609
3290:   0b1.0.110.0.100110     1     0       6      -3-2.40625                     -0.300254
3291:   0b1.0.110.0.100101     1     0       6      -3-2.42188                     -0.297918
3292:   0b1.0.110.0.100100     1     0       6      -3 -2.4375                     -0.295599
3293:   0b1.0.110.0.100011     1     0       6      -3-2.45312                     -0.293299
3294:   0b1.0.110.0.100010     1     0       6      -3-2.46875                     -0.291017
3295:   0b1.0.110.0.100001     1     0       6      -3-2.48438                     -0.288752
3296:   0b1.0.110.0.100000     1     0       6      -3    -2.5                     -0.286505
3297:   0b1.0.110.0.011111     1     0       6      -3-2.51562                     -0.284275
3298:   0b1.0.110.0.011110     1     0       6      -3-2.53125                     -0.282063
3299:   0b1.0.110.0.011101     1     0       6      -3-2.54688                     -0.279868
3300:   0b1.0.110.0.011100     1     0       6      -3 -2.5625                      -0.27769
3301:   0b1.0.110.0.011011     1     0       6      -3-2.57812                     -0.275529
3302:   0b1.0.110.0.011010     1     0       6      -3-2.59375                     -0.273385
3303:   0b1.0.110.0.011001     1     0       6      -3-2.60938                     -0.271257
3304:   0b1.0.110.0.011000     1     0       6      -3  -2.625                     -0.269146
3305:   0b1.0.110.0.010111     1     0       6      -3-2.64062                     -0.267052
3306:   0b1.0.110.0.010110     1     0       6      -3-2.65625                     -0.264974
3307:   0b1.0.110.0.010101     1     0       6      -3-2.67188                     -0.262912
3308:   0b1.0.110.0.010100     1     0       6      -3 -2.6875                     -0.260866
3309:   0b1.0.110.0.010011     1     0       6      -3-2.70312                     -0.258836
3310:   0b1.0.110.0.010010     1     0       6      -3-2.71875                     -0.256821
3311:   0b1.0.110.0.010001     1     0       6      -3-2.73438                     -0.254823
3312:   0b1.0.110.0.010000     1     0       6      -3   -2.75                      -0.25284
3313:   0b1.0.110.0.001111     1     0       6      -3-2.76562                     -0.250872
3314:   0b1.0.110.0.001110     1     0       6      -3-2.78125                      -0.24892
3315:   0b1.0.110.0.001101     1     0       6      -3-2.79688                     -0.246983
3316:   0b1.0.110.0.001100     1     0       6      -3 -2.8125                     -0.245061
3317:   0b1.0.110.0.001011     1     0       6      -3-2.82812                     -0.243153
3318:   0b1.0.110.0.001010     1     0       6      -3-2.84375                     -0.241261
3319:   0b1.0.110.0.001001     1     0       6      -3-2.85938                     -0.239384
3320:   0b1.0.110.0.001000     1     0       6      -3  -2.875                     -0.237521
3321:   0b1.0.110.0.000111     1     0       6      -3-2.89062                     -0.235672
3322:   0b1.0.110.0.000110     1     0       6      -3-2.90625                     -0.233838
3323:   0b1.0.110.0.000101     1     0       6      -3-2.92188                     -0.232019
3324:   0b1.0.110.0.000100     1     0       6      -3 -2.9375                     -0.230213
3325:   0b1.0.110.0.000011     1     0       6      -3-2.95312                     -0.228422
3326:   0b1.0.110.0.000010     1     0       6      -3-2.96875                     -0.226644
3327:   0b1.0.110.0.000001     1     0       6      -3-2.98438                      -0.22488
3328:   0b1.0.110.0.000000     1     0       6      -3      -3                      -0.22313
3329:   0b1.0.101.11.11111     1     0       5      -4-3.03125                     -0.219671
3330:   0b1.0.101.11.11110     1     0       5      -4 -3.0625                     -0.216265
3331:   0b1.0.101.11.11101     1     0       5      -4-3.09375                     -0.212912
3332:   0b1.0.101.11.11100     1     0       5      -4  -3.125                     -0.209611
3333:   0b1.0.101.11.11011     1     0       5      -4-3.15625                     -0.206362
3334:   0b1.0.101.11.11010     1     0       5      -4 -3.1875                     -0.203162
3335:   0b1.0.101.11.11001     1     0       5      -4-3.21875                     -0.200013
3336:   0b1.0.101.11.11000     1     0       5      -4   -3.25                     -0.196912
3337:   0b1.0.101.11.10111     1     0       5      -4-3.28125                     -0.193859
3338:   0b1.0.101.11.10110     1     0       5      -4 -3.3125                     -0.190853
3339:   0b1.0.101.11.10101     1     0       5      -4-3.34375                     -0.187894
3340:   0b1.0.101.11.10100     1     0       5      -4  -3.375                     -0.184981
3341:   0b1.0.101.11.10011     1     0       5      -4-3.40625                     -0.182114
3342:   0b1.0.101.11.10010     1     0       5      -4 -3.4375                      -0.17929
3343:   0b1.0.101.11.10001     1     0       5      -4-3.46875                      -0.17651
3344:   0b1.0.101.11.10000     1     0       5      -4    -3.5                     -0.173774
3345:   0b1.0.101.11.01111     1     0       5      -4-3.53125                      -0.17108
3346:   0b1.0.101.11.01110     1     0       5      -4 -3.5625                     -0.168427
3347:   0b1.0.101.11.01101     1     0       5      -4-3.59375                     -0.165816
3348:   0b1.0.101.11.01100     1     0       5      -4  -3.625                     -0.163246
3349:   0b1.0.101.11.01011     1     0       5      -4-3.65625                     -0.160715
3350:   0b1.0.101.11.01010     1     0       5      -4 -3.6875                     -0.158223
3351:   0b1.0.101.11.01001     1     0       5      -4-3.71875                      -0.15577
3352:   0b1.0.101.11.01000     1     0       5      -4   -3.75                     -0.153355
3353:   0b1.0.101.11.00111     1     0       5      -4-3.78125                     -0.150977
3354:   0b1.0.101.11.00110     1     0       5      -4 -3.8125                     -0.148637
3355:   0b1.0.101.11.00101     1     0       5      -4-3.84375                     -0.146332
3356:   0b1.0.101.11.00100     1     0       5      -4  -3.875                     -0.144064
3357:   0b1.0.101.11.00011     1     0       5      -4-3.90625                      -0.14183
3358:   0b1.0.101.11.00010     1     0       5      -4 -3.9375                     -0.139631
3359:   0b1.0.101.11.00001     1     0       5      -4-3.96875                     -0.137467
3360:   0b1.0.101.11.00000     1     0       5      -4      -4                     -0.135335
3361:   0b1.0.101.10.11111     1     0       5      -5-4.03125                     -0.133237
3362:   0b1.0.101.10.11110     1     0       5      -5 -4.0625                     -0.131171
3363:   0b1.0.101.10.11101     1     0       5      -5-4.09375                     -0.129138
3364:   0b1.0.101.10.11100     1     0       5      -5  -4.125                     -0.127136
3365:   0b1.0.101.10.11011     1     0       5      -5-4.15625                     -0.125165
3366:   0b1.0.101.10.11010     1     0       5      -5 -4.1875                     -0.123224
3367:   0b1.0.101.10.11001     1     0       5      -5-4.21875                     -0.121314
3368:   0b1.0.101.10.11000     1     0       5      -5   -4.25                     -0.119433
3369:   0b1.0.101.10.10111     1     0       5      -5-4.28125                     -0.117581
3370:   0b1.0.101.10.10110     1     0       5      -5 -4.3125                     -0.115758
3371:   0b1.0.101.10.10101     1     0       5      -5-4.34375                     -0.113964
3372:   0b1.0.101.10.10100     1     0       5      -5  -4.375                     -0.112197
3373:   0b1.0.101.10.10011     1     0       5      -5-4.40625                     -0.110457
3374:   0b1.0.101.10.10010     1     0       5      -5 -4.4375                     -0.108745
3375:   0b1.0.101.10.10001     1     0       5      -5-4.46875                     -0.107059
3376:   0b1.0.101.10.10000     1     0       5      -5    -4.5                     -0.105399
3377:   0b1.0.101.10.01111     1     0       5      -5-4.53125                     -0.103765
3378:   0b1.0.101.10.01110     1     0       5      -5 -4.5625                     -0.102156
3379:   0b1.0.101.10.01101     1     0       5      -5-4.59375                     -0.100573
3380:   0b1.0.101.10.01100     1     0       5      -5  -4.625                    -0.0990134
3381:   0b1.0.101.10.01011     1     0       5      -5-4.65625                    -0.0974783
3382:   0b1.0.101.10.01010     1     0       5      -5 -4.6875                    -0.0959671
3383:   0b1.0.101.10.01001     1     0       5      -5-4.71875                    -0.0944793
3384:   0b1.0.101.10.01000     1     0       5      -5   -4.75                    -0.0930145
3385:   0b1.0.101.10.00111     1     0       5      -5-4.78125                    -0.0915724
3386:   0b1.0.101.10.00110     1     0       5      -5 -4.8125                    -0.0901527
3387:   0b1.0.101.10.00101     1     0       5      -5-4.84375                     -0.088755
3388:   0b1.0.101.10.00100     1     0       5      -5  -4.875                     -0.087379
3389:   0b1.0.101.10.00011     1     0       5      -5-4.90625                    -0.0860243
3390:   0b1.0.101.10.00010     1     0       5      -5 -4.9375                    -0.0846907
3391:   0b1.0.101.10.00001     1     0       5      -5-4.96875                    -0.0833776
3392:   0b1.0.101.10.00000     1     0       5      -5      -5                     -0.082085
3393:   0b1.0.101.01.11111     1     0       5      -6-5.03125                    -0.0808124
3394:   0b1.0.101.01.11110     1     0       5      -6 -5.0625                    -0.0795595
3395:   0b1.0.101.01.11101     1     0       5      -6-5.09375                    -0.0783261
3396:   0b1.0.101.01.11100     1     0       5      -6  -5.125                    -0.0771117
3397:   0b1.0.101.01.11011     1     0       5      -6-5.15625                    -0.0759162
3398:   0b1.0.101.01.11010     1     0       5      -6 -5.1875                    -0.0747392
3399:   0b1.0.101.01.11001     1     0       5      -6-5.21875                    -0.0735805
3400:   0b1.0.101.01.11000     1     0       5      -6   -5.25                    -0.0724398
3401:   0b1.0.101.01.10111     1     0       5      -6-5.28125                    -0.0713167
3402:   0b1.0.101.01.10110     1     0       5      -6 -5.3125                     -0.070211
3403:   0b1.0.101.01.10101     1     0       5      -6-5.34375                    -0.0691225
3404:   0b1.0.101.01.10100     1     0       5      -6  -5.375                    -0.0680509
3405:   0b1.0.101.01.10011     1     0       5      -6-5.40625                    -0.0669958
3406:   0b1.0.101.01.10010     1     0       5      -6 -5.4375                    -0.0659571
3407:   0b1.0.101.01.10001     1     0       5      -6-5.46875                    -0.0649346
3408:   0b1.0.101.01.10000     1     0       5      -6    -5.5                    -0.0639279
3409:   0b1.0.101.01.01111     1     0       5      -6-5.53125                    -0.0629368
3410:   0b1.0.101.01.01110     1     0       5      -6 -5.5625                     -0.061961
3411:   0b1.0.101.01.01101     1     0       5      -6-5.59375                    -0.0610004
3412:   0b1.0.101.01.01100     1     0       5      -6  -5.625                    -0.0600547
3413:   0b1.0.101.01.01011     1     0       5      -6-5.65625                    -0.0591236
3414:   0b1.0.101.01.01010     1     0       5      -6 -5.6875                     -0.058207
3415:   0b1.0.101.01.01001     1     0       5      -6-5.71875                    -0.0573046
3416:   0b1.0.101.01.01000     1     0       5      -6   -5.75                    -0.0564161
3417:   0b1.0.101.01.00111     1     0       5      -6-5.78125                    -0.0555415
3418:   0b1.0.101.01.00110     1     0       5      -6 -5.8125                    -0.0546804
3419:   0b1.0.101.01.00101     1     0       5      -6-5.84375                    -0.0538327
3420:   0b1.0.101.01.00100     1     0       5      -6  -5.875                    -0.0529981
3421:   0b1.0.101.01.00011     1     0       5      -6-5.90625                    -0.0521764
3422:   0b1.0.101.01.00010     1     0       5      -6 -5.9375                    -0.0513675
3423:   0b1.0.101.01.00001     1     0       5      -6-5.96875                    -0.0505711
3424:   0b1.0.101.01.00000     1     0       5      -6      -6                    -0.0497871
3425:   0b1.0.101.00.11111     1     0       5      -7-6.03125                    -0.0490152
3426:   0b1.0.101.00.11110     1     0       5      -7 -6.0625                    -0.0482553
3427:   0b1.0.101.00.11101     1     0       5      -7-6.09375                    -0.0475072
3428:   0b1.0.101.00.11100     1     0       5      -7  -6.125                    -0.0467706
3429:   0b1.0.101.00.11011     1     0       5      -7-6.15625                    -0.0460455
3430:   0b1.0.101.00.11010     1     0       5      -7 -6.1875                    -0.0453316
3431:   0b1.0.101.00.11001     1     0       5      -7-6.21875                    -0.0446288
3432:   0b1.0.101.00.11000     1     0       5      -7   -6.25                    -0.0439369
3433:   0b1.0.101.00.10111     1     0       5      -7-6.28125                    -0.0432558
3434:   0b1.0.101.00.10110     1     0       5      -7 -6.3125                    -0.0425851
3435:   0b1.0.101.00.10101     1     0       5      -7-6.34375                    -0.0419249
3436:   0b1.0.101.00.10100     1     0       5      -7  -6.375                    -0.0412749
3437:   0b1.0.101.00.10011     1     0       5      -7-6.40625                     -0.040635
3438:   0b1.0.101.00.10010     1     0       5      -7 -6.4375                     -0.040005
3439:   0b1.0.101.00.10001     1     0       5      -7-6.46875                    -0.0393848
3440:   0b1.0.101.00.10000     1     0       5      -7    -6.5                    -0.0387742
3441:   0b1.0.101.00.01111     1     0       5      -7-6.53125                    -0.0381731
3442:   0b1.0.101.00.01110     1     0       5      -7 -6.5625                    -0.0375813
3443:   0b1.0.101.00.01101     1     0       5      -7-6.59375                    -0.0369986
3444:   0b1.0.101.00.01100     1     0       5      -7  -6.625                     -0.036425
3445:   0b1.0.101.00.01011     1     0       5      -7-6.65625                    -0.0358603
3446:   0b1.0.101.00.01010     1     0       5      -7 -6.6875                    -0.0353043
3447:   0b1.0.101.00.01001     1     0       5      -7-6.71875                     -0.034757
3448:   0b1.0.101.00.01000     1     0       5      -7   -6.75                    -0.0342181
3449:   0b1.0.101.00.00111     1     0       5      -7-6.78125                    -0.0336876
3450:   0b1.0.101.00.00110     1     0       5      -7 -6.8125                    -0.0331653
3451:   0b1.0.101.00.00101     1     0       5      -7-6.84375                    -0.0326512
3452:   0b1.0.101.00.00100     1     0       5      -7  -6.875                    -0.0321449
3453:   0b1.0.101.00.00011     1     0       5      -7-6.90625                    -0.0316466
3454:   0b1.0.101.00.00010     1     0       5      -7 -6.9375                     -0.031156
3455:   0b1.0.101.00.00001     1     0       5      -7-6.96875                    -0.0306729
3456:   0b1.0.101.00.00000     1     0       5      -7      -7                    -0.0301974
3457:   0b1.0.100.111.1111     1     0       4      -8 -7.0625                    -0.0292683
3458:   0b1.0.100.111.1110     1     0       4      -8  -7.125                    -0.0283678
3459:   0b1.0.100.111.1101     1     0       4      -8 -7.1875                     -0.027495
3460:   0b1.0.100.111.1100     1     0       4      -8   -7.25                    -0.0266491
3461:   0b1.0.100.111.1011     1     0       4      -8 -7.3125                    -0.0258292
3462:   0b1.0.100.111.1010     1     0       4      -8  -7.375                    -0.0250345
3463:   0b1.0.100.111.1001     1     0       4      -8 -7.4375                    -0.0242643
3464:   0b1.0.100.111.1000     1     0       4      -8    -7.5                    -0.0235177
3465:   0b1.0.100.111.0111     1     0       4      -8 -7.5625                    -0.0227942
3466:   0b1.0.100.111.0110     1     0       4      -8  -7.625                    -0.0220929
3467:   0b1.0.100.111.0101     1     0       4      -8 -7.6875                    -0.0214132
3468:   0b1.0.100.111.0100     1     0       4      -8   -7.75                    -0.0207543
3469:   0b1.0.100.111.0011     1     0       4      -8 -7.8125                    -0.0201158
3470:   0b1.0.100.111.0010     1     0       4      -8  -7.875                    -0.0194969
3471:   0b1.0.100.111.0001     1     0       4      -8 -7.9375                     -0.018897
3472:   0b1.0.100.111.0000     1     0       4      -8      -8                    -0.0183156
3473:   0b1.0.100.110.1111     1     0       4      -9 -8.0625                    -0.0177521
3474:   0b1.0.100.110.1110     1     0       4      -9  -8.125                     -0.017206
3475:   0b1.0.100.110.1101     1     0       4      -9 -8.1875                    -0.0166766
3476:   0b1.0.100.110.1100     1     0       4      -9   -8.25                    -0.0161635
3477:   0b1.0.100.110.1011     1     0       4      -9 -8.3125                    -0.0156662
3478:   0b1.0.100.110.1010     1     0       4      -9  -8.375                    -0.0151842
3479:   0b1.0.100.110.1001     1     0       4      -9 -8.4375                     -0.014717
3480:   0b1.0.100.110.1000     1     0       4      -9    -8.5                    -0.0142642
3481:   0b1.0.100.110.0111     1     0       4      -9 -8.5625                    -0.0138254
3482:   0b1.0.100.110.0110     1     0       4      -9  -8.625                       -0.0134
3483:   0b1.0.100.110.0101     1     0       4      -9 -8.6875                    -0.0129877
3484:   0b1.0.100.110.0100     1     0       4      -9   -8.75                    -0.0125881
3485:   0b1.0.100.110.0011     1     0       4      -9 -8.8125                    -0.0122008
3486:   0b1.0.100.110.0010     1     0       4      -9  -8.875                    -0.0118255
3487:   0b1.0.100.110.0001     1     0       4      -9 -8.9375                    -0.0114616
3488:   0b1.0.100.110.0000     1     0       4      -9      -9                     -0.011109
3489:   0b1.0.100.101.1111     1     0       4     -10 -9.0625                    -0.0107672
3490:   0b1.0.100.101.1110     1     0       4     -10  -9.125                    -0.0104359
3491:   0b1.0.100.101.1101     1     0       4     -10 -9.1875                    -0.0101149
3492:   0b1.0.100.101.1100     1     0       4     -10   -9.25                   -0.00980366
3493:   0b1.0.100.101.1011     1     0       4     -10 -9.3125                   -0.00950203
3494:   0b1.0.100.101.1010     1     0       4     -10  -9.375                   -0.00920968
3495:   0b1.0.100.101.1001     1     0       4     -10 -9.4375                   -0.00892633
3496:   0b1.0.100.101.1000     1     0       4     -10    -9.5                    -0.0086517
3497:   0b1.0.100.101.0111     1     0       4     -10 -9.5625                   -0.00838551
3498:   0b1.0.100.101.0110     1     0       4     -10  -9.625                   -0.00812752
3499:   0b1.0.100.101.0101     1     0       4     -10 -9.6875                   -0.00787746
3500:   0b1.0.100.101.0100     1     0       4     -10   -9.75                   -0.00763509
3501:   0b1.0.100.101.0011     1     0       4     -10 -9.8125                   -0.00740019
3502:   0b1.0.100.101.0010     1     0       4     -10  -9.875                   -0.00717251
3503:   0b1.0.100.101.0001     1     0       4     -10 -9.9375                   -0.00695183
3504:   0b1.0.100.101.0000     1     0       4     -10     -10                   -0.00673795
3505:   0b1.0.100.100.1111     1     0       4     -11-10.0625                   -0.00653064
3506:   0b1.0.100.100.1110     1     0       4     -11 -10.125                   -0.00632972
3507:   0b1.0.100.100.1101     1     0       4     -11-10.1875                   -0.00613497
3508:   0b1.0.100.100.1100     1     0       4     -11  -10.25                   -0.00594622
3509:   0b1.0.100.100.1011     1     0       4     -11-10.3125                   -0.00576327
3510:   0b1.0.100.100.1010     1     0       4     -11 -10.375                   -0.00558595
3511:   0b1.0.100.100.1001     1     0       4     -11-10.4375                   -0.00541409
3512:   0b1.0.100.100.1000     1     0       4     -11   -10.5                   -0.00524752
3513:   0b1.0.100.100.0111     1     0       4     -11-10.5625                   -0.00508607
3514:   0b1.0.100.100.0110     1     0       4     -11 -10.625                   -0.00492959
3515:   0b1.0.100.100.0101     1     0       4     -11-10.6875                   -0.00477792
3516:   0b1.0.100.100.0100     1     0       4     -11  -10.75                   -0.00463092
3517:   0b1.0.100.100.0011     1     0       4     -11-10.8125                   -0.00448844
3518:   0b1.0.100.100.0010     1     0       4     -11 -10.875                   -0.00435035
3519:   0b1.0.100.100.0001     1     0       4     -11-10.9375                    -0.0042165
3520:   0b1.0.100.100.0000     1     0       4     -11     -11                   -0.00408677
3521:   0b1.0.100.011.1111     1     0       4     -12-11.0625                   -0.00396103
3522:   0b1.0.100.011.1110     1     0       4     -12 -11.125                   -0.00383917
3523:   0b1.0.100.011.1101     1     0       4     -12-11.1875                   -0.00372105
3524:   0b1.0.100.011.1100     1     0       4     -12  -11.25                   -0.00360656
3525:   0b1.0.100.011.1011     1     0       4     -12-11.3125                    -0.0034956
3526:   0b1.0.100.011.1010     1     0       4     -12 -11.375                   -0.00338805
3527:   0b1.0.100.011.1001     1     0       4     -12-11.4375                   -0.00328381
3528:   0b1.0.100.011.1000     1     0       4     -12   -11.5                   -0.00318278
3529:   0b1.0.100.011.0111     1     0       4     -12-11.5625                   -0.00308486
3530:   0b1.0.100.011.0110     1     0       4     -12 -11.625                   -0.00298995
3531:   0b1.0.100.011.0101     1     0       4     -12-11.6875                   -0.00289795
3532:   0b1.0.100.011.0100     1     0       4     -12  -11.75                   -0.00280879
3533:   0b1.0.100.011.0011     1     0       4     -12-11.8125                   -0.00272238
3534:   0b1.0.100.011.0010     1     0       4     -12 -11.875                   -0.00263862
3535:   0b1.0.100.011.0001     1     0       4     -12-11.9375                   -0.00255744
3536:   0b1.0.100.011.0000     1     0       4     -12     -12                   -0.00247875
3537:   0b1.0.100.010.1111     1     0       4     -13-12.0625                   -0.00240249
3538:   0b1.0.100.010.1110     1     0       4     -13 -12.125                   -0.00232857
3539:   0b1.0.100.010.1101     1     0       4     -13-12.1875                   -0.00225693
3540:   0b1.0.100.010.1100     1     0       4     -13  -12.25                   -0.00218749
3541:   0b1.0.100.010.1011     1     0       4     -13-12.3125                   -0.00212019
3542:   0b1.0.100.010.1010     1     0       4     -13 -12.375                   -0.00205496
3543:   0b1.0.100.010.1001     1     0       4     -13-12.4375                   -0.00199173
3544:   0b1.0.100.010.1000     1     0       4     -13   -12.5                   -0.00193045
3545:   0b1.0.100.010.0111     1     0       4     -13-12.5625                   -0.00187106
3546:   0b1.0.100.010.0110     1     0       4     -13 -12.625                   -0.00181349
3547:   0b1.0.100.010.0101     1     0       4     -13-12.6875                    -0.0017577
3548:   0b1.0.100.010.0100     1     0       4     -13  -12.75                   -0.00170362
3549:   0b1.0.100.010.0011     1     0       4     -13-12.8125                    -0.0016512
3550:   0b1.0.100.010.0010     1     0       4     -13 -12.875                    -0.0016004
3551:   0b1.0.100.010.0001     1     0       4     -13-12.9375                   -0.00155116
3552:   0b1.0.100.010.0000     1     0       4     -13     -13                   -0.00150344
3553:   0b1.0.100.001.1111     1     0       4     -14-13.0625                   -0.00145718
3554:   0b1.0.100.001.1110     1     0       4     -14 -13.125                   -0.00141235
3555:   0b1.0.100.001.1101     1     0       4     -14-13.1875                    -0.0013689
3556:   0b1.0.100.001.1100     1     0       4     -14  -13.25                   -0.00132678
3557:   0b1.0.100.001.1011     1     0       4     -14-13.3125                   -0.00128596
3558:   0b1.0.100.001.1010     1     0       4     -14 -13.375                   -0.00124639
3559:   0b1.0.100.001.1001     1     0       4     -14-13.4375                   -0.00120805
3560:   0b1.0.100.001.1000     1     0       4     -14   -13.5                   -0.00117088
3561:   0b1.0.100.001.0111     1     0       4     -14-13.5625                   -0.00113486
3562:   0b1.0.100.001.0110     1     0       4     -14 -13.625                   -0.00109994
3563:   0b1.0.100.001.0101     1     0       4     -14-13.6875                    -0.0010661
3564:   0b1.0.100.001.0100     1     0       4     -14  -13.75                    -0.0010333
3565:   0b1.0.100.001.0011     1     0       4     -14-13.8125                   -0.00100151
3566:   0b1.0.100.001.0010     1     0       4     -14 -13.875                  -0.000970693
3567:   0b1.0.100.001.0001     1     0       4     -14-13.9375                  -0.000940828
3568:   0b1.0.100.001.0000     1     0       4     -14     -14                  -0.000911882
3569:   0b1.0.100.000.1111     1     0       4     -15-14.0625                  -0.000883826
3570:   0b1.0.100.000.1110     1     0       4     -15 -14.125                  -0.000856634
3571:   0b1.0.100.000.1101     1     0       4     -15-14.1875                  -0.000830278
3572:   0b1.0.100.000.1100     1     0       4     -15  -14.25                  -0.000804733
3573:   0b1.0.100.000.1011     1     0       4     -15-14.3125                  -0.000779974
3574:   0b1.0.100.000.1010     1     0       4     -15 -14.375                  -0.000755977
3575:   0b1.0.100.000.1001     1     0       4     -15-14.4375                  -0.000732718
3576:   0b1.0.100.000.1000     1     0       4     -15   -14.5                  -0.000710174
3577:   0b1.0.100.000.0111     1     0       4     -15-14.5625                  -0.000688325
3578:   0b1.0.100.000.0110     1     0       4     -15 -14.625                  -0.000667147
3579:   0b1.0.100.000.0101     1     0       4     -15-14.6875                  -0.000646621
3580:   0b1.0.100.000.0100     1     0       4     -15  -14.75                  -0.000626727
3581:   0b1.0.100.000.0011     1     0       4     -15-14.8125                  -0.000607444
3582:   0b1.0.100.000.0010     1     0       4     -15 -14.875                  -0.000588755
3583:   0b1.0.100.000.0001     1     0       4     -15-14.9375                  -0.000570641
3584:   0b1.0.100.000.0000     1     0       4     -15     -15                  -0.000553084
3585:   0b1.0.011.1111.111     1     0       3     -16 -15.125                  -0.000519575
3586:   0b1.0.011.1111.110     1     0       3     -16  -15.25                  -0.000488095
3587:   0b1.0.011.1111.101     1     0       3     -16 -15.375                  -0.000458523
3588:   0b1.0.011.1111.100     1     0       3     -16   -15.5                  -0.000430743
3589:   0b1.0.011.1111.011     1     0       3     -16 -15.625                  -0.000404645
3590:   0b1.0.011.1111.010     1     0       3     -16  -15.75                  -0.000380129
3591:   0b1.0.011.1111.001     1     0       3     -16 -15.875                  -0.000357098
3592:   0b1.0.011.1111.000     1     0       3     -16     -16                  -0.000335463
3593:   0b1.0.011.1110.111     1     0       3     -17 -16.125                  -0.000315138
3594:   0b1.0.011.1110.110     1     0       3     -17  -16.25                  -0.000296045
3595:   0b1.0.011.1110.101     1     0       3     -17 -16.375                  -0.000278108
3596:   0b1.0.011.1110.100     1     0       3     -17   -16.5                  -0.000261259
3597:   0b1.0.011.1110.011     1     0       3     -17 -16.625                   -0.00024543
3598:   0b1.0.011.1110.010     1     0       3     -17  -16.75                   -0.00023056
3599:   0b1.0.011.1110.001     1     0       3     -17 -16.875                  -0.000216591
3600:   0b1.0.011.1110.000     1     0       3     -17     -17                  -0.000203468
3601:   0b1.0.011.1101.111     1     0       3     -18 -17.125                  -0.000191141
3602:   0b1.0.011.1101.110     1     0       3     -18  -17.25                   -0.00017956
3603:   0b1.0.011.1101.101     1     0       3     -18 -17.375                  -0.000168681
3604:   0b1.0.011.1101.100     1     0       3     -18   -17.5                  -0.000158461
3605:   0b1.0.011.1101.011     1     0       3     -18 -17.625                  -0.000148861
3606:   0b1.0.011.1101.010     1     0       3     -18  -17.75                  -0.000139842
3607:   0b1.0.011.1101.001     1     0       3     -18 -17.875                  -0.000131369
3608:   0b1.0.011.1101.000     1     0       3     -18     -18                   -0.00012341
3609:   0b1.0.011.1100.111     1     0       3     -19 -18.125                  -0.000115933
3610:   0b1.0.011.1100.110     1     0       3     -19  -18.25                  -0.000108909
3611:   0b1.0.011.1100.101     1     0       3     -19 -18.375                   -0.00010231
3612:   0b1.0.011.1100.100     1     0       3     -19   -18.5                  -9.61117e-05
3613:   0b1.0.011.1100.011     1     0       3     -19 -18.625                  -9.02885e-05
3614:   0b1.0.011.1100.010     1     0       3     -19  -18.75                  -8.48182e-05
3615:   0b1.0.011.1100.001     1     0       3     -19 -18.875                  -7.96794e-05
3616:   0b1.0.011.1100.000     1     0       3     -19     -19                  -7.48518e-05
3617:   0b1.0.011.1011.111     1     0       3     -20 -19.125                  -7.03168e-05
3618:   0b1.0.011.1011.110     1     0       3     -20  -19.25                  -6.60565e-05
3619:   0b1.0.011.1011.101     1     0       3     -20 -19.375                  -6.20543e-05
3620:   0b1.0.011.1011.100     1     0       3     -20   -19.5                  -5.82947e-05
3621:   0b1.0.011.1011.011     1     0       3     -20 -19.625                  -5.47628e-05
3622:   0b1.0.011.1011.010     1     0       3     -20  -19.75                  -5.14449e-05
3623:   0b1.0.011.1011.001     1     0       3     -20 -19.875                   -4.8328e-05
3624:   0b1.0.011.1011.000     1     0       3     -20     -20                  -4.53999e-05
3625:   0b1.0.011.1010.111     1     0       3     -21 -20.125                  -4.26493e-05
3626:   0b1.0.011.1010.110     1     0       3     -21  -20.25                  -4.00653e-05
3627:   0b1.0.011.1010.101     1     0       3     -21 -20.375                  -3.76379e-05
3628:   0b1.0.011.1010.100     1     0       3     -21   -20.5                  -3.53575e-05
3629:   0b1.0.011.1010.011     1     0       3     -21 -20.625                  -3.32153e-05
3630:   0b1.0.011.1010.010     1     0       3     -21  -20.75                  -3.12029e-05
3631:   0b1.0.011.1010.001     1     0       3     -21 -20.875                  -2.93124e-05
3632:   0b1.0.011.1010.000     1     0       3     -21     -21                  -2.75364e-05
3633:   0b1.0.011.1001.111     1     0       3     -22 -21.125                  -2.58681e-05
3634:   0b1.0.011.1001.110     1     0       3     -22  -21.25                  -2.43008e-05
3635:   0b1.0.011.1001.101     1     0       3     -22 -21.375                  -2.28285e-05
3636:   0b1.0.011.1001.100     1     0       3     -22   -21.5                  -2.14454e-05
3637:   0b1.0.011.1001.011     1     0       3     -22 -21.625                  -2.01461e-05
3638:   0b1.0.011.1001.010     1     0       3     -22  -21.75                  -1.89255e-05
3639:   0b1.0.011.1001.001     1     0       3     -22 -21.875                  -1.77789e-05
3640:   0b1.0.011.1001.000     1     0       3     -22     -22                  -1.67017e-05
3641:   0b1.0.011.1000.111     1     0       3     -23 -22.125                  -1.56898e-05
3642:   0b1.0.011.1000.110     1     0       3     -23  -22.25                  -1.47392e-05
3643:   0b1.0.011.1000.101     1     0       3     -23 -22.375                  -1.38462e-05
3644:   0b1.0.011.1000.100     1     0       3     -23   -22.5                  -1.30073e-05
3645:   0b1.0.011.1000.011     1     0       3     -23 -22.625                  -1.22192e-05
3646:   0b1.0.011.1000.010     1     0       3     -23  -22.75                  -1.14789e-05
3647:   0b1.0.011.1000.001     1     0       3     -23 -22.875                  -1.07834e-05
3648:   0b1.0.011.1000.000     1     0       3     -23     -23                  -1.01301e-05
3649:   0b1.0.011.0111.111     1     0       3     -24 -23.125                  -9.51634e-06
3650:   0b1.0.011.0111.110     1     0       3     -24  -23.25                  -8.93978e-06
3651:   0b1.0.011.0111.101     1     0       3     -24 -23.375                  -8.39814e-06
3652:   0b1.0.011.0111.100     1     0       3     -24   -23.5                  -7.88932e-06
3653:   0b1.0.011.0111.011     1     0       3     -24 -23.625                  -7.41133e-06
3654:   0b1.0.011.0111.010     1     0       3     -24  -23.75                   -6.9623e-06
3655:   0b1.0.011.0111.001     1     0       3     -24 -23.875                  -6.54048e-06
3656:   0b1.0.011.0111.000     1     0       3     -24     -24                  -6.14421e-06
3657:   0b1.0.011.0110.111     1     0       3     -25 -24.125                  -5.77195e-06
3658:   0b1.0.011.0110.110     1     0       3     -25  -24.25                  -5.42225e-06
3659:   0b1.0.011.0110.101     1     0       3     -25 -24.375                  -5.09373e-06
3660:   0b1.0.011.0110.100     1     0       3     -25   -24.5                  -4.78512e-06
3661:   0b1.0.011.0110.011     1     0       3     -25 -24.625                   -4.4952e-06
3662:   0b1.0.011.0110.010     1     0       3     -25  -24.75                  -4.22285e-06
3663:   0b1.0.011.0110.001     1     0       3     -25 -24.875                    -3.967e-06
3664:   0b1.0.011.0110.000     1     0       3     -25     -25                  -3.72665e-06
3665:   0b1.0.011.0101.111     1     0       3     -26 -25.125                  -3.50087e-06
3666:   0b1.0.011.0101.110     1     0       3     -26  -25.25                  -3.28876e-06
3667:   0b1.0.011.0101.101     1     0       3     -26 -25.375                   -3.0895e-06
3668:   0b1.0.011.0101.100     1     0       3     -26   -25.5                  -2.90232e-06
3669:   0b1.0.011.0101.011     1     0       3     -26 -25.625                  -2.72648e-06
3670:   0b1.0.011.0101.010     1     0       3     -26  -25.75                  -2.56129e-06
3671:   0b1.0.011.0101.001     1     0       3     -26 -25.875                  -2.40611e-06
3672:   0b1.0.011.0101.000     1     0       3     -26     -26                  -2.26033e-06
3673:   0b1.0.011.0100.111     1     0       3     -27 -26.125                  -2.12338e-06
3674:   0b1.0.011.0100.110     1     0       3     -27  -26.25                  -1.99473e-06
3675:   0b1.0.011.0100.101     1     0       3     -27 -26.375                  -1.87388e-06
3676:   0b1.0.011.0100.100     1     0       3     -27   -26.5                  -1.76035e-06
3677:   0b1.0.011.0100.011     1     0       3     -27 -26.625                  -1.65369e-06
3678:   0b1.0.011.0100.010     1     0       3     -27  -26.75                   -1.5535e-06
3679:   0b1.0.011.0100.001     1     0       3     -27 -26.875                  -1.45938e-06
3680:   0b1.0.011.0100.000     1     0       3     -27     -27                  -1.37096e-06
3681:   0b1.0.011.0011.111     1     0       3     -28 -27.125                   -1.2879e-06
3682:   0b1.0.011.0011.110     1     0       3     -28  -27.25                  -1.20987e-06
3683:   0b1.0.011.0011.101     1     0       3     -28 -27.375                  -1.13657e-06
3684:   0b1.0.011.0011.100     1     0       3     -28   -27.5                   -1.0677e-06
3685:   0b1.0.011.0011.011     1     0       3     -28 -27.625                  -1.00302e-06
3686:   0b1.0.011.0011.010     1     0       3     -28  -27.75                  -9.42245e-07
3687:   0b1.0.011.0011.001     1     0       3     -28 -27.875                  -8.85158e-07
3688:   0b1.0.011.0011.000     1     0       3     -28     -28                  -8.31529e-07
3689:   0b1.0.011.0010.111     1     0       3     -29 -28.125                  -7.81149e-07
3690:   0b1.0.011.0010.110     1     0       3     -29  -28.25                  -7.33822e-07
3691:   0b1.0.011.0010.101     1     0       3     -29 -28.375                  -6.89362e-07
3692:   0b1.0.011.0010.100     1     0       3     -29   -28.5                  -6.47595e-07
3693:   0b1.0.011.0010.011     1     0       3     -29 -28.625                  -6.08359e-07
3694:   0b1.0.011.0010.010     1     0       3     -29  -28.75                  -5.71501e-07
3695:   0b1.0.011.0010.001     1     0       3     -29 -28.875                  -5.36875e-07
3696:   0b1.0.011.0010.000     1     0       3     -29     -29                  -5.04348e-07
3697:   0b1.0.011.0001.111     1     0       3     -30 -29.125                  -4.73791e-07
3698:   0b1.0.011.0001.110     1     0       3     -30  -29.25                  -4.45085e-07
3699:   0b1.0.011.0001.101     1     0       3     -30 -29.375                  -4.18119e-07
3700:   0b1.0.011.0001.100     1     0       3     -30   -29.5                  -3.92786e-07
3701:   0b1.0.011.0001.011     1     0       3     -30 -29.625                  -3.68989e-07
3702:   0b1.0.011.0001.010     1     0       3     -30  -29.75                  -3.46633e-07
3703:   0b1.0.011.0001.001     1     0       3     -30 -29.875                  -3.25631e-07
3704:   0b1.0.011.0001.000     1     0       3     -30     -30                  -3.05902e-07
3705:   0b1.0.011.0000.111     1     0       3     -31 -30.125                  -2.87369e-07
3706:   0b1.0.011.0000.110     1     0       3     -31  -30.25                  -2.69958e-07
3707:   0b1.0.011.0000.101     1     0       3     -31 -30.375                  -2.53602e-07
3708:   0b1.0.011.0000.100     1     0       3     -31   -30.5                  -2.38237e-07
3709:   0b1.0.011.0000.011     1     0       3     -31 -30.625                  -2.23803e-07
3710:   0b1.0.011.0000.010     1     0       3     -31  -30.75                  -2.10243e-07
3711:   0b1.0.011.0000.001     1     0       3     -31 -30.875                  -1.97505e-07
3712:   0b1.0.011.0000.000     1     0       3     -31     -31                  -1.85539e-07
3713:   0b1.0.010.11111.11     1     0       2     -32  -31.25                  -1.63738e-07
3714:   0b1.0.010.11111.10     1     0       2     -32   -31.5                  -1.44498e-07
3715:   0b1.0.010.11111.01     1     0       2     -32  -31.75                  -1.27519e-07
3716:   0b1.0.010.11111.00     1     0       2     -32     -32                  -1.12535e-07
3717:   0b1.0.010.11110.11     1     0       2     -33  -32.25                  -9.93119e-08
3718:   0b1.0.010.11110.10     1     0       2     -33   -32.5                  -8.76425e-08
3719:   0b1.0.010.11110.01     1     0       2     -33  -32.75                  -7.73442e-08
3720:   0b1.0.010.11110.00     1     0       2     -33     -33                   -6.8256e-08
3721:   0b1.0.010.11101.11     1     0       2     -34  -33.25                  -6.02357e-08
3722:   0b1.0.010.11101.10     1     0       2     -34   -33.5                  -5.31579e-08
3723:   0b1.0.010.11101.01     1     0       2     -34  -33.75                  -4.69116e-08
3724:   0b1.0.010.11101.00     1     0       2     -34     -34                  -4.13994e-08
3725:   0b1.0.010.11100.11     1     0       2     -35  -34.25                  -3.65348e-08
3726:   0b1.0.010.11100.10     1     0       2     -35   -34.5                  -3.22419e-08
3727:   0b1.0.010.11100.01     1     0       2     -35  -34.75                  -2.84533e-08
3728:   0b1.0.010.11100.00     1     0       2     -35     -35                    -2.511e-08
3729:   0b1.0.010.11011.11     1     0       2     -36  -35.25                  -2.21595e-08
3730:   0b1.0.010.11011.10     1     0       2     -36   -35.5                  -1.95557e-08
3731:   0b1.0.010.11011.01     1     0       2     -36  -35.75                  -1.72578e-08
3732:   0b1.0.010.11011.00     1     0       2     -36     -36                    -1.523e-08
3733:   0b1.0.010.11010.11     1     0       2     -37  -36.25                  -1.34404e-08
3734:   0b1.0.010.11010.10     1     0       2     -37   -36.5                  -1.18611e-08
3735:   0b1.0.010.11010.01     1     0       2     -37  -36.75                  -1.04674e-08
3736:   0b1.0.010.11010.00     1     0       2     -37     -37                  -9.23745e-09
3737:   0b1.0.010.11001.11     1     0       2     -38  -37.25                  -8.15202e-09
3738:   0b1.0.010.11001.10     1     0       2     -38   -37.5                  -7.19413e-09
3739:   0b1.0.010.11001.01     1     0       2     -38  -37.75                   -6.3488e-09
3740:   0b1.0.010.11001.00     1     0       2     -38     -38                   -5.6028e-09
3741:   0b1.0.010.11000.11     1     0       2     -39  -38.25                  -4.94445e-09
3742:   0b1.0.010.11000.10     1     0       2     -39   -38.5                  -4.36346e-09
3743:   0b1.0.010.11000.01     1     0       2     -39  -38.75                  -3.85074e-09
3744:   0b1.0.010.11000.00     1     0       2     -39     -39                  -3.39827e-09
3745:   0b1.0.010.10111.11     1     0       2     -40  -39.25                  -2.99896e-09
3746:   0b1.0.010.10111.10     1     0       2     -40   -39.5                  -2.64657e-09
3747:   0b1.0.010.10111.01     1     0       2     -40  -39.75                  -2.33559e-09
3748:   0b1.0.010.10111.00     1     0       2     -40     -40                  -2.06115e-09
3749:   0b1.0.010.10110.11     1     0       2     -41  -40.25                  -1.81896e-09
3750:   0b1.0.010.10110.10     1     0       2     -41   -40.5                  -1.60523e-09
3751:   0b1.0.010.10110.01     1     0       2     -41  -40.75                  -1.41661e-09
3752:   0b1.0.010.10110.00     1     0       2     -41     -41                  -1.25015e-09
3753:   0b1.0.010.10101.11     1     0       2     -42  -41.25                  -1.10326e-09
3754:   0b1.0.010.10101.10     1     0       2     -42   -41.5                   -9.7362e-10
3755:   0b1.0.010.10101.01     1     0       2     -42  -41.75                  -8.59217e-10
3756:   0b1.0.010.10101.00     1     0       2     -42     -42                  -7.58256e-10
3757:   0b1.0.010.10100.11     1     0       2     -43  -42.25                  -6.69159e-10
3758:   0b1.0.010.10100.10     1     0       2     -43   -42.5                   -5.9053e-10
3759:   0b1.0.010.10100.01     1     0       2     -43  -42.75                  -5.21141e-10
3760:   0b1.0.010.10100.00     1     0       2     -43     -43                  -4.59906e-10
3761:   0b1.0.010.10011.11     1     0       2     -44  -43.25                  -4.05865e-10
3762:   0b1.0.010.10011.10     1     0       2     -44   -43.5                  -3.58175e-10
3763:   0b1.0.010.10011.01     1     0       2     -44  -43.75                  -3.16088e-10
3764:   0b1.0.010.10011.00     1     0       2     -44     -44                  -2.78947e-10
3765:   0b1.0.010.10010.11     1     0       2     -45  -44.25                   -2.4617e-10
3766:   0b1.0.010.10010.10     1     0       2     -45   -44.5                  -2.17244e-10
3767:   0b1.0.010.10010.01     1     0       2     -45  -44.75                  -1.91717e-10
3768:   0b1.0.010.10010.00     1     0       2     -45     -45                   -1.6919e-10
3769:   0b1.0.010.10001.11     1     0       2     -46  -45.25                  -1.49309e-10
3770:   0b1.0.010.10001.10     1     0       2     -46   -45.5                  -1.31765e-10
3771:   0b1.0.010.10001.01     1     0       2     -46  -45.75                  -1.16282e-10
3772:   0b1.0.010.10001.00     1     0       2     -46     -46                  -1.02619e-10
3773:   0b1.0.010.10000.11     1     0       2     -47  -46.25                  -9.05608e-11
3774:   0b1.0.010.10000.10     1     0       2     -47   -46.5                  -7.99196e-11
3775:   0b1.0.010.10000.01     1     0       2     -47  -46.75                  -7.05288e-11
3776:   0b1.0.010.10000.00     1     0       2     -47     -47                  -6.22414e-11
3777:   0b1.0.010.01111.11     1     0       2     -48  -47.25                  -5.49279e-11
3778:   0b1.0.010.01111.10     1     0       2     -48   -47.5                  -4.84737e-11
3779:   0b1.0.010.01111.01     1     0       2     -48  -47.75                  -4.27779e-11
3780:   0b1.0.010.01111.00     1     0       2     -48     -48                  -3.77513e-11
3781:   0b1.0.010.01110.11     1     0       2     -49  -48.25                  -3.33154e-11
3782:   0b1.0.010.01110.10     1     0       2     -49   -48.5                  -2.94008e-11
3783:   0b1.0.010.01110.01     1     0       2     -49  -48.75                  -2.59461e-11
3784:   0b1.0.010.01110.00     1     0       2     -49     -49                  -2.28973e-11
3785:   0b1.0.010.01101.11     1     0       2     -50  -49.25                  -2.02068e-11
3786:   0b1.0.010.01101.10     1     0       2     -50   -49.5                  -1.78325e-11
3787:   0b1.0.010.01101.01     1     0       2     -50  -49.75                  -1.57371e-11
3788:   0b1.0.010.01101.00     1     0       2     -50     -50                  -1.38879e-11
3789:   0b1.0.010.01100.11     1     0       2     -51  -50.25                  -1.22561e-11
3790:   0b1.0.010.01100.10     1     0       2     -51   -50.5                  -1.08159e-11
3791:   0b1.0.010.01100.01     1     0       2     -51  -50.75                  -9.54503e-12
3792:   0b1.0.010.01100.00     1     0       2     -51     -51                  -8.42346e-12
3793:   0b1.0.010.01011.11     1     0       2     -52  -51.25                  -7.43368e-12
3794:   0b1.0.010.01011.10     1     0       2     -52   -51.5                   -6.5602e-12
3795:   0b1.0.010.01011.01     1     0       2     -52  -51.75                  -5.78936e-12
3796:   0b1.0.010.01011.00     1     0       2     -52     -52                  -5.10909e-12
3797:   0b1.0.010.01010.11     1     0       2     -53  -52.25                  -4.50876e-12
3798:   0b1.0.010.01010.10     1     0       2     -53   -52.5                  -3.97896e-12
3799:   0b1.0.010.01010.01     1     0       2     -53  -52.75                  -3.51142e-12
3800:   0b1.0.010.01010.00     1     0       2     -53     -53                  -3.09882e-12
3801:   0b1.0.010.01001.11     1     0       2     -54  -53.25                   -2.7347e-12
3802:   0b1.0.010.01001.10     1     0       2     -54   -53.5                  -2.41336e-12
3803:   0b1.0.010.01001.01     1     0       2     -54  -53.75                  -2.12979e-12
3804:   0b1.0.010.01001.00     1     0       2     -54     -54                  -1.87953e-12
3805:   0b1.0.010.01000.11     1     0       2     -55  -54.25                  -1.65868e-12
3806:   0b1.0.010.01000.10     1     0       2     -55   -54.5                  -1.46378e-12
3807:   0b1.0.010.01000.01     1     0       2     -55  -54.75                  -1.29178e-12
3808:   0b1.0.010.01000.00     1     0       2     -55     -55                  -1.13999e-12
3809:   0b1.0.010.00111.11     1     0       2     -56  -55.25                  -1.00604e-12
3810:   0b1.0.010.00111.10     1     0       2     -56   -55.5                  -8.87827e-13
3811:   0b1.0.010.00111.01     1     0       2     -56  -55.75                  -7.83504e-13
3812:   0b1.0.010.00111.00     1     0       2     -56     -56                   -6.9144e-13
3813:   0b1.0.010.00110.11     1     0       2     -57  -56.25                  -6.10194e-13
3814:   0b1.0.010.00110.10     1     0       2     -57   -56.5                  -5.38494e-13
3815:   0b1.0.010.00110.01     1     0       2     -57  -56.75                  -4.75219e-13
3816:   0b1.0.010.00110.00     1     0       2     -57     -57                   -4.1938e-13
3817:   0b1.0.010.00101.11     1     0       2     -58  -57.25                  -3.70101e-13
3818:   0b1.0.010.00101.10     1     0       2     -58   -57.5                  -3.26613e-13
3819:   0b1.0.010.00101.01     1     0       2     -58  -57.75                  -2.88235e-13
3820:   0b1.0.010.00101.00     1     0       2     -58     -58                  -2.54367e-13
3821:   0b1.0.010.00100.11     1     0       2     -59  -58.25                  -2.24478e-13
3822:   0b1.0.010.00100.10     1     0       2     -59   -58.5                  -1.98101e-13
3823:   0b1.0.010.00100.01     1     0       2     -59  -58.75                  -1.74823e-13
3824:   0b1.0.010.00100.00     1     0       2     -59     -59                  -1.54281e-13
3825:   0b1.0.010.00011.11     1     0       2     -60  -59.25                  -1.36153e-13
3826:   0b1.0.010.00011.10     1     0       2     -60   -59.5                  -1.20154e-13
3827:   0b1.0.010.00011.01     1     0       2     -60  -59.75                  -1.06036e-13
3828:   0b1.0.010.00011.00     1     0       2     -60     -60                  -9.35762e-14
3829:   0b1.0.010.00010.11     1     0       2     -61  -60.25                  -8.25807e-14
3830:   0b1.0.010.00010.10     1     0       2     -61   -60.5                  -7.28772e-14
3831:   0b1.0.010.00010.01     1     0       2     -61  -60.75                  -6.43139e-14
3832:   0b1.0.010.00010.00     1     0       2     -61     -61                  -5.67569e-14
3833:   0b1.0.010.00001.11     1     0       2     -62  -61.25                  -5.00877e-14
3834:   0b1.0.010.00001.10     1     0       2     -62   -61.5                  -4.42023e-14
3835:   0b1.0.010.00001.01     1     0       2     -62  -61.75                  -3.90084e-14
3836:   0b1.0.010.00001.00     1     0       2     -62     -62                  -3.44248e-14
3837:   0b1.0.010.00000.11     1     0       2     -63  -62.25                  -3.03798e-14
3838:   0b1.0.010.00000.10     1     0       2     -63   -62.5                    -2.681e-14
3839:   0b1.0.010.00000.01     1     0       2     -63  -62.75                  -2.36598e-14
3840:   0b1.0.010.00000.00     1     0       2     -63     -63                  -2.08797e-14
3841:   0b1.0.001.111111.1     1     0       1     -64   -63.5                  -1.62611e-14
3842:   0b1.0.001.111111.0     1     0       1     -64     -64                  -1.26642e-14
3843:   0b1.0.001.111110.1     1     0       1     -65   -64.5                  -9.86286e-15
3844:   0b1.0.001.111110.0     1     0       1     -65     -65                   -7.6812e-15
3845:   0b1.0.001.111101.1     1     0       1     -66   -65.5                  -5.98213e-15
3846:   0b1.0.001.111101.0     1     0       1     -66     -66                  -4.65889e-15
3847:   0b1.0.001.111100.1     1     0       1     -67   -66.5                  -3.62834e-15
3848:   0b1.0.001.111100.0     1     0       1     -67     -67                  -2.82576e-15
3849:   0b1.0.001.111011.1     1     0       1     -68   -67.5                   -2.2007e-15
3850:   0b1.0.001.111011.0     1     0       1     -68     -68                  -1.71391e-15
3851:   0b1.0.001.111010.1     1     0       1     -69   -68.5                  -1.33479e-15
3852:   0b1.0.001.111010.0     1     0       1     -69     -69                  -1.03954e-15
3853:   0b1.0.001.111001.1     1     0       1     -70   -69.5                  -8.09593e-16
3854:   0b1.0.001.111001.0     1     0       1     -70     -70                  -6.30512e-16
3855:   0b1.0.001.111000.1     1     0       1     -71   -70.5                  -4.91043e-16
3856:   0b1.0.001.111000.0     1     0       1     -71     -71                  -3.82425e-16
3857:   0b1.0.001.110111.1     1     0       1     -72   -71.5                  -2.97833e-16
3858:   0b1.0.001.110111.0     1     0       1     -72     -72                  -2.31952e-16
3859:   0b1.0.001.110110.1     1     0       1     -73   -72.5                  -1.80645e-16
3860:   0b1.0.001.110110.0     1     0       1     -73     -73                  -1.40686e-16
3861:   0b1.0.001.110101.1     1     0       1     -74   -73.5                  -1.09567e-16
3862:   0b1.0.001.110101.0     1     0       1     -74     -74                  -8.53305e-17
3863:   0b1.0.001.110100.1     1     0       1     -75   -74.5                  -6.64554e-17
3864:   0b1.0.001.110100.0     1     0       1     -75     -75                  -5.17556e-17
3865:   0b1.0.001.110011.1     1     0       1     -76   -75.5                  -4.03073e-17
3866:   0b1.0.001.110011.0     1     0       1     -76     -76                  -3.13913e-17
3867:   0b1.0.001.110010.1     1     0       1     -77   -76.5                  -2.44476e-17
3868:   0b1.0.001.110010.0     1     0       1     -77     -77                  -1.90398e-17
3869:   0b1.0.001.110001.1     1     0       1     -78   -77.5                  -1.48282e-17
3870:   0b1.0.001.110001.0     1     0       1     -78     -78                  -1.15482e-17
3871:   0b1.0.001.110000.1     1     0       1     -79   -78.5                  -8.99377e-18
3872:   0b1.0.001.110000.0     1     0       1     -79     -79                  -7.00435e-18
3873:   0b1.0.001.101111.1     1     0       1     -80   -79.5                  -5.45499e-18
3874:   0b1.0.001.101111.0     1     0       1     -80     -80                  -4.24835e-18
3875:   0b1.0.001.101110.1     1     0       1     -81   -80.5                  -3.30862e-18
3876:   0b1.0.001.101110.0     1     0       1     -81     -81                  -2.57676e-18
3877:   0b1.0.001.101101.1     1     0       1     -82   -81.5                  -2.00678e-18
3878:   0b1.0.001.101101.0     1     0       1     -82     -82                  -1.56288e-18
3879:   0b1.0.001.101100.1     1     0       1     -83   -82.5                  -1.21717e-18
3880:   0b1.0.001.101100.0     1     0       1     -83     -83                  -9.47936e-19
3881:   0b1.0.001.101011.1     1     0       1     -84   -83.5                  -7.38253e-19
3882:   0b1.0.001.101011.0     1     0       1     -84     -84                  -5.74952e-19
3883:   0b1.0.001.101010.1     1     0       1     -85   -84.5                  -4.47773e-19
3884:   0b1.0.001.101010.0     1     0       1     -85     -85                  -3.48726e-19
3885:   0b1.0.001.101001.1     1     0       1     -86   -85.5                  -2.71588e-19
3886:   0b1.0.001.101001.0     1     0       1     -86     -86                  -2.11513e-19
3887:   0b1.0.001.101000.1     1     0       1     -87   -86.5                  -1.64727e-19
3888:   0b1.0.001.101000.0     1     0       1     -87     -87                  -1.28289e-19
3889:   0b1.0.001.100111.1     1     0       1     -88   -87.5                  -9.99117e-20
3890:   0b1.0.001.100111.0     1     0       1     -88     -88                  -7.78113e-20
3891:   0b1.0.001.100110.1     1     0       1     -89   -88.5                  -6.05995e-20
3892:   0b1.0.001.100110.0     1     0       1     -89     -89                   -4.7195e-20
3893:   0b1.0.001.100101.1     1     0       1     -90   -89.5                  -3.67555e-20
3894:   0b1.0.001.100101.0     1     0       1     -90     -90                  -2.86252e-20
3895:   0b1.0.001.100100.1     1     0       1     -91   -90.5                  -2.22933e-20
3896:   0b1.0.001.100100.0     1     0       1     -91     -91                  -1.73621e-20
3897:   0b1.0.001.100011.1     1     0       1     -92   -91.5                  -1.35216e-20
3898:   0b1.0.001.100011.0     1     0       1     -92     -92                  -1.05306e-20
3899:   0b1.0.001.100010.1     1     0       1     -93   -92.5                  -8.20125e-21
3900:   0b1.0.001.100010.0     1     0       1     -93     -93                  -6.38714e-21
3901:   0b1.0.001.100001.1     1     0       1     -94   -93.5                  -4.97431e-21
3902:   0b1.0.001.100001.0     1     0       1     -94     -94                    -3.874e-21
3903:   0b1.0.001.100000.1     1     0       1     -95   -94.5                  -3.01707e-21
3904:   0b1.0.001.100000.0     1     0       1     -95     -95                   -2.3497e-21
3905:   0b1.0.001.011111.1     1     0       1     -96   -95.5                  -1.82995e-21
3906:   0b1.0.001.011111.0     1     0       1     -96     -96                  -1.42516e-21
3907:   0b1.0.001.011110.1     1     0       1     -97   -96.5                  -1.10992e-21
3908:   0b1.0.001.011110.0     1     0       1     -97     -97                  -8.64406e-22
3909:   0b1.0.001.011101.1     1     0       1     -98   -97.5                    -6.732e-22
3910:   0b1.0.001.011101.0     1     0       1     -98     -98                  -5.24289e-22
3911:   0b1.0.001.011100.1     1     0       1     -99   -98.5                  -4.08316e-22
3912:   0b1.0.001.011100.0     1     0       1     -99     -99                  -3.17997e-22
3913:   0b1.0.001.011011.1     1     0       1    -100   -99.5                  -2.47656e-22
3914:   0b1.0.001.011011.0     1     0       1    -100    -100                  -1.92875e-22
3915:   0b1.0.001.011010.1     1     0       1    -101  -100.5                  -1.50211e-22
3916:   0b1.0.001.011010.0     1     0       1    -101    -101                  -1.16985e-22
3917:   0b1.0.001.011001.1     1     0       1    -102  -101.5                  -9.11077e-23
3918:   0b1.0.001.011001.0     1     0       1    -102    -102                  -7.09547e-23
3919:   0b1.0.001.011000.1     1     0       1    -103  -102.5                  -5.52596e-23
3920:   0b1.0.001.011000.0     1     0       1    -103    -103                  -4.30362e-23
3921:   0b1.0.001.010111.1     1     0       1    -104  -103.5                  -3.35166e-23
3922:   0b1.0.001.010111.0     1     0       1    -104    -104                  -2.61028e-23
3923:   0b1.0.001.010110.1     1     0       1    -105  -104.5                  -2.03289e-23
3924:   0b1.0.001.010110.0     1     0       1    -105    -105                  -1.58321e-23
3925:   0b1.0.001.010101.1     1     0       1    -106  -105.5                  -1.23301e-23
3926:   0b1.0.001.010101.0     1     0       1    -106    -106                  -9.60268e-24
3927:   0b1.0.001.010100.1     1     0       1    -107  -106.5                  -7.47857e-24
3928:   0b1.0.001.010100.0     1     0       1    -107    -107                  -5.82432e-24
3929:   0b1.0.001.010011.1     1     0       1    -108  -107.5                  -4.53598e-24
3930:   0b1.0.001.010011.0     1     0       1    -108    -108                  -3.53263e-24
3931:   0b1.0.001.010010.1     1     0       1    -109  -108.5                  -2.75121e-24
3932:   0b1.0.001.010010.0     1     0       1    -109    -109                  -2.14265e-24
3933:   0b1.0.001.010001.1     1     0       1    -110  -109.5                   -1.6687e-24
3934:   0b1.0.001.010001.0     1     0       1    -110    -110                  -1.29958e-24
3935:   0b1.0.001.010000.1     1     0       1    -111  -110.5                  -1.01212e-24
3936:   0b1.0.001.010000.0     1     0       1    -111    -111                  -7.88236e-25
3937:   0b1.0.001.001111.1     1     0       1    -112  -111.5                  -6.13879e-25
3938:   0b1.0.001.001111.0     1     0       1    -112    -112                  -4.78089e-25
3939:   0b1.0.001.001110.1     1     0       1    -113  -112.5                  -3.72336e-25
3940:   0b1.0.001.001110.0     1     0       1    -113    -113                  -2.89976e-25
3941:   0b1.0.001.001101.1     1     0       1    -114  -113.5                  -2.25833e-25
3942:   0b1.0.001.001101.0     1     0       1    -114    -114                  -1.75879e-25
3943:   0b1.0.001.001100.1     1     0       1    -115  -114.5                  -1.36975e-25
3944:   0b1.0.001.001100.0     1     0       1    -115    -115                  -1.06676e-25
3945:   0b1.0.001.001011.1     1     0       1    -116  -115.5                  -8.30795e-26
3946:   0b1.0.001.001011.0     1     0       1    -116    -116                  -6.47023e-26
3947:   0b1.0.001.001010.1     1     0       1    -117  -116.5                  -5.03902e-26
3948:   0b1.0.001.001010.0     1     0       1    -117    -117                   -3.9244e-26
3949:   0b1.0.001.001001.1     1     0       1    -118  -117.5                  -3.05632e-26
3950:   0b1.0.001.001001.0     1     0       1    -118    -118                  -2.38027e-26
3951:   0b1.0.001.001000.1     1     0       1    -119  -118.5                  -1.85375e-26
3952:   0b1.0.001.001000.0     1     0       1    -119    -119                   -1.4437e-26
3953:   0b1.0.001.000111.1     1     0       1    -120  -119.5                  -1.12436e-26
3954:   0b1.0.001.000111.0     1     0       1    -120    -120                  -8.75651e-27
3955:   0b1.0.001.000110.1     1     0       1    -121  -120.5                  -6.81958e-27
3956:   0b1.0.001.000110.0     1     0       1    -121    -121                  -5.31109e-27
3957:   0b1.0.001.000101.1     1     0       1    -122  -121.5                  -4.13628e-27
3958:   0b1.0.001.000101.0     1     0       1    -122    -122                  -3.22134e-27
3959:   0b1.0.001.000100.1     1     0       1    -123  -122.5                  -2.50878e-27
3960:   0b1.0.001.000100.0     1     0       1    -123    -123                  -1.95384e-27
3961:   0b1.0.001.000011.1     1     0       1    -124  -123.5                  -1.52165e-27
3962:   0b1.0.001.000011.0     1     0       1    -124    -124                  -1.18506e-27
3963:   0b1.0.001.000010.1     1     0       1    -125  -124.5                  -9.22929e-28
3964:   0b1.0.001.000010.0     1     0       1    -125    -125                  -7.18778e-28
3965:   0b1.0.001.000001.1     1     0       1    -126  -125.5                  -5.59785e-28
3966:   0b1.0.001.000001.0     1     0       1    -126    -126                  -4.35961e-28
3967:   0b1.0.001.000000.1     1     0       1    -127  -126.5                  -3.39527e-28
3968:   0b1.0.001.000000.0     1     0       1    -127    -127                  -2.64424e-28
3969:   0b1.0.000.1111111.     1     0       0    -128    -128                  -1.60381e-28
3970:   0b1.0.000.1111110.     1     0       0    -129    -129                   -9.7276e-29
3971:   0b1.0.000.1111101.     1     0       0    -130    -130                  -5.90009e-29
3972:   0b1.0.000.1111100.     1     0       0    -131    -131                  -3.57859e-29
3973:   0b1.0.000.1111011.     1     0       0    -132    -132                  -2.17052e-29
3974:   0b1.0.000.1111010.     1     0       0    -133    -133                  -1.31649e-29
3975:   0b1.0.000.1111001.     1     0       0    -134    -134                   -7.9849e-30
3976:   0b1.0.000.1111000.     1     0       0    -135    -135                  -4.84309e-30
3977:   0b1.0.000.1110111.     1     0       0    -136    -136                  -2.93748e-30
3978:   0b1.0.000.1110110.     1     0       0    -137    -137                  -1.78167e-30
3979:   0b1.0.000.1110101.     1     0       0    -138    -138                  -1.08064e-30
3980:   0b1.0.000.1110100.     1     0       0    -139    -139                  -6.55441e-31
3981:   0b1.0.000.1110011.     1     0       0    -140    -140                  -3.97545e-31
3982:   0b1.0.000.1110010.     1     0       0    -141    -141                  -2.41123e-31
3983:   0b1.0.000.1110001.     1     0       0    -142    -142                  -1.46249e-31
3984:   0b1.0.000.1110000.     1     0       0    -143    -143                  -8.87043e-32
3985:   0b1.0.000.1101111.     1     0       0    -144    -144                  -5.38019e-32
3986:   0b1.0.000.1101110.     1     0       0    -145    -145                  -3.26325e-32
3987:   0b1.0.000.1101101.     1     0       0    -146    -146                  -1.97926e-32
3988:   0b1.0.000.1101100.     1     0       0    -147    -147                  -1.20048e-32
3989:   0b1.0.000.1101011.     1     0       0    -148    -148                  -7.28129e-33
3990:   0b1.0.000.1101010.     1     0       0    -149    -149                  -4.41633e-33
3991:   0b1.0.000.1101001.     1     0       0    -150    -150                  -2.67864e-33
3992:   0b1.0.000.1101000.     1     0       0    -151    -151                  -1.62468e-33
3993:   0b1.0.000.1100111.     1     0       0    -152    -152                  -9.85415e-34
3994:   0b1.0.000.1100110.     1     0       0    -153    -153                  -5.97685e-34
3995:   0b1.0.000.1100101.     1     0       0    -154    -154                  -3.62514e-34
3996:   0b1.0.000.1100100.     1     0       0    -155    -155                  -2.19876e-34
3997:   0b1.0.000.1100011.     1     0       0    -156    -156                  -1.33361e-34
3998:   0b1.0.000.1100010.     1     0       0    -157    -157                  -8.08878e-35
3999:   0b1.0.000.1100001.     1     0       0    -158    -158                  -4.90609e-35
4000:   0b1.0.000.1100000.     1     0       0    -159    -159                   -2.9757e-35
4001:   0b1.0.000.1011111.     1     0       0    -160    -160                  -1.80485e-35
4002:   0b1.0.000.1011110.     1     0       0    -161    -161                   -1.0947e-35
4003:   0b1.0.000.1011101.     1     0       0    -162    -162                  -6.63968e-36
4004:   0b1.0.000.1011100.     1     0       0    -163    -163                  -4.02717e-36
4005:   0b1.0.000.1011011.     1     0       0    -164    -164                   -2.4426e-36
4006:   0b1.0.000.1011010.     1     0       0    -165    -165                  -1.48151e-36
4007:   0b1.0.000.1011001.     1     0       0    -166    -166                  -8.98583e-37
4008:   0b1.0.000.1011000.     1     0       0    -167    -167                  -5.45018e-37
4009:   0b1.0.000.1010111.     1     0       0    -168    -168                   -3.3057e-37
4010:   0b1.0.000.1010110.     1     0       0    -169    -169                  -2.00501e-37
4011:   0b1.0.000.1010101.     1     0       0    -170    -170                   -1.2161e-37
4012:   0b1.0.000.1010100.     1     0       0    -171    -171                  -7.37602e-38
4013:   0b1.0.000.1010011.     1     0       0    -172    -172                  -4.47378e-38
4014:   0b1.0.000.1010010.     1     0       0    -173    -173                  -2.71348e-38
4015:   0b1.0.000.1010001.     1     0       0    -174    -174                  -1.64581e-38
4016:   0b1.0.000.1010000.     1     0       0    -175    -175                  -9.98235e-39
4017:   0b1.0.000.1001111.     1     0       0    -176    -176                   -6.0546e-39
4018:   0b1.0.000.1001110.     1     0       0    -177    -177                   -3.6723e-39
4019:   0b1.0.000.1001101.     1     0       0    -178    -178                  -2.22736e-39
4020:   0b1.0.000.1001100.     1     0       0    -179    -179                  -1.35096e-39
4021:   0b1.0.000.1001011.     1     0       0    -180    -180                  -8.19401e-40
4022:   0b1.0.000.1001010.     1     0       0    -181    -181                  -4.96992e-40
4023:   0b1.0.000.1001001.     1     0       0    -182    -182                  -3.01441e-40
4024:   0b1.0.000.1001000.     1     0       0    -183    -183                  -1.82833e-40
4025:   0b1.0.000.1000111.     1     0       0    -184    -184                  -1.10894e-40
4026:   0b1.0.000.1000110.     1     0       0    -185    -185                  -6.72606e-41
4027:   0b1.0.000.1000101.     1     0       0    -186    -186                  -4.07956e-41
4028:   0b1.0.000.1000100.     1     0       0    -187    -187                  -2.47438e-41
4029:   0b1.0.000.1000011.     1     0       0    -188    -188                  -1.50079e-41
4030:   0b1.0.000.1000010.     1     0       0    -189    -189                  -9.10273e-42
4031:   0b1.0.000.1000001.     1     0       0    -190    -190                  -5.52108e-42
4032:   0b1.0.000.1000000.     1     0       0    -191    -191                  -3.34871e-42
4033:   0b1.0.000.0111111.     1     0       0    -192    -192                  -2.03109e-42
4034:   0b1.0.000.0111110.     1     0       0    -193    -193                  -1.23192e-42
4035:   0b1.0.000.0111101.     1     0       0    -194    -194                  -7.47197e-43
4036:   0b1.0.000.0111100.     1     0       0    -195    -195                  -4.53198e-43
4037:   0b1.0.000.0111011.     1     0       0    -196    -196                  -2.74879e-43
4038:   0b1.0.000.0111010.     1     0       0    -197    -197                  -1.66722e-43
4039:   0b1.0.000.0111001.     1     0       0    -198    -198                  -1.01122e-43
4040:   0b1.0.000.0111000.     1     0       0    -199    -199                  -6.13337e-44
4041:   0b1.0.000.0110111.     1     0       0    -200    -200                  -3.72008e-44
4042:   0b1.0.000.0110110.     1     0       0    -201    -201                  -2.25634e-44
4043:   0b1.0.000.0110101.     1     0       0    -202    -202                  -1.36854e-44
4044:   0b1.0.000.0110100.     1     0       0    -203    -203                  -8.30061e-45
4045:   0b1.0.000.0110011.     1     0       0    -204    -204                  -5.03458e-45
4046:   0b1.0.000.0110010.     1     0       0    -205    -205                  -3.05362e-45
4047:   0b1.0.000.0110001.     1     0       0    -206    -206                  -1.85212e-45
4048:   0b1.0.000.0110000.     1     0       0    -207    -207                  -1.12337e-45
4049:   0b1.0.000.0101111.     1     0       0    -208    -208                  -6.81356e-46
4050:   0b1.0.000.0101110.     1     0       0    -209    -209                  -4.13263e-46
4051:   0b1.0.000.0101101.     1     0       0    -210    -210                  -2.50657e-46
4052:   0b1.0.000.0101100.     1     0       0    -211    -211                  -1.52031e-46
4053:   0b1.0.000.0101011.     1     0       0    -212    -212                  -9.22115e-47
4054:   0b1.0.000.0101010.     1     0       0    -213    -213                  -5.59291e-47
4055:   0b1.0.000.0101001.     1     0       0    -214    -214                  -3.39227e-47
4056:   0b1.0.000.0101000.     1     0       0    -215    -215                  -2.05752e-47
4057:   0b1.0.000.0100111.     1     0       0    -216    -216                  -1.24795e-47
4058:   0b1.0.000.0100110.     1     0       0    -217    -217                  -7.56918e-48
4059:   0b1.0.000.0100101.     1     0       0    -218    -218                  -4.59094e-48
4060:   0b1.0.000.0100100.     1     0       0    -219    -219                  -2.78454e-48
4061:   0b1.0.000.0100011.     1     0       0    -220    -220                  -1.68891e-48
4062:   0b1.0.000.0100010.     1     0       0    -221    -221                  -1.02438e-48
4063:   0b1.0.000.0100001.     1     0       0    -222    -222                  -6.21316e-49
4064:   0b1.0.000.0100000.     1     0       0    -223    -223                  -3.76847e-49
4065:   0b1.0.000.0011111.     1     0       0    -224    -224                  -2.28569e-49
4066:   0b1.0.000.0011110.     1     0       0    -225    -225                  -1.38634e-49
4067:   0b1.0.000.0011101.     1     0       0    -226    -226                   -8.4086e-50
4068:   0b1.0.000.0011100.     1     0       0    -227    -227                  -5.10007e-50
4069:   0b1.0.000.0011011.     1     0       0    -228    -228                  -3.09335e-50
4070:   0b1.0.000.0011010.     1     0       0    -229    -229                  -1.87621e-50
4071:   0b1.0.000.0011001.     1     0       0    -230    -230                  -1.13798e-50
4072:   0b1.0.000.0011000.     1     0       0    -231    -231                   -6.9022e-51
4073:   0b1.0.000.0010111.     1     0       0    -232    -232                  -4.18639e-51
4074:   0b1.0.000.0010110.     1     0       0    -233    -233                  -2.53918e-51
4075:   0b1.0.000.0010101.     1     0       0    -234    -234                  -1.54009e-51
4076:   0b1.0.000.0010100.     1     0       0    -235    -235                  -9.34111e-52
4077:   0b1.0.000.0010011.     1     0       0    -236    -236                  -5.66567e-52
4078:   0b1.0.000.0010010.     1     0       0    -237    -237                   -3.4364e-52
4079:   0b1.0.000.0010001.     1     0       0    -238    -238                  -2.08428e-52
4080:   0b1.0.000.0010000.     1     0       0    -239    -239                  -1.26418e-52
4081:   0b1.0.000.0001111.     1     0       0    -240    -240                  -7.66765e-53
4082:   0b1.0.000.0001110.     1     0       0    -241    -241                  -4.65066e-53
4083:   0b1.0.000.0001101.     1     0       0    -242    -242                  -2.82077e-53
4084:   0b1.0.000.0001100.     1     0       0    -243    -243                  -1.71088e-53
4085:   0b1.0.000.0001011.     1     0       0    -244    -244                   -1.0377e-53
4086:   0b1.0.000.0001010.     1     0       0    -245    -245                  -6.29399e-54
4087:   0b1.0.000.0001001.     1     0       0    -246    -246                   -3.8175e-54
4088:   0b1.0.000.0001000.     1     0       0    -247    -247                  -2.31543e-54
4089:   0b1.0.000.0000111.     1     0       0    -248    -248                  -1.40438e-54
4090:   0b1.0.000.0000110.     1     0       0    -249    -249                  -8.51799e-55
4091:   0b1.0.000.0000101.     1     0       0    -250    -250                  -5.16642e-55
4092:   0b1.0.000.0000100.     1     0       0    -251    -251                  -3.13359e-55
4093:   0b1.0.000.0000011.     1     0       0    -252    -252                  -1.90062e-55
4094:   0b1.0.000.0000010.     1     0       0    -253    -253                  -1.15278e-55
4095:   0b1.0.000.0000001.     1     0       0    -254    -254                  -6.99199e-56
Generate Value table for a takum_log<8,2> in TXT format
   #           Binary  sign   dir  regime    char       l                         value
   0:   0b0.0.00.000.0     0     0       0       0       0                             0
   1:   0b0.0.00.000.1     0     0       0     -15   -14.5                   0.000710174
   2:   0b0.0.00.001.0     0     0       0     -14     -14                   0.000911882
   3:   0b0.0.00.001.1     0     0       0     -14   -13.5                    0.00117088
   4:   0b0.0.00.010.0     0     0       0     -13     -13                    0.00150344
   5:   0b0.0.00.010.1     0     0       0     -13   -12.5                    0.00193045
   6:   0b0.0.00.011.0     0     0       0     -12     -12                    0.00247875
   7:   0b0.0.00.011.1     0     0       0     -12   -11.5                    0.00318278
   8:   0b0.0.00.100.0     0     0       0     -11     -11                    0.00408677
   9:   0b0.0.00.100.1     0     0       0     -11   -10.5                    0.00524752
  10:   0b0.0.00.101.0     0     0       0     -10     -10                    0.00673795
  11:   0b0.0.00.101.1     0     0       0     -10    -9.5                     0.0086517
  12:   0b0.0.00.110.0     0     0       0      -9      -9                      0.011109
  13:   0b0.0.00.110.1     0     0       0      -9    -8.5                     0.0142642
  14:   0b0.0.00.111.0     0     0       0      -8      -8                     0.0183156
  15:   0b0.0.00.111.1     0     0       0      -8    -7.5                     0.0235177
  16:   0b0.0.01.00.00     0     0       1      -7      -7                     0.0301974
  17:   0b0.0.01.00.01     0     0       1      -7   -6.75                     0.0342181
  18:   0b0.0.01.00.10     0     0       1      -7    -6.5                     0.0387742
  19:   0b0.0.01.00.11     0     0       1      -7   -6.25                     0.0439369
  20:   0b0.0.01.01.00     0     0       1      -6      -6                     0.0497871
  21:   0b0.0.01.01.01     0     0       1      -6   -5.75                     0.0564161
  22:   0b0.0.01.01.10     0     0       1      -6    -5.5                     0.0639279
  23:   0b0.0.01.01.11     0     0       1      -6   -5.25                     0.0724398
  24:   0b0.0.01.10.00     0     0       1      -5      -5                      0.082085
  25:   0b0.0.01.10.01     0     0       1      -5   -4.75                     0.0930145
  26:   0b0.0.01.10.10     0     0       1      -5    -4.5                      0.105399
  27:   0b0.0.01.10.11     0     0       1      -5   -4.25                      0.119433
  28:   0b0.0.01.11.00     0     0       1      -4      -4                      0.135335
  29:   0b0.0.01.11.01     0     0       1      -4   -3.75                      0.153355
  30:   0b0.0.01.11.10     0     0       1      -4    -3.5                      0.173774
  31:   0b0.0.01.11.11     0     0       1      -4   -3.25                      0.196912
  32:   0b0.0.10.0.000     0     0       2      -3      -3                       0.22313
  33:   0b0.0.10.0.001     0     0       2      -3  -2.875                      0.237521
  34:   0b0.0.10.0.010     0     0       2      -3   -2.75                       0.25284
  35:   0b0.0.10.0.011     0     0       2      -3  -2.625                      0.269146
  36:   0b0.0.10.0.100     0     0       2      -3    -2.5                      0.286505
  37:   0b0.0.10.0.101     0     0       2      -3  -2.375                      0.304983
  38:   0b0.0.10.0.110     0     0       2      -3   -2.25                      0.324652
  39:   0b0.0.10.0.111     0     0       2      -3  -2.125                      0.345591
  40:   0b0.0.10.1.000     0     0       2      -2      -2                      0.367879
  41:   0b0.0.10.1.001     0     0       2      -2  -1.875                      0.391606
  42:   0b0.0.10.1.010     0     0       2      -2   -1.75                      0.416862
  43:   0b0.0.10.1.011     0     0       2      -2  -1.625                      0.443747
  44:   0b0.0.10.1.100     0     0       2      -2    -1.5                      0.472367
  45:   0b0.0.10.1.101     0     0       2      -2  -1.375                      0.502832
  46:   0b0.0.10.1.110     0     0       2      -2   -1.25                      0.535261
  47:   0b0.0.10.1.111     0     0       2      -2  -1.125                      0.569783
  48:   0b0.0.11..0000     0     0       3      -1      -1                      0.606531
  49:   0b0.0.11..0001     0     0       3      -1 -0.9375                      0.625784
  50:   0b0.0.11..0010     0     0       3      -1  -0.875                      0.645649
  51:   0b0.0.11..0011     0     0       3      -1 -0.8125                      0.666144
  52:   0b0.0.11..0100     0     0       3      -1   -0.75                      0.687289
  53:   0b0.0.11..0101     0     0       3      -1 -0.6875                      0.709106
  54:   0b0.0.11..0110     0     0       3      -1  -0.625                      0.731616
  55:   0b0.0.11..0111     0     0       3      -1 -0.5625                       0.75484
  56:   0b0.0.11..1000     0     0       3      -1    -0.5                      0.778801
  57:   0b0.0.11..1001     0     0       3      -1 -0.4375                      0.803523
  58:   0b0.0.11..1010     0     0       3      -1  -0.375                      0.829029
  59:   0b0.0.11..1011     0     0       3      -1 -0.3125                      0.855345
  60:   0b0.0.11..1100     0     0       3      -1   -0.25                      0.882497
  61:   0b0.0.11..1101     0     0       3      -1 -0.1875                       0.91051
  62:   0b0.0.11..1110     0     0       3      -1  -0.125                      0.939413
  63:   0b0.0.11..1111     0     0       3      -1 -0.0625                      0.969233
  64:   0b0.1.00..0000     0     1       0       0       0                             1
  65:   0b0.1.00..0001     0     1       0       0  0.0625                       1.03174
  66:   0b0.1.00..0010     0     1       0       0   0.125                       1.06449
  67:   0b0.1.00..0011     0     1       0       0  0.1875                       1.09829
  68:   0b0.1.00..0100     0     1       0       0    0.25                       1.13315
  69:   0b0.1.00..0101     0     1       0       0  0.3125                       1.16912
  70:   0b0.1.00..0110     0     1       0       0   0.375                       1.20623
  71:   0b0.1.00..0111     0     1       0       0  0.4375                       1.24452
  72:   0b0.1.00..1000     0     1       0       0     0.5                       1.28403
  73:   0b0.1.00..1001     0     1       0       0  0.5625                       1.32478
  74:   0b0.1.00..1010     0     1       0       0   0.625                       1.36684
  75:   0b0.1.00..1011     0     1       0       0  0.6875                       1.41023
  76:   0b0.1.00..1100     0     1       0       0    0.75                       1.45499
  77:   0b0.1.00..1101     0     1       0       0  0.8125                       1.50118
  78:   0b0.1.00..1110     0     1       0       0   0.875                       1.54883
  79:   0b0.1.00..1111     0     1       0       0  0.9375                         1.598
  80:   0b0.1.01.0.000     0     1       1       1       1                       1.64872
  81:   0b0.1.01.0.001     0     1       1       1   1.125                       1.75505
  82:   0b0.1.01.0.010     0     1       1       1    1.25                       1.86825
  83:   0b0.1.01.0.011     0     1       1       1   1.375                       1.98874
  84:   0b0.1.01.0.100     0     1       1       1     1.5                         2.117
  85:   0b0.1.01.0.101     0     1       1       1   1.625                       2.25353
  86:   0b0.1.01.0.110     0     1       1       1    1.75                       2.39888
  87:   0b0.1.01.0.111     0     1       1       1   1.875                       2.55359
  88:   0b0.1.01.1.000     0     1       1       2       2                       2.71828
  89:   0b0.1.01.1.001     0     1       1       2   2.125                        2.8936
  90:   0b0.1.01.1.010     0     1       1       2    2.25                       3.08022
  91:   0b0.1.01.1.011     0     1       1       2   2.375                       3.27887
  92:   0b0.1.01.1.100     0     1       1       2     2.5                       3.49034
  93:   0b0.1.01.1.101     0     1       1       2   2.625                       3.71545
  94:   0b0.1.01.1.110     0     1       1       2    2.75                       3.95508
  95:   0b0.1.01.1.111     0     1       1       2   2.875                       4.21016
  96:   0b0.1.10.00.00     0     1       2       3       3                       4.48169
  97:   0b0.1.10.00.01     0     1       2       3    3.25                       5.07842
  98:   0b0.1.10.00.10     0     1       2       3     3.5                        5.7546
  99:   0b0.1.10.00.11     0     1       2       3    3.75                       6.52082
 100:   0b0.1.10.01.00     0     1       2       4       4                       7.38906
 101:   0b0.1.10.01.01     0     1       2       4    4.25                        8.3729
 102:   0b0.1.10.01.10     0     1       2       4     4.5                       9.48774
 103:   0b0.1.10.01.11     0     1       2       4    4.75                        10.751
 104:   0b0.1.10.10.00     0     1       2       5       5                       12.1825
 105:   0b0.1.10.10.01     0     1       2       5    5.25                       13.8046
 106:   0b0.1.10.10.10     0     1       2       5     5.5                       15.6426
 107:   0b0.1.10.10.11     0     1       2       5    5.75                       17.7254
 108:   0b0.1.10.11.00     0     1       2       6       6                       20.0855
 109:   0b0.1.10.11.01     0     1       2       6    6.25                       22.7599
 110:   0b0.1.10.11.10     0     1       2       6     6.5                       25.7903
 111:   0b0.1.10.11.11     0     1       2       6    6.75                       29.2243
 112:   0b0.1.11.000.0     0     1       3       7       7                       33.1155
 113:   0b0.1.11.000.1     0     1       3       7     7.5                       42.5211
 114:   0b0.1.11.001.0     0     1       3       8       8                       54.5982
 115:   0b0.1.11.001.1     0     1       3       8     8.5                       70.1054
 116:   0b0.1.11.010.0     0     1       3       9       9                       90.0171
 117:   0b0.1.11.010.1     0     1       3       9     9.5                       115.584
 118:   0b0.1.11.011.0     0     1       3      10      10                       148.413
 119:   0b0.1.11.011.1     0     1       3      10    10.5                       190.566
 120:   0b0.1.11.100.0     0     1       3      11      11                       244.692
 121:   0b0.1.11.100.1     0     1       3      11    11.5                       314.191
 122:   0b0.1.11.101.0     0     1       3      12      12                       403.429
 123:   0b0.1.11.101.1     0     1       3      12    12.5                       518.013
 124:   0b0.1.11.110.0     0     1       3      13      13                       665.142
 125:   0b0.1.11.110.1     0     1       3      13    13.5                       854.059
 126:   0b0.1.11.111.0     0     1       3      14      14                       1096.63
 127:   0b0.1.11.111.1     0     1       3      14    14.5                        1408.1
 128:   0b1.0.00.000.0     1                                                         NaR
 129:   0b1.1.11.111.1     1     1       3      14    14.5                       -1408.1
 130:   0b1.1.11.111.0     1     1       3      14      14                      -1096.63
 131:   0b1.1.11.110.1     1     1       3      13    13.5                      -854.059
 132:   0b1.1.11.110.0     1     1       3      13      13                      -665.142
 133:   0b1.1.11.101.1     1     1       3      12    12.5                      -518.013
 134:   0b1.1.11.101.0     1     1       3      12      12                      -403.429
 135:   0b1.1.11.100.1     1     1       3      11    11.5                      -314.191
 136:   0b1.1.11.100.0     1     1       3      11      11                      -244.692
 137:   0b1.1.11.011.1     1     1       3      10    10.5                      -190.566
 138:   0b1.1.11.011.0     1     1       3      10      10                      -148.413
 139:   0b1.1.11.010.1     1     1       3       9     9.5                      -115.584
 140:   0b1.1.11.010.0     1     1       3       9       9                      -90.0171
 141:   0b1.1.11.001.1     1     1       3       8     8.5                      -70.1054
 142:   0b1.1.11.001.0     1     1       3       8       8                      -54.5982
 143:   0b1.1.11.000.1     1     1       3       7     7.5                      -42.5211
 144:   0b1.1.11.000.0     1     1       3       7       7                      -33.1155
 145:   0b1.1.10.11.11     1     1       2       6    6.75                      -29.2243
 146:   0b1.1.10.11.10     1     1       2       6     6.5                      -25.7903
 147:   0b1.1.10.11.01     1     1       2       6    6.25                      -22.7599
 148:   0b1.1.10.11.00     1     1       2       6       6                      -20.0855
 149:   0b1.1.10.10.11     1     1       2       5    5.75                      -17.7254
 150:   0b1.1.10.10.10     1     1       2       5     5.5                      -15.6426
 151:   0b1.1.10.10.01     1     1       2       5    5.25                      -13.8046
 152:   0b1.1.10.10.00     1     1       2       5       5                      -12.1825
 153:   0b1.1.10.01.11     1     1       2       4    4.75                       -10.751
 154:   0b1.1.10.01.10     1     1       2       4     4.5                      -9.48774
 155:   0b1.1.10.01.01     1     1       2       4    4.25                       -8.3729
 156:   0b1.1.10.01.00     1     1       2       4       4                      -7.38906
 157:   0b1.1.10.00.11     1     1       2       3    3.75                      -6.52082
 158:   0b1.1.10.00.10     1     1       2       3     3.5                       -5.7546
 159:   0b1.1.10.00.01     1     1       2       3    3.25                      -5.07842
 160:   0b1.1.10.00.00     1     1       2       3       3                      -4.48169
 161:   0b1.1.01.1.111     1     1       1       2   2.875                      -4.21016
 162:   0b1.1.01.1.110     1     1       1       2    2.75                      -3.95508
 163:   0b1.1.01.1.101     1     1       1       2   2.625                      -3.71545
 164:   0b1.1.01.1.100     1     1       1       2     2.5                      -3.49034
 165:   0b1.1.01.1.011     1     1       1       2   2.375                      -3.27887
 166:   0b1.1.01.1.010     1     1       1       2    2.25                      -3.08022
 167:   0b1.1.01.1.001     1     1       1       2   2.125                       -2.8936
 168:   0b1.1.01.1.000     1     1       1       2       2                      -2.71828
 169:   0b1.1.01.0.111     1     1       1       1   1.875                      -2.55359
 170:   0b1.1.01.0.110     1     1       1       1    1.75                      -2.39888
 171:   0b1.1.01.0.101     1     1       1       1   1.625                      -2.25353
 172:   0b1.1.01.0.100     1     1       1       1     1.5                        -2.117
 173:   0b1.1.01.0.011     1     1       1       1   1.375                      -1.98874
 174:   0b1.1.01.0.010     1     1       1       1    1.25                      -1.86825
 175:   0b1.1.01.0.001     1     1       1       1   1.125                      -1.75505
 176:   0b1.1.01.0.000     1     1       1       1       1                      -1.64872
 177:   0b1.1.00..1111     1     1       0       0  0.9375                        -1.598
 178:   0b1.1.00..1110     1     1       0       0   0.875                      -1.54883
 179:   0b1.1.00..1101     1     1       0       0  0.8125                      -1.50118
 180:   0b1.1.00..1100     1     1       0       0    0.75                      -1.45499
 181:   0b1.1.00..1011     1     1       0       0  0.6875                      -1.41023
 182:   0b1.1.00..1010     1     1       0       0   0.625                      -1.36684
 183:   0b1.1.00..1001     1     1       0       0  0.5625                      -1.32478
 184:   0b1.1.00..1000     1     1       0       0     0.5                      -1.28403
 185:   0b1.1.00..0111     1     1       0       0  0.4375                      -1.24452
 186:   0b1.1.00..0110     1     1       0       0   0.375                      -1.20623
 187:   0b1.1.00..0101     1     1       0       0  0.3125                      -1.16912
 188:   0b1.1.00..0100     1     1       0       0    0.25                      -1.13315
 189:   0b1.1.00..0011     1     1       0       0  0.1875                      -1.09829
 190:   0b1.1.00..0010     1     1       0       0   0.125                      -1.06449
 191:   0b1.1.00..0001     1     1       0       0  0.0625                      -1.03174
 192:   0b1.1.00..0000     1     1       0       0       0                            -1
 193:   0b1.0.11..1111     1     0       3      -1 -0.0625                     -0.969233
 194:   0b1.0.11..1110     1     0       3      -1  -0.125                     -0.939413
 195:   0b1.0.11..1101     1     0       3      -1 -0.1875                      -0.91051
 196:   0b1.0.11..1100     1     0       3      -1   -0.25                     -0.882497
 197:   0b1.0.11..1011     1     0       3      -1 -0.3125                     -0.855345
 198:   0b1.0.11..1010     1     0       3      -1  -0.375                     -0.829029
 199:   0b1.0.11..1001     1     0       3      -1 -0.4375                     -0.803523
 200:   0b1.0.11..1000     1     0       3      -1    -0.5                     -0.778801
 201:   0b1.0.11..0111     1     0       3      -1 -0.5625                      -0.75484
 202:   0b1.0.11..0110     1     0       3      -1  -0.625                     -0.731616
 203:   0b1.0.11..0101     1     0       3      -1 -0.6875                     -0.709106
 204:   0b1.0.11..0100     1     0       3      -1   -0.75                     -0.687289
 205:   0b1.0.11..0011     1     0       3      -1 -0.8125                     -0.666144
 206:   0b1.0.11..0010     1     0       3      -1  -0.875                     -0.645649
 207:   0b1.0.11..0001     1     0       3      -1 -0.9375                     -0.625784
 208:   0b1.0.11..0000     1     0       3      -1      -1                     -0.606531
 209:   0b1.0.10.1.111     1     0       2      -2  -1.125                     -0.569783
 210:   0b1.0.10.1.110     1     0       2      -2   -1.25                     -0.535261
 211:   0b1.0.10.1.101     1     0       2      -2  -1.375                     -0.502832
 212:   0b1.0.10.1.100     1     0       2      -2    -1.5                     -0.472367
 213:   0b1.0.10.1.011     1     0       2      -2  -1.625                     -0.443747
 214:   0b1.0.10.1.010     1     0       2      -2   -1.75                     -0.416862
 215:   0b1.0.10.1.001     1     0       2      -2  -1.875                     -0.391606
 216:   0b1.0.10.1.000     1     0       2      -2      -2                     -0.367879
 217:   0b1.0.10.0.111     1     0       2      -3  -2.125                     -0.345591
 218:   0b1.0.10.0.110     1     0       2      -3   -2.25                     -0.324652
 219:   0b1.0.10.0.101     1     0       2      -3  -2.375                     -0.304983
 220:   0b1.0.10.0.100     1     0       2      -3    -2.5                     -0.286505
 221:   0b1.0.10.0.011     1     0       2      -3  -2.625                     -0.269146
 222:   0b1.0.10.0.010     1     0       2      -3   -2.75                      -0.25284
 223:   0b1.0.10.0.001     1     0       2      -3  -2.875                     -0.237521
 224:   0b1.0.10.0.000     1     0       2      -3      -3                      -0.22313
 225:   0b1.0.01.11.11     1     0       1      -4   -3.25                     -0.196912
 226:   0b1.0.01.11.10     1     0       1      -4    -3.5                     -0.173774
 227:   0b1.0.01.11.01     1     0       1      -4   -3.75                     -0.153355
 228:   0b1.0.01.11.00     1     0       1      -4      -4                     -0.135335
 229:   0b1.0.01.10.11     1     0       1      -5   -4.25                     -0.119433
 230:   0b1.0.01.10.10     1     0       1      -5    -4.5                     -0.105399
 231:   0b1.0.01.10.01     1     0       1      -5   -4.75                    -0.0930145
 232:   0b1.0.01.10.00     1     0       1      -5      -5                     -0.082085
 233:   0b1.0.01.01.11     1     0       1      -6   -5.25                    -0.0724398
 234:   0b1.0.01.01.10     1     0       1      -6    -5.5                    -0.0639279
 235:   0b1.0.01.01.01     1     0       1      -6   -5.75                    -0.0564161
 236:   0b1.0.01.01.00     1     0       1      -6      -6                    -0.0497871
 237:   0b1.0.01.00.11     1     0       1      -7   -6.25                    -0.0439369
 238:   0b1.0.01.00.10     1     0       1      -7    -6.5                    -0.0387742
 239:   0b1.0.01.00.01     1     0       1      -7   -6.75                    -0.0342181
 240:   0b1.0.01.00.00     1     0       1      -7      -7                    -0.0301974
 241:   0b1.0.00.111.1     1     0       0      -8    -7.5                    -0.0235177
 242:   0b1.0.00.111.0     1     0       0      -8      -8                    -0.0183156
 243:   0b1.0.00.110.1     1     0       0      -9    -8.5                    -0.0142642
 244:   0b1.0.00.110.0     1     0       0      -9      -9                     -0.011109
 245:   0b1.0.00.101.1     1     0       0     -10    -9.5                    -0.0086517
 246:   0b1.0.00.101.0     1     0       0     -10     -10                   -0.00673795
 247:   0b1.0.00.100.1     1     0       0     -11   -10.5                   -0.00524752
 248:   0b1.0.00.100.0     1     0       0     -11     -11                   -0.00408677
 249:   0b1.0.00.011.1     1     0       0     -12   -11.5                   -0.00318278
 250:   0b1.0.00.011.0     1     0       0     -12     -12                   -0.00247875
 251:   0b1.0.00.010.1     1     0       0     -13   -12.5                   -0.00193045
 252:   0b1.0.00.010.0     1     0       0     -13     -13                   -0.00150344
 253:   0b1.0.00.001.1     1     0       0     -14   -13.5                   -0.00117088
 254:   0b1.0.00.001.0     1     0       0     -14     -14                  -0.000911882
 255:   0b1.0.00.000.1     1     0       0     -15   -14.5                  -0.000710174
Generate Value table for a takum_log<8,4> in TXT format
   #           Binary  sign   dir  regime    char       l                         value
   0:   0b0.0.0000.00.     0     0       0       0       0                             0
   1:   0b0.0.0000.01.     0     0       0  -57343  -57343                             0
   2:   0b0.0.0000.10.     0     0       0  -49151  -49151                             0
   3:   0b0.0.0000.11.     0     0       0  -40959  -40959                             0
   4:   0b0.0.0001.00.     0     0       1  -32767  -32767                             0
   5:   0b0.0.0001.01.     0     0       1  -28671  -28671                             0
   6:   0b0.0.0001.10.     0     0       1  -24575  -24575                             0
   7:   0b0.0.0001.11.     0     0       1  -20479  -20479                             0
   8:   0b0.0.0010.00.     0     0       2  -16383  -16383                             0
   9:   0b0.0.0010.01.     0     0       2  -14335  -14335                             0
  10:   0b0.0.0010.10.     0     0       2  -12287  -12287                             0
  11:   0b0.0.0010.11.     0     0       2  -10239  -10239                             0
  12:   0b0.0.0011.00.     0     0       3   -8191   -8191                             0
  13:   0b0.0.0011.01.     0     0       3   -7167   -7167                             0
  14:   0b0.0.0011.10.     0     0       3   -6143   -6143                             0
  15:   0b0.0.0011.11.     0     0       3   -5119   -5119                             0
  16:   0b0.0.0100.00.     0     0       4   -4095   -4095                             0
  17:   0b0.0.0100.01.     0     0       4   -3583   -3583                             0
  18:   0b0.0.0100.10.     0     0       4   -3071   -3071                             0
  19:   0b0.0.0100.11.     0     0       4   -2559   -2559                             0
  20:   0b0.0.0101.00.     0     0       5   -2047   -2047                             0
  21:   0b0.0.0101.01.     0     0       5   -1791   -1791                             0
  22:   0b0.0.0101.10.     0     0       5   -1535   -1535                             0
  23:   0b0.0.0101.11.     0     0       5   -1279   -1279                  1.85643e-278
  24:   0b0.0.0110.00.     0     0       6   -1023   -1023                  7.21726e-223
  25:   0b0.0.0110.01.     0     0       6    -895    -895                  4.50007e-195
  26:   0b0.0.0110.10.     0     0       6    -767    -767                  2.80586e-167
  27:   0b0.0.0110.11.     0     0       6    -639    -639                   1.7495e-139
  28:   0b0.0.0111.00.     0     0       7    -511    -511                  1.09084e-111
  29:   0b0.0.0111.01.     0     0       7    -447    -447                   8.61357e-98
  30:   0b0.0.0111.10.     0     0       7    -383    -383                   6.80153e-84
  31:   0b0.0.0111.11.     0     0       7    -319    -319                   5.37069e-70
  32:   0b0.0.1000.00.     0     0       8    -255    -255                   4.24086e-56
  33:   0b0.0.1000.01.     0     0       8    -223    -223                   3.76847e-49
  34:   0b0.0.1000.10.     0     0       8    -191    -191                   3.34871e-42
  35:   0b0.0.1000.11.     0     0       8    -159    -159                    2.9757e-35
  36:   0b0.0.1001.00.     0     0       9    -127    -127                   2.64424e-28
  37:   0b0.0.1001.01.     0     0       9    -111    -111                   7.88236e-25
  38:   0b0.0.1001.10.     0     0       9     -95     -95                    2.3497e-21
  39:   0b0.0.1001.11.     0     0       9     -79     -79                   7.00435e-18
  40:   0b0.0.1010.00.     0     0      10     -63     -63                   2.08797e-14
  41:   0b0.0.1010.01.     0     0      10     -55     -55                   1.13999e-12
  42:   0b0.0.1010.10.     0     0      10     -47     -47                   6.22414e-11
  43:   0b0.0.1010.11.     0     0      10     -39     -39                   3.39827e-09
  44:   0b0.0.1011.00.     0     0      11     -31     -31                   1.85539e-07
  45:   0b0.0.1011.01.     0     0      11     -27     -27                   1.37096e-06
  46:   0b0.0.1011.10.     0     0      11     -23     -23                   1.01301e-05
  47:   0b0.0.1011.11.     0     0      11     -19     -19                   7.48518e-05
  48:   0b0.0.1100.00.     0     0      12     -15     -15                   0.000553084
  49:   0b0.0.1100.01.     0     0      12     -13     -13                    0.00150344
  50:   0b0.0.1100.10.     0     0      12     -11     -11                    0.00408677
  51:   0b0.0.1100.11.     0     0      12      -9      -9                      0.011109
  52:   0b0.0.1101.00.     0     0      13      -7      -7                     0.0301974
  53:   0b0.0.1101.01.     0     0      13      -6      -6                     0.0497871
  54:   0b0.0.1101.10.     0     0      13      -5      -5                      0.082085
  55:   0b0.0.1101.11.     0     0      13      -4      -4                      0.135335
  56:   0b0.0.1110.0.0     0     0      14      -3      -3                       0.22313
  57:   0b0.0.1110.0.1     0     0      14      -3    -2.5                      0.286505
  58:   0b0.0.1110.1.0     0     0      14      -2      -2                      0.367879
  59:   0b0.0.1110.1.1     0     0      14      -2    -1.5                      0.472367
  60:   0b0.0.1111..00     0     0      15      -1      -1                      0.606531
  61:   0b0.0.1111..01     0     0      15      -1   -0.75                      0.687289
  62:   0b0.0.1111..10     0     0      15      -1    -0.5                      0.778801
  63:   0b0.0.1111..11     0     0      15      -1   -0.25                      0.882497
  64:   0b0.1.0000..00     0     1       0       0       0                             1
  65:   0b0.1.0000..01     0     1       0       0    0.25                       1.13315
  66:   0b0.1.0000..10     0     1       0       0     0.5                       1.28403
  67:   0b0.1.0000..11     0     1       0       0    0.75                       1.45499
  68:   0b0.1.0001.0.0     0     1       1       1       1                       1.64872
  69:   0b0.1.0001.0.1     0     1       1       1     1.5                         2.117
  70:   0b0.1.0001.1.0     0     1       1       2       2                       2.71828
  71:   0b0.1.0001.1.1     0     1       1       2     2.5                       3.49034
  72:   0b0.1.0010.00.     0     1       2       3       3                       4.48169
  73:   0b0.1.0010.01.     0     1       2       4       4                       7.38906
  74:   0b0.1.0010.10.     0     1       2       5       5                       12.1825
  75:   0b0.1.0010.11.     0     1       2       6       6                       20.0855
  76:   0b0.1.0011.00.     0     1       3       7       7                       33.1155
  77:   0b0.1.0011.01.     0     1       3       9       9                       90.0171
  78:   0b0.1.0011.10.     0     1       3      11      11                       244.692
  79:   0b0.1.0011.11.     0     1       3      13      13                       665.142
  80:   0b0.1.0100.00.     0     1       4      15      15                       1808.04
  81:   0b0.1.0100.01.     0     1       4      19      19                       13359.7
  82:   0b0.1.0100.10.     0     1       4      23      23                       98715.8
  83:   0b0.1.0100.11.     0     1       4      27      27                        729416
  84:   0b0.1.0101.00.     0     1       5      31      31                    5.3897e+06
  85:   0b0.1.0101.01.     0     1       5      39      39                   2.94268e+08
  86:   0b0.1.0101.10.     0     1       5      47      47                   1.60665e+10
  87:   0b0.1.0101.11.     0     1       5      55      55                   8.77199e+11
  88:   0b0.1.0110.00.     0     1       6      63      63                   4.78935e+13
  89:   0b0.1.0110.01.     0     1       6      79      79                   1.42768e+17
  90:   0b0.1.0110.10.     0     1       6      95      95                   4.25587e+20
  91:   0b0.1.0110.11.     0     1       6     111     111                   1.26866e+24
  92:   0b0.1.0111.00.     0     1       7     127     127                   3.78181e+27
  93:   0b0.1.0111.01.     0     1       7     159     159                   3.36056e+34
  94:   0b0.1.0111.10.     0     1       7     191     191                   2.98623e+41
  95:   0b0.1.0111.11.     0     1       7     223     223                    2.6536e+48
  96:   0b0.1.1000.00.     0     1       8     255     255                   2.35801e+55
  97:   0b0.1.1000.01.     0     1       8     319     319                   1.86196e+69
  98:   0b0.1.1000.10.     0     1       8     383     383                   1.47026e+83
  99:   0b0.1.1000.11.     0     1       8     447     447                   1.16096e+97
 100:   0b0.1.1001.00.     0     1       9     511     511                  9.16727e+110
 101:   0b0.1.1001.01.     0     1       9     639     639                  5.71593e+138
 102:   0b0.1.1001.10.     0     1       9     767     767                  3.56397e+166
 103:   0b0.1.1001.11.     0     1       9     895     895                  2.22219e+194
 104:   0b0.1.1010.00.     0     1      10    1023    1023                  1.38557e+222
 105:   0b0.1.1010.01.     0     1      10    1279    1279                  5.38668e+277
 106:   0b0.1.1010.10.     0     1      10    1535    1535                           inf
 107:   0b0.1.1010.11.     0     1      10    1791    1791                           inf
 108:   0b0.1.1011.00.     0     1      11    2047    2047                           inf
 109:   0b0.1.1011.01.     0     1      11    2559    2559                           inf
 110:   0b0.1.1011.10.     0     1      11    3071    3071                           inf
 111:   0b0.1.1011.11.     0     1      11    3583    3583                           inf
 112:   0b0.1.1100.00.     0     1      12    4095    4095                           inf
 113:   0b0.1.1100.01.     0     1      12    5119    5119                           inf
 114:   0b0.1.1100.10.     0     1      12    6143    6143                           inf
 115:   0b0.1.1100.11.     0     1      12    7167    7167                           inf
 116:   0b0.1.1101.00.     0     1      13    8191    8191                           inf
 117:   0b0.1.1101.01.     0     1      13   10239   10239                           inf
 118:   0b0.1.1101.10.     0     1      13   12287   12287                           inf
 119:   0b0.1.1101.11.     0     1      13   14335   14335                           inf
 120:   0b0.1.1110.00.     0     1      14   16383   16383                           inf
 121:   0b0.1.1110.01.     0     1      14   20479   20479                           inf
 122:   0b0.1.1110.10.     0     1      14   24575   24575                           inf
 123:   0b0.1.1110.11.     0     1      14   28671   28671                           inf
 124:   0b0.1.1111.00.     0     1      15   32767   32767                           inf
 125:   0b0.1.1111.01.     0     1      15   40959   40959                           inf
 126:   0b0.1.1111.10.     0     1      15   49151   49151                           inf
 127:   0b0.1.1111.11.     0     1      15   57343   57343                           inf
 128:   0b1.0.0000.00.     1                                                         NaR
 129:   0b1.1.1111.11.     1     1      15   57343   57343                          -inf
 130:   0b1.1.1111.10.     1     1      15   49151   49151                          -inf
 131:   0b1.1.1111.01.     1     1      15   40959   40959                          -inf
 132:   0b1.1.1111.00.     1     1      15   32767   32767                          -inf
 133:   0b1.1.1110.11.     1     1      14   28671   28671                          -inf
 134:   0b1.1.1110.10.     1     1      14   24575   24575                          -inf
 135:   0b1.1.1110.01.     1     1      14   20479   20479                          -inf
 136:   0b1.1.1110.00.     1     1      14   16383   16383                          -inf
 137:   0b1.1.1101.11.     1     1      13   14335   14335                          -inf
 138:   0b1.1.1101.10.     1     1      13   12287   12287                          -inf
 139:   0b1.1.1101.01.     1     1      13   10239   10239                          -inf
 140:   0b1.1.1101.00.     1     1      13    8191    8191                          -inf
 141:   0b1.1.1100.11.     1     1      12    7167    7167                          -inf
 142:   0b1.1.1100.10.     1     1      12    6143    6143                          -inf
 143:   0b1.1.1100.01.     1     1      12    5119    5119                          -inf
 144:   0b1.1.1100.00.     1     1      12    4095    4095                          -inf
 145:   0b1.1.1011.11.     1     1      11    3583    3583                          -inf
 146:   0b1.1.1011.10.     1     1      11    3071    3071                          -inf
 147:   0b1.1.1011.01.     1     1      11    2559    2559                          -inf
 148:   0b1.1.1011.00.     1     1      11    2047    2047                          -inf
 149:   0b1.1.1010.11.     1     1      10    1791    1791                          -inf
 150:   0b1.1.1010.10.     1     1      10    1535    1535                          -inf
 151:   0b1.1.1010.01.     1     1      10    1279    1279                 -5.38668e+277
 152:   0b1.1.1010.00.     1     1      10    1023    1023                 -1.38557e+222
 153:   0b1.1.1001.11.     1     1       9     895     895                 -2.22219e+194
 154:   0b1.1.1001.10.     1     1       9     767     767                 -3.56397e+166
 155:   0b1.1.1001.01.     1     1       9     639     639                 -5.71593e+138
 156:   0b1.1.1001.00.     1     1       9     511     511                 -9.16727e+110
 157:   0b1.1.1000.11.     1     1       8     447     447                  -1.16096e+97
 158:   0b1.1.1000.10.     1     1       8     383     383                  -1.47026e+83
 159:   0b1.1.1000.01.     1     1       8     319     319                  -1.86196e+69
 160:   0b1.1.1000.00.     1     1       8     255     255                  -2.35801e+55
 161:   0b1.1.0111.11.     1     1       7     223     223                   -2.6536e+48
 162:   0b1.1.0111.10.     1     1       7     191     191                  -2.98623e+41
 163:   0b1.1.0111.01.     1     1       7     159     159                  -3.36056e+34
 164:   0b1.1.0111.00.     1     1       7     127     127                  -3.78181e+27
 165:   0b1.1.0110.11.     1     1       6     111     111                  -1.26866e+24
 166:   0b1.1.0110.10.     1     1       6      95      95                  -4.25587e+20
 167:   0b1.1.0110.01.     1     1       6      79      79                  -1.42768e+17
 168:   0b1.1.0110.00.     1     1       6      63      63                  -4.78935e+13
 169:   0b1.1.0101.11.     1     1       5      55      55                  -8.77199e+11
 170:   0b1.1.0101.10.     1     1       5      47      47                  -1.60665e+10
 171:   0b1.1.0101.01.     1     1       5      39      39                  -2.94268e+08
 172:   0b1.1.0101.00.     1     1       5      31      31                   -5.3897e+06
 173:   0b1.1.0100.11.     1     1       4      27      27                       -729416
 174:   0b1.1.0100.10.     1     1       4      23      23                      -98715.8
 175:   0b1.1.0100.01.     1     1       4      19      19                      -13359.7
 176:   0b1.1.0100.00.     1     1       4      15      15                      -1808.04
 177:   0b1.1.0011.11.     1     1       3      13      13                      -665.142
 178:   0b1.1.0011.10.     1     1       3      11      11                      -244.692
 179:   0b1.1.0011.01.     1     1       3       9       9                      -90.0171
 180:   0b1.1.0011.00.     1     1       3       7       7                      -33.1155
 181:   0b1.1.0010.11.     1     1       2       6       6                      -20.0855
 182:   0b1.1.0010.10.     1     1       2       5       5                      -12.1825
 183:   0b1.1.0010.01.     1     1       2       4       4                      -7.38906
 184:   0b1.1.0010.00.     1     1       2       3       3                      -4.48169
 185:   0b1.1.0001.1.1     1     1       1       2     2.5                      -3.49034
 186:   0b1.1.0001.1.0     1     1       1       2       2                      -2.71828
 187:   0b1.1.0001.0.1     1     1       1       1     1.5                        -2.117
 188:   0b1.1.0001.0.0     1     1       1       1       1                      -1.64872
 189:   0b1.1.0000..11     1     1       0       0    0.75                      -1.45499
 190:   0b1.1.0000..10     1     1       0       0     0.5                      -1.28403
 191:   0b1.1.0000..01     1     1       0       0    0.25                      -1.13315
 192:   0b1.1.0000..00     1     1       0       0       0                            -1
 193:   0b1.0.1111..11     1     0      15      -1   -0.25                     -0.882497
 194:   0b1.0.1111..10     1     0      15      -1    -0.5                     -0.778801
 195:   0b1.0.1111..01     1     0      15      -1   -0.75                     -0.687289
 196:   0b1.0.1111..00     1     0      15      -1      -1                     -0.606531
 197:   0b1.0.1110.1.1     1     0      14      -2    -1.5                     -0.472367
 198:   0b1.0.1110.1.0     1     0      14      -2      -2                     -0.367879
 199:   0b1.0.1110.0.1     1     0      14      -3    -2.5                     -0.286505
 200:   0b1.0.1110.0.0     1     0      14      -3      -3                      -0.22313
 201:   0b1.0.1101.11.     1     0      13      -4      -4                     -0.135335
 202:   0b1.0.1101.10.     1     0      13      -5      -5                     -0.082085
 203:   0b1.0.1101.01.     1     0      13      -6      -6                    -0.0497871
 204:   0b1.0.1101.00.     1     0      13      -7      -7                    -0.0301974
 205:   0b1.0.1100.11.     1     0      12      -9      -9                     -0.011109
 206:   0b1.0.1100.10.     1     0      12     -11     -11                   -0.00408677
 207:   0b1.0.1100.01.     1     0      12     -13     -13                   -0.00150344
 208:   0b1.0.1100.00.     1     0      12     -15     -15                  -0.000553084
 209:   0b1.0.1011.11.     1     0      11     -19     -19                  -7.48518e-05
 210:   0b1.0.1011.10.     1     0      11     -23     -23                  -1.01301e-05
 211:   0b1.0.1011.01.     1     0      11     -27     -27                  -1.37096e-06
 212:   0b1.0.1011.00.     1     0      11     -31     -31                  -1.85539e-07
 213:   0b1.0.1010.11.     1     0      10     -39     -39                  -3.39827e-09
 214:   0b1.0.1010.10.     1     0      10     -47     -47                  -6.22414e-11
 215:   0b1.0.1010.01.     1     0      10     -55     -55                  -1.13999e-12
 216:   0b1.0.1010.00.     1     0      10     -63     -63                  -2.08797e-14
 217:   0b1.0.1001.11.     1     0       9     -79     -79                  -7.00435e-18
 218:   0b1.0.1001.10.     1     0       9     -95     -95                   -2.3497e-21
 219:   0b1.0.1001.01.     1     0       9    -111    -111                  -7.88236e-25
 220:   0b1.0.1001.00.     1     0       9    -127    -127                  -2.64424e-28
 221:   0b1.0.1000.11.     1     0       8    -159    -159                   -2.9757e-35
 222:   0b1.0.1000.10.     1     0       8    -191    -191                  -3.34871e-42
 223:   0b1.0.1000.01.     1     0       8    -223    -223                  -3.76847e-49
 224:   0b1.0.1000.00.     1     0       8    -255    -255                  -4.24086e-56
 225:   0b1.0.0111.11.     1     0       7    -319    -319                  -5.37069e-70
 226:   0b1.0.0111.10.     1     0       7    -383    -383                  -6.80153e-84
 227:   0b1.0.0111.01.     1     0       7    -447    -447                  -8.61357e-98
 228:   0b1.0.0111.00.     1     0       7    -511    -511                 -1.09084e-111
 229:   0b1.0.0110.11.     1     0       6    -639    -639                  -1.7495e-139
 230:   0b1.0.0110.10.     1     0       6    -767    -767                 -2.80586e-167
 231:   0b1.0.0110.01.     1     0       6    -895    -895                 -4.50007e-195
 232:   0b1.0.0110.00.     1     0       6   -1023   -1023                 -7.21726e-223
 233:   0b1.0.0101.11.     1     0       5   -1279   -1279                 -1.85643e-278
 234:   0b1.0.0101.10.     1     0       5   -1535   -1535                            -0
 235:   0b1.0.0101.01.     1     0       5   -1791   -1791                            -0
 236:   0b1.0.0101.00.     1     0       5   -2047   -2047                            -0
 237:   0b1.0.0100.11.     1     0       4   -2559   -2559                            -0
 238:   0b1.0.0100.10.     1     0       4   -3071   -3071                            -0
 239:   0b1.0.0100.01.     1     0       4   -3583   -3583                            -0
 240:   0b1.0.0100.00.     1     0       4   -4095   -4095                            -0
 241:   0b1.0.0011.11.     1     0       3   -5119   -5119                            -0
 242:   0b1.0.0011.10.     1     0       3   -6143   -6143                            -0
 243:   0b1.0.0011.01.     1     0       3   -7167   -7167                            -0
 244:   0b1.0.0011.00.     1     0       3   -8191   -8191                            -0
 245:   0b1.0.0010.11.     1     0       2  -10239  -10239                            -0
 246:   0b1.0.0010.10.     1     0       2  -12287  -12287                            -0
 247:   0b1.0.0010.01.     1     0       2  -14335  -14335                            -0
 248:   0b1.0.0010.00.     1     0       2  -16383  -16383                            -0
 249:   0b1.0.0001.11.     1     0       1  -20479  -20479                            -0
 250:   0b1.0.0001.10.     1     0       1  -24575  -24575                            -0
 251:   0b1.0.0001.01.     1     0       1  -28671  -28671                            -0
 252:   0b1.0.0001.00.     1     0       1  -32767  -32767                            -0
 253:   0b1.0.0000.11.     1     0       0  -40959  -40959                            -0
 254:   0b1.0.0000.10.     1     0       0  -49151  -49151                            -0
 255:   0b1.0.0000.01.     1     0       0  -57343  -57343                            -0
